path	status	local_mode	local_type	local_oid	upstream_mode	upstream_type	upstream_oid
.editorconfig	upstream-only				100644	blob	ebc5bf6f67878f63e34040999a816a0d947db6ec
.github/CONTRIBUTING.md	upstream-only				100644	blob	e7a612831d9ce4aa075253f23f0da88f871d1cf1
.github/ISSUE_TEMPLATE/config.yml	upstream-only				100644	blob	42b264dcb4abf4326a9207821eb29172baf6c06d
.github/ISSUE_TEMPLATE/issue--bug-report.md	upstream-only				100644	blob	6a43f11b2457f9942ceb82db5410f96734a3ffce
.github/ISSUE_TEMPLATE/issue--feature-request.md	upstream-only				100644	blob	28f03bcb9caf2a25edc1fe3563cf0d8fd4978833
.github/ISSUE_TEMPLATE/other-issues--blank-template.md	upstream-only				100644	blob	862e6c147062d884a4c445cd065a372db49d306a
.github/PULL_REQUEST_TEMPLATE.md	upstream-only				100644	blob	729405fd8bc2db6dc3e38ca784d9e897ed9c6270
.github/workflows/c-cpp.yml	local-only	100644	blob	dd0fdba1c2cf0d8abd5bf74bd90d730d16e98913			
.gitignore	changed	100644	blob	ce4c59eb8716af1cb7e4744fe71d8f16e11dcc10	100644	blob	f3df016019f655e0df32e2237b1ae916ae033e4f
.gitmodules	changed	100644	blob	121e92dd8814be0a87dc508b4a1f041dc8f0ce94	100644	blob	5e21494cfe1ec263af9bc0fae72995f5320630ac
Dependencies.lua	upstream-only				100644	blob	b267bef6702b13c623c18aba623cb3b05bdbe589
Hazel-ScriptCore/Source/Hazel/Input.cs	upstream-only				100644	blob	984a0cbd11400053558b63019cb1ec70f39004b7
Hazel-ScriptCore/Source/Hazel/InternalCalls.cs	upstream-only				100644	blob	d24de399f577514f65d399939909c911e962157d
Hazel-ScriptCore/Source/Hazel/KeyCode.cs	upstream-only				100644	blob	e4339c3909e3c8949aadb9d7d63fa67a8cde1648
Hazel-ScriptCore/Source/Hazel/Scene/Components.cs	upstream-only				100644	blob	11a51ae5247b3833df37db76c38790b2005214d0
Hazel-ScriptCore/Source/Hazel/Scene/Entity.cs	upstream-only				100644	blob	3c01024e0ef8e3c21028ab6a8820e3539b474ebc
Hazel-ScriptCore/Source/Hazel/Vector2.cs	upstream-only				100644	blob	f12dbfe4e4bda1f7c0a79bdb9f3ffc39e0cf0ae2
Hazel-ScriptCore/Source/Hazel/Vector3.cs	upstream-only				100644	blob	53cf153d93d153e7433c7433d61eb80b18ed5e0a
Hazel-ScriptCore/Source/Hazel/Vector4.cs	upstream-only				100644	blob	ebbdc72d4c37ec2d25f0140fb105358c60c0c321
Hazel-ScriptCore/premake5.lua	upstream-only				100644	blob	c735d9f182d2f270d35aba8897321c5e9eda25ad
Hazel/premake5.lua	upstream-only				100644	blob	c488f520f205419341705b5fc767e9564579c6b4
Hazel/src/Hazel.h	changed	100644	blob	bee0444717feaebe62a1b012da3a0a221fc32c19	100644	blob	7714b8af31018a1874f52c6d26604a8b64b379f5
Hazel/src/Hazel/Core/Application.cpp	changed	100644	blob	44bdf7cdf684fa559f010e18577bc711d6c466f7	100644	blob	8da18234b62b258ed9efb33b2759caced895c734
Hazel/src/Hazel/Core/Application.h	changed	100644	blob	bd35be793f23ec0ba5280ac3461fb5274b55c41d	100644	blob	6374e882892857d1d79c9b33306b1a473b80d08d
Hazel/src/Hazel/Core/Assert.h	upstream-only				100644	blob	e72b1b7bd61484321357ded0102561675a176dd9
Hazel/src/Hazel/Core/Base.h	upstream-only				100644	blob	dac2ccaa33a189062abb21762f7cb19fbb59ab2a
Hazel/src/Hazel/Core/Buffer.h	upstream-only				100644	blob	69155cbc8f3d65888b91e0e554b7c41c1cd0b951
Hazel/src/Hazel/Core/Core.h	local-only	100644	blob	ff36e0ae2aa2948888653a0cc3a8c971ed573b6d			
Hazel/src/Hazel/Core/EntryPoint.h	changed	100644	blob	13e7aa4d0ad189dba7b2179443df3451c373205c	100644	blob	af96c9203956000e282557bdcc6e6a421bbadda2
Hazel/src/Hazel/Core/FileSystem.cpp	upstream-only				100644	blob	826c044c3f7cff66570f8e823db21fec27e1aded
Hazel/src/Hazel/Core/FileSystem.h	upstream-only				100644	blob	ea27c50e247ec589392e370147f4330188cb5fdb
Hazel/src/Hazel/Core/Input.h	changed	100644	blob	2831dd199ad14406d5a39e9cdbabb530264c3c43	100644	blob	89703a7d719d6b26afdfcfc7f13ad18be92f813b
Hazel/src/Hazel/Core/KeyCodes.h	changed	100644	blob	84bfb0a5aa7bf6786e7c9cbef907fb546fe4b78c	100644	blob	eb0e169c93a2d7c0233e31bb7a933ad0f82c12fd
Hazel/src/Hazel/Core/Layer.cpp	changed	100644	blob	3caed4ed409aa319eac168ffc26256ac1bd71b87	100644	blob	99e029e83452868a6d9a1e8b89db67a4a2e629e0
Hazel/src/Hazel/Core/Layer.h	changed	100644	blob	d04dbb5900529758dfa5e68def416f0cb24c4ece	100644	blob	f6a91c8bdad44bd93b6325b95422ff95ce2a727c
Hazel/src/Hazel/Core/LayerStack.cpp	changed	100644	blob	e3e9cb38f72c783452037a2c622b49498de9a058	100644	blob	5cae7d57f27ff12efb043582f270da44bfb0acb5
Hazel/src/Hazel/Core/LayerStack.h	changed	100644	blob	b78e60459c5fbbcbd65f1cfc50ebe49e4b7781a8	100644	blob	bc6c7f23e2636cc509f8393ac04a9ea7bdce1946
Hazel/src/Hazel/Core/Log.cpp	changed	100644	blob	06a23043a4aedb7a8d7d899d6bffb4dd3c35ccf1	100644	blob	5e366dbad497d1b796156f0f823c189833424cb4
Hazel/src/Hazel/Core/Log.h	changed	100644	blob	449a51ef815121c0644ffe7d03f800f6bfb03b00	100644	blob	124ad2f59a4d92f82882391fd20d763bf4ef61fc
Hazel/src/Hazel/Core/MouseButtonCodes.h	local-only	100644	blob	f713f4b6622d47dc8c68e12cc61e75778ca159c1			
Hazel/src/Hazel/Core/MouseCodes.h	upstream-only				100644	blob	e151d038b4ced4a4f79da50653c4377f68905308
Hazel/src/Hazel/Core/PlatformDetection.h	upstream-only				100644	blob	de346e2ea0e102b82a8fbdda4b8b39c72264002c
Hazel/src/Hazel/Core/Timer.h	upstream-only				100644	blob	c2314e8049139c6f598f02dae988443e41a0eec6
Hazel/src/Hazel/Core/Timestep.h	changed	100644	blob	8a246204dda03c605cadcb8eb5c5f4117acd8e88	100644	blob	768a421515c65218880c3abb3c5724e919eb03ad
Hazel/src/Hazel/Core/UUID.cpp	upstream-only				100644	blob	22e047c78857899bfb9e13460ce454c89532c54b
Hazel/src/Hazel/Core/UUID.h	upstream-only				100644	blob	3c8fa04d05ddd1a13ec37020466cb348f06bcd46
Hazel/src/Hazel/Core/Window.cpp	upstream-only				100644	blob	6ea8d6fb77051b8dfc67008c398e34b15a48af14
Hazel/src/Hazel/Core/Window.h	changed	100644	blob	91863b1e6c8f86dc742455fb234f62aeafd28d59	100644	blob	c31e1c52baff49ab858e73f0ad6c43a345d35d44
Hazel/src/Hazel/Debug/Instrumentor.h	changed	100644	blob	fadfb633b2fdb0cde5d5a40ccbfa3a4271edd448	100644	blob	596e811a3b51228f100084a5b477c9fab52dc6b7
Hazel/src/Hazel/Events/ApplicationEvent.h	changed	100644	blob	5e2b3ea78dd0788a4bc319be37f089f697c37589	100644	blob	275675c1e05b95a8db1f1a019e09c56a4dc2011f
Hazel/src/Hazel/Events/Event.h	changed	100644	blob	f0a2c45180ceeac47ea256a376e1c889be5421a6	100644	blob	1344a642b2f52cd4d8f2609ba605cdf730008aac
Hazel/src/Hazel/Events/KeyEvent.h	changed	100644	blob	bd5898c48f51b78ef5f1b82bd027bb4ec4a60782	100644	blob	1e9fbee7096ce22bd2c914700459e89bc446f902
Hazel/src/Hazel/Events/MouseEvent.h	changed	100644	blob	cc76fe10fb3ee1f23668cef7525720710d492722	100644	blob	9819c86e7476f0a916a3191155335f2bac057f7f
Hazel/src/Hazel/ImGui/ImGuiBuild.cpp	upstream-only				100644	blob	7a19749a3e0eb822b5bc9cb1f3fb51cdf75d09d5
Hazel/src/Hazel/ImGui/ImGuiLayer.cpp	changed	100644	blob	ac4ecb57ba165122b90ba118b7883b0a185daee8	100644	blob	894fcc50603eb4f88ff2eb4e705c3bb7bd27e1eb
Hazel/src/Hazel/ImGui/ImGuiLayer.h	changed	100644	blob	1eff90cce2579b992aa7db835155ca68ed50e399	100644	blob	0ee3a7d8b0902602feee77b737db64e94d512a7d
Hazel/src/Hazel/Math/Math.cpp	upstream-only				100644	blob	5f2ec7d5aefbd06c47495b604cd27f349e016879
Hazel/src/Hazel/Math/Math.h	upstream-only				100644	blob	44fe450298673608046587f958fea4f0d9567f13
Hazel/src/Hazel/Physics/Physics2D.h	upstream-only				100644	blob	bd952748509b14885f603349114f0aa38bc2784c
Hazel/src/Hazel/Project/Project.cpp	upstream-only				100644	blob	dd2921b9a7a97a89c145af3d9e724b314458fabb
Hazel/src/Hazel/Project/Project.h	upstream-only				100644	blob	95ca7f3c413ea5cf8d3b69385970d9f38abb1c62
Hazel/src/Hazel/Project/ProjectSerializer.cpp	upstream-only				100644	blob	b4ca2aadd1d4b4a6227db3cb588e2553a97ea71b
Hazel/src/Hazel/Project/ProjectSerializer.h	upstream-only				100644	blob	07a3879159a22717692b6974437e5d3a5053d5b7
Hazel/src/Hazel/Renderer/Buffer.cpp	changed	100644	blob	a31145324355a1ce0e4563ccaa7b1964ffc6d50d	100644	blob	04b8aa7a1da030adadfa4fbd7cddb6b96671a463
Hazel/src/Hazel/Renderer/Buffer.h	changed	100644	blob	ba1ac37029689fa03fd62710d24eb63025e8bbb7	100644	blob	94ffc68d4b8d2d24d6d2015aa1e64ff222a9216b
Hazel/src/Hazel/Renderer/Camera.h	upstream-only				100644	blob	9ab7ac3ca081ac7c2678f8106a2391c11320b960
Hazel/src/Hazel/Renderer/EditorCamera.cpp	upstream-only				100644	blob	419920671536bd45ef6838a82557f069b766cb61
Hazel/src/Hazel/Renderer/EditorCamera.h	upstream-only				100644	blob	dae52dbbc92a71acc96ced7f1f8dc294801dd35e
Hazel/src/Hazel/Renderer/Font.cpp	upstream-only				100644	blob	bc205998e403c91ae16e61a799db24d8aa00a4e4
Hazel/src/Hazel/Renderer/Font.h	upstream-only				100644	blob	0949263c3221924b36c70c23f7a87fde5acc2f5b
Hazel/src/Hazel/Renderer/Framebuffer.cpp	upstream-only				100644	blob	e5952ec15ff8cf413df66ac2a2aa16d970c477f6
Hazel/src/Hazel/Renderer/Framebuffer.h	upstream-only				100644	blob	66e4b431b347de8b811fa27b3ea6cc7c835abba5
Hazel/src/Hazel/Renderer/GraphicsContext.cpp	upstream-only				100644	blob	7dae467c88ca7f86ea1c96c7cc85bc38663f4294
Hazel/src/Hazel/Renderer/GraphicsContext.h	changed	100644	blob	08180d65185a481f51b93b4fa2fa9ab16dc8b17d	100644	blob	56bf13bf2317caf996aa6811782f66dd7fff2ed6
Hazel/src/Hazel/Renderer/MSDFData.h	upstream-only				100644	blob	ada7ff65efdd6ea3397202404832780504688c52
Hazel/src/Hazel/Renderer/OrthographicCamera.cpp	changed	100644	blob	afc110d69de82fae863966c56bcc25ffc2d9b387	100644	blob	356fe6a3cb366a89a4eb623890b072efc73674eb
Hazel/src/Hazel/Renderer/OrthographicCamera.h	changed	100644	blob	e75c13c049ca5aa54bfd888466a044838f9ca2f1	100644	blob	9fc1a8f6eaf6b7b0ac458385455f50af56fdfcc4
Hazel/src/Hazel/Renderer/OrthographicCameraController.cpp	changed	100644	blob	d566d940a7ffd68df46ce3ff43f839e6c51e504e	100644	blob	a18d8a92cc51c6da7ddef089996747b0d46b7ed0
Hazel/src/Hazel/Renderer/OrthographicCameraController.h	changed	100644	blob	51645d2a3a43fabe4bf0fa9d4bcc211fbc38f9ea	100644	blob	42d9b1fccfe92c51813571eb6740872e2e6996db
Hazel/src/Hazel/Renderer/RenderCommand.cpp	changed	100644	blob	59c8ca6fc41297d88f32118984914ff47042e906	100644	blob	5f262f9ab1ba24272dafc51770f53d8828f805d4
Hazel/src/Hazel/Renderer/RenderCommand.h	changed	100644	blob	19cac3c280e8c018dda0f1b0a36eb5e9579efa96	100644	blob	d03d73b317516772e282d8147199af2fa88a411a
Hazel/src/Hazel/Renderer/Renderer.cpp	changed	100644	blob	78309b4f4b466e58e3458191ae456a73dfbc71e1	100644	blob	51ff72612a651b4055d807a23551357932dc8cfb
Hazel/src/Hazel/Renderer/Renderer.h	changed	100644	blob	12bf86567529b070e16ac73fccd046e44fe4332a	100644	blob	b359205b9a6c8302b6d0b4bf7de2805f90b3ff54
Hazel/src/Hazel/Renderer/Renderer2D.cpp	changed	100644	blob	ef30c1558cc2176db3d1b98590270b42b48dbe69	100644	blob	a4907f5d75dc145d05b5047da665e0abda3b2029
Hazel/src/Hazel/Renderer/Renderer2D.h	changed	100644	blob	6711d01f1232a179e27ef40297d67987e3613e15	100644	blob	244bd035ecc23b823af0638ccc3409025e094d08
Hazel/src/Hazel/Renderer/RendererAPI.cpp	changed	100644	blob	bee00ee7a5ed2191bbd4cf2d30527ebe5908f026	100644	blob	d0dea128bb03cc57e2b06108d107b95592af5ef9
Hazel/src/Hazel/Renderer/RendererAPI.h	changed	100644	blob	46ac7d6577225cbf02e41b9ac0ae4c7d17650bcc	100644	blob	56a48aecde715fc9cf72cd79a5cf045579a6b83f
Hazel/src/Hazel/Renderer/Shader.cpp	changed	100644	blob	59bd823b2fc0edbf767f0d66eaaf9fd8b5fe409f	100644	blob	6127b4e9532f6dde12147c59114b0b5735b610e1
Hazel/src/Hazel/Renderer/Shader.h	changed	100644	blob	eb300dc83f243d7a25ab4d1cc85286286579697f	100644	blob	5e93947e2b200f1ad14e427461cbad23de3cdbde
Hazel/src/Hazel/Renderer/Texture.cpp	changed	100644	blob	a4696312c83fb80ef0fad512ba7442383d646dbb	100644	blob	03647f22102f219edcf62b5e183c3fafb4cf752b
Hazel/src/Hazel/Renderer/Texture.h	changed	100644	blob	842fba14de3525b2ac64b54c6aee463d5475038b	100644	blob	fe416cc039eb4af644cf4adf2918f1b884e4dc32
Hazel/src/Hazel/Renderer/UniformBuffer.cpp	upstream-only				100644	blob	e708d4f11fc91907a11cb80dbf9afd0935e0df53
Hazel/src/Hazel/Renderer/UniformBuffer.h	upstream-only				100644	blob	39d131f4e9788ac78749cf92afc259376414f567
Hazel/src/Hazel/Renderer/VertexArray.cpp	changed	100644	blob	a74594968dca5d78be04f0f6345c7b4538a4d04b	100644	blob	417e824fc82d1e40be51c0d29eed1bc201db4053
Hazel/src/Hazel/Renderer/VertexArray.h	changed	100644	blob	98825c54e0882e1612bbd993fbd48c1fe0b1a6b3	100644	blob	30723fee4074cca5861ca91a8099e6ddf0264837
Hazel/src/Hazel/Scene/Components.h	upstream-only				100644	blob	a22f9122b2d7699c0316b6e69c314516edb31398
Hazel/src/Hazel/Scene/Entity.cpp	upstream-only				100644	blob	bbdf2282f2501fc9e0178bb1849a381c17b65b09
Hazel/src/Hazel/Scene/Entity.h	upstream-only				100644	blob	03132e2a8c465f03d1068b900e4ef28333c33947
Hazel/src/Hazel/Scene/Scene.cpp	upstream-only				100644	blob	22781c6f1167948c1270867e48ac9fe2fa8d1b58
Hazel/src/Hazel/Scene/Scene.h	upstream-only				100644	blob	777dea24657ba47ceeb8392fb8e869c6ebbf3125
Hazel/src/Hazel/Scene/SceneCamera.cpp	upstream-only				100644	blob	e7ecda51f2646e537d919cfa9ad5c42ed38acbaa
Hazel/src/Hazel/Scene/SceneCamera.h	upstream-only				100644	blob	1af97df0e055cbe6050f3c481f3c457e0650616f
Hazel/src/Hazel/Scene/SceneSerializer.cpp	upstream-only				100644	blob	37ff5838c7185aba8e9bb1ba07777aba70042cc3
Hazel/src/Hazel/Scene/SceneSerializer.h	upstream-only				100644	blob	1a0a1a5beee1a221f49b3d372e08907cd2fe94de
Hazel/src/Hazel/Scene/ScriptableEntity.h	upstream-only				100644	blob	12c3a1a6d6507dc93adcb0ec056ba4cee18ce047
Hazel/src/Hazel/Scripting/ScriptEngine.cpp	upstream-only				100644	blob	08543138af8524ccd9eaed744aed80106d01064c
Hazel/src/Hazel/Scripting/ScriptEngine.h	upstream-only				100644	blob	ede29327cf701bce0191d9a677df8ba25adc61ff
Hazel/src/Hazel/Scripting/ScriptGlue.cpp	upstream-only				100644	blob	9d3dc31cf072a3705776f9580c33b5488338c9ea
Hazel/src/Hazel/Scripting/ScriptGlue.h	upstream-only				100644	blob	e3f298e94fbba338952b5cae0775c708d1139254
Hazel/src/Hazel/UI/UI.h	upstream-only				100644	blob	3689f15db26a457643834d8d030b5363192d61cc
Hazel/src/Hazel/Utils/PlatformUtils.h	upstream-only				100644	blob	fd630f8dab738152ac5c2171b281259f0b060285
Hazel/src/Platform/Linux/LinuxInput.cpp	local-only	100644	blob	88b6481297b728ee52d3a65bde125167d8bd5330			
Hazel/src/Platform/Linux/LinuxInput.h	local-only	100644	blob	319ab409a574675476426823c2fd26c676d28b45			
Hazel/src/Platform/Linux/LinuxWindow.cpp	local-only	100644	blob	7e0568f99c20e871ac523f5fa0af84530a36d12e			
Hazel/src/Platform/Linux/LinuxWindow.h	local-only	100644	blob	b4c92f88b40f23497789f78b6d4dfcb180eb0786			
Hazel/src/Platform/OpenGL/OpenGLBuffer.cpp	changed	100644	blob	08d706fcef0829206bc7a512548a356046a0c0cf	100644	blob	ffbd011fcd959475fe0b04a5f1e36b08f455622a
Hazel/src/Platform/OpenGL/OpenGLBuffer.h	changed	100644	blob	1ec27e3e0a0ec3d262b9a9d66a5f5eac02f2b106	100644	blob	b664a7660b9cb021f9eed387e55d1d6415b13524
Hazel/src/Platform/OpenGL/OpenGLContext.cpp	changed	100644	blob	571aef8c17f672bdf25fc699f50a4591b0a0eb56	100644	blob	0f0522775b87cad1ee83a1dbf88834fab2f11414
Hazel/src/Platform/OpenGL/OpenGLContext.h	changed	100644	blob	17f7d7d9f6b40a16d7e430516b33e5ef5ac38823	100644	blob	d541abf1c1f392971fbd16e2c88bd6b109c0b499
Hazel/src/Platform/OpenGL/OpenGLFramebuffer.cpp	upstream-only				100644	blob	1638b1b8152faf65951d1ebf083ad8ca9f06c795
Hazel/src/Platform/OpenGL/OpenGLFramebuffer.h	upstream-only				100644	blob	de06895a32990e168042e4341a7baf30cb6b6385
Hazel/src/Platform/OpenGL/OpenGLRendererAPI.cpp	changed	100644	blob	89a17c44d4bf644d7d5fb49a927173de769805d8	100644	blob	341e46534881fa6407f28306d474d741130e7702
Hazel/src/Platform/OpenGL/OpenGLRendererAPI.h	changed	100644	blob	be036394c7180e5f6aa4e1e60785075c46dcb6e5	100644	blob	7e1864ef5b567a9da8b3f999c48ebbc3a24437b1
Hazel/src/Platform/OpenGL/OpenGLShader.cpp	changed	100644	blob	92a782f6e8e9aa7cde1db39a921bffeb18ffa905	100644	blob	7257afc8200e13f9b78c54956f05b79199703cca
Hazel/src/Platform/OpenGL/OpenGLShader.h	changed	100644	blob	e6ff9b2171f4a5f11f36745ffd1fb65a97293c66	100644	blob	3bd0a9dca21e24c3584ee16a6f403183dafb083c
Hazel/src/Platform/OpenGL/OpenGLTexture.cpp	changed	100644	blob	4cde5691f3b42cf2e854e9de10e661c0e64fc0c2	100644	blob	11d7744136c3fd432a7819dba072665476b1c1c5
Hazel/src/Platform/OpenGL/OpenGLTexture.h	changed	100644	blob	6c32f2045d1082d5b21c2e0b9784548773e2a3e6	100644	blob	85bd4907f59bb7975d8231c468d509144978bd7c
Hazel/src/Platform/OpenGL/OpenGLUniformBuffer.cpp	upstream-only				100644	blob	870da78a95cc036724c68584dc085ccaaf426936
Hazel/src/Platform/OpenGL/OpenGLUniformBuffer.h	upstream-only				100644	blob	8e70128fbf87f85e27c70dc1127601af66ff1c1a
Hazel/src/Platform/OpenGL/OpenGLVertexArray.cpp	changed	100644	blob	0611aa8c6c6c7862f09c9b0dc0697e17f306b036	100644	blob	762041dcebe68571bdbfd3036e300b32fc7a9437
Hazel/src/Platform/OpenGL/OpenGLVertexArray.h	changed	100644	blob	291ddcd6387d2dcd66d445d9af87bcfd0da26c60	100644	blob	8b4ec2d9de9902784f61dcb9c42315627a227b0b
Hazel/src/Platform/Windows/WindowsInput.cpp	changed	100644	blob	71bc8a614b50281626e239b8a084f4c5946e7e6d	100644	blob	3d56e0612217e687aef0f8fac160ffab0ac32349
Hazel/src/Platform/Windows/WindowsInput.h	local-only	100644	blob	5715c0280072bedc59d70946b2196fffec7af30b			
Hazel/src/Platform/Windows/WindowsPlatformUtils.cpp	upstream-only				100644	blob	122aa466bbb84ebadce22aee39764d92799a571e
Hazel/src/Platform/Windows/WindowsWindow.cpp	changed	100644	blob	da8fd0367ab14ca514d468fba01b4d035d07a9cf	100644	blob	af4a39dd73cee60a327f48da43d8e6c3e2cf02f0
Hazel/src/Platform/Windows/WindowsWindow.h	changed	100644	blob	0cb6f501367f2811c714724794a68c72b3338bbc	100644	blob	cb1d19cb26a72baf5dc3cd7964d113a1c8bcaed2
Hazel/src/hzpch.cpp	changed	100644	blob	101f19f204dd75c02128055000eae6c9dd94123a	100644	blob	2b30e13a182513f7655c1f4b40805dab6805be17
Hazel/src/hzpch.h	changed	100644	blob	f541361c17ba23d76a25ac656edfa1f7ce25ff5c	100644	blob	2cd7542fe9ebbbcad28504d41e88101139a55664
Hazel/vendor/Box2D	upstream-only				160000	commit	80e17bef53f217fa8b1696718a047e29e9f25def
Hazel/vendor/GLFW	changed	160000	commit	026a148d7dd78d597de380c4e77ca0869f0ceaab	160000	commit	9bed794ab7c1b961aaca259403695bbd3870d3b3
Hazel/vendor/Glad/include/KHR/khrplatform.h	changed	100644	blob	01646449caedc958effc3b450360aefd260671ab	100644	blob	975bbffed6741b75e05d5d2db2d28cc578d4f4fe
Hazel/vendor/Glad/include/glad/glad.h	changed	100644	blob	de72eb95f6ef9dc4b9a8ff19855bd7abecea732a	100644	blob	1f74326e47535305a8a3dc810a689aa438d466a5
Hazel/vendor/Glad/premake5.lua	changed	100644	blob	afb4d107cbe4d318f2f4803632b02f8251c96acf	100644	blob	80ca10ab3a56ca65f3c93bd6c63afffd39a4e0ad
Hazel/vendor/Glad/src/glad.c	changed	100644	blob	0952b19f3958a7e11566a5bfb38d80ba407109f4	100644	blob	f9bae0443f4d27c94aa85669bbd89694627bad5b
Hazel/vendor/ImGuizmo	upstream-only				160000	commit	218d60bde7d22061ac525d0d71e05360b4dcf978
Hazel/vendor/entt/LICENSE.txt	upstream-only				100644	blob	1c5f4808941a92081f03d55ca0eb4eca4a01dffb
Hazel/vendor/entt/include/entt.hpp	upstream-only				100644	blob	2ecceb93cfb8411079aac09abdc552561ab716fb
Hazel/vendor/filewatch/FileWatch.h	upstream-only				100644	blob	0a7b55ff7ba34f17e125c802fafb714be7684a21
Hazel/vendor/glm	changed	160000	commit	8d1fd52e5ab5590e2c81768ace50c72bae28f2ed	160000	commit	7590260cf81f3e49f492e992f60dd88cd3265d14
Hazel/vendor/imgui	changed	160000	commit	e25e4526cd41cd6536194de098540d54244f54e9	160000	commit	3cf61f67de73153e29e0c26f23d80edbaf120a3d
Hazel/vendor/mono/LICENSE	upstream-only				100644	blob	192af3581d817625654200e83a2aedfa186f400a
Hazel/vendor/mono/README.md	upstream-only				100644	blob	74792959e13a84577089b8bd0e20773ed002fe09
Hazel/vendor/mono/include/mono/jit/jit.h	upstream-only				100644	blob	9fc6a183facba7e518a4fae739faffe6ba649ef4
Hazel/vendor/mono/include/mono/metadata/abi-details.h	upstream-only				100644	blob	37566f43301e626a56a8247c3d21c301b3014f96
Hazel/vendor/mono/include/mono/metadata/appdomain-icalls.h	upstream-only				100644	blob	f435007eb4216bd7b3985c48c96c3e58bacfdd9a
Hazel/vendor/mono/include/mono/metadata/appdomain.h	upstream-only				100644	blob	ab260646e9006923402f1e72a7ca89f941d14afb
Hazel/vendor/mono/include/mono/metadata/assembly-internals.h	upstream-only				100644	blob	55a23c9980cf7c176d04e624613887c0925bf087
Hazel/vendor/mono/include/mono/metadata/assembly.h	upstream-only				100644	blob	e9c02ee26f5be96237c3b9865d8c1964d62b9a6b
Hazel/vendor/mono/include/mono/metadata/attach.h	upstream-only				100644	blob	27ab78663b4c70ec4f6dcb5aa8fbe2d957cdc937
Hazel/vendor/mono/include/mono/metadata/attrdefs.h	upstream-only				100644	blob	504c6c65fc6d2e87acbe6842fb89e4cb48875f0a
Hazel/vendor/mono/include/mono/metadata/blob.h	upstream-only				100644	blob	df26858213a598c29cb29813758ab5d6d3369442
Hazel/vendor/mono/include/mono/metadata/callspec.h	upstream-only				100644	blob	34feef21f993cc88a9c36029d9a5a930163f286a
Hazel/vendor/mono/include/mono/metadata/cil-coff.h	upstream-only				100644	blob	d6e966ee83c70acc576c5806cc8e26eb77b663b1
Hazel/vendor/mono/include/mono/metadata/class-abi-details.h	upstream-only				100644	blob	495f00f6e04e0b53806c2327a56a98ebd8992da9
Hazel/vendor/mono/include/mono/metadata/class-getters.h	upstream-only				100644	blob	cf358dd9b133ac916b3b2a56a50786d046af3dc6
Hazel/vendor/mono/include/mono/metadata/class-init.h	upstream-only				100644	blob	3570f7f9aab38df7de7e7ca5c4b057c8eeacaf4e
Hazel/vendor/mono/include/mono/metadata/class-inlines.h	upstream-only				100644	blob	0b7bf0874e324da784272cc3bd3261c8c4ed98a4
Hazel/vendor/mono/include/mono/metadata/class-internals.h	upstream-only				100644	blob	2a029cae37ba3a732ea40adfbe68276b89953670
Hazel/vendor/mono/include/mono/metadata/class-private-definition.h	upstream-only				100644	blob	9191bd0353f00e76bd455e978e1fcdffced1790f
Hazel/vendor/mono/include/mono/metadata/class.h	upstream-only				100644	blob	8966e029b7c6c2e7ae86cabd33bdcc94194ffe4d
Hazel/vendor/mono/include/mono/metadata/cominterop-win32-internals.h	upstream-only				100644	blob	795ee2e5ea40b44cc97747caa9c445107ab148b4
Hazel/vendor/mono/include/mono/metadata/cominterop.h	upstream-only				100644	blob	effe379bd19f8319609b8d89d5cdab72b742b501
Hazel/vendor/mono/include/mono/metadata/console-io.h	upstream-only				100644	blob	e08505d7c375aa460a3b8b24ca2fcdb1c35ea4f8
Hazel/vendor/mono/include/mono/metadata/console-win32-internals.h	upstream-only				100644	blob	0022457bbf561f3ef77af2dafbbd4e521e8a97de
Hazel/vendor/mono/include/mono/metadata/coree-internals.h	upstream-only				100644	blob	38dc3e13086ed34d8f89dc83c3a5824d75146d31
Hazel/vendor/mono/include/mono/metadata/coree.h	upstream-only				100644	blob	7e0ee023ab7effacce656a658402e43d1a20f153
Hazel/vendor/mono/include/mono/metadata/culture-info-tables.h	upstream-only				100644	blob	47879c790f2d9959a43e039d1a02cc518d58214d
Hazel/vendor/mono/include/mono/metadata/culture-info.h	upstream-only				100644	blob	38b17cd6ca24c3bfaae85cfc9ad1e5d6c72e562a
Hazel/vendor/mono/include/mono/metadata/custom-attrs-internals.h	upstream-only				100644	blob	c55ece8a0b9a4ecb6785cad75453bf746fb6b73e
Hazel/vendor/mono/include/mono/metadata/debug-helpers.h	upstream-only				100644	blob	8ecdf8edc589f613fd149c3d55a804794429f8f5
Hazel/vendor/mono/include/mono/metadata/debug-internals.h	upstream-only				100644	blob	7d2b61ea5c161e49b58c98abb14fa13cd99f6c52
Hazel/vendor/mono/include/mono/metadata/debug-mono-ppdb.h	upstream-only				100644	blob	503a6409ff0cb605ffb0458190920e693e5570dc
Hazel/vendor/mono/include/mono/metadata/debug-mono-symfile.h	upstream-only				100644	blob	cebc943d8506c23f7dd67db8f3fe9b4ab91b945d
Hazel/vendor/mono/include/mono/metadata/domain-internals.h	upstream-only				100644	blob	e783a2723758fb09bdb4f44b3e11c29b5fe96984
Hazel/vendor/mono/include/mono/metadata/dynamic-image-internals.h	upstream-only				100644	blob	39a7c0867e5d2f183883ef6038d4ebf920735ae3
Hazel/vendor/mono/include/mono/metadata/dynamic-stream-internals.h	upstream-only				100644	blob	295019f4e2cc782dc4a3c0c9f4694fca0610bdc7
Hazel/vendor/mono/include/mono/metadata/environment.h	upstream-only				100644	blob	1fb5a57b31ecb54c196b7e8ede18eaab577be227
Hazel/vendor/mono/include/mono/metadata/exception-internals.h	upstream-only				100644	blob	7164ffc0797fdd7d4a183e1bbc25cabc8d5407b7
Hazel/vendor/mono/include/mono/metadata/exception.h	upstream-only				100644	blob	721dd493ae04592449221702b04e61b45c303c49
Hazel/vendor/mono/include/mono/metadata/external-only.h	upstream-only				100644	blob	ca4e2ffef8b41c2efda5c14658ffb5a040b0e697
Hazel/vendor/mono/include/mono/metadata/fdhandle.h	upstream-only				100644	blob	e3d7e5b9b98d71925343a3403aa0add47a131b5c
Hazel/vendor/mono/include/mono/metadata/file-mmap.h	upstream-only				100644	blob	a30f5668bebd1b7daba6abc79e7f642b2e8a9a3c
Hazel/vendor/mono/include/mono/metadata/filewatcher.h	upstream-only				100644	blob	3d484b92f61c0a8f0d8efaa062b80d586b179b3c
Hazel/vendor/mono/include/mono/metadata/gc-internals.h	upstream-only				100644	blob	eca830c083c5f58e66a46608e863ae4284eb0304
Hazel/vendor/mono/include/mono/metadata/handle-decl.h	upstream-only				100644	blob	931824cf5f71dad80c0f6bbb714e897f6fdb939c
Hazel/vendor/mono/include/mono/metadata/handle.h	upstream-only				100644	blob	1e6dea997f8c73d9a3e7741049823ea681b41cd3
Hazel/vendor/mono/include/mono/metadata/icall-decl.h	upstream-only				100644	blob	a77fcf38598c5742a866ef013860c279c28508d7
Hazel/vendor/mono/include/mono/metadata/icall-def-netcore.h	upstream-only				100644	blob	99b1a6746df3b57eec09eaf67dd1133a7e51bac8
Hazel/vendor/mono/include/mono/metadata/icall-def.h	upstream-only				100644	blob	0a44729674ba4986ecf9eeaf1ed3afa13409aeff
Hazel/vendor/mono/include/mono/metadata/icall-internals.h	upstream-only				100644	blob	69ecc58ef3d9eaacd9639062646197b8fd466a63
Hazel/vendor/mono/include/mono/metadata/icall-signatures.h	upstream-only				100644	blob	876c427c314fae4b0c54422ae46da25d05058e70
Hazel/vendor/mono/include/mono/metadata/icall-table.h	upstream-only				100644	blob	48587adfd3838b94f2b2efbe7fb9798bd49e5007
Hazel/vendor/mono/include/mono/metadata/icall-windows-internals.h	upstream-only				100644	blob	b187621542279144247c8bb6781ceb062c79faea
Hazel/vendor/mono/include/mono/metadata/icalls.h	upstream-only				100644	blob	4d389a63a5f9c22ca1296b2334cc169de828ec07
Hazel/vendor/mono/include/mono/metadata/image-internals.h	upstream-only				100644	blob	1ec204b335b006277ce2e810e2e33abb66052984
Hazel/vendor/mono/include/mono/metadata/image.h	upstream-only				100644	blob	1d8fd9e0b9c856c7d44a29b33e549b840f22628d
Hazel/vendor/mono/include/mono/metadata/jit-icall-reg.h	upstream-only				100644	blob	74e662c2c468713c8fe4eaf26ee487c0d9415d51
Hazel/vendor/mono/include/mono/metadata/loaded-images-internals.h	upstream-only				100644	blob	7eb2b2833ddd7fdce220158fc6ced51e30ad5049
Hazel/vendor/mono/include/mono/metadata/loader-internals.h	upstream-only				100644	blob	55519c4433194714051fb17ddebccc3e6aaa6005
Hazel/vendor/mono/include/mono/metadata/loader.h	upstream-only				100644	blob	42c89288fcc6ea9c3e24989495fa5bf54d09b53e
Hazel/vendor/mono/include/mono/metadata/locales.h	upstream-only				100644	blob	8746cf9843302e15f2b014ee114e040bf035bb61
Hazel/vendor/mono/include/mono/metadata/lock-tracer.h	upstream-only				100644	blob	f9b0bb3f9aa90f372e7c112c51fc72e3d93dc5a2
Hazel/vendor/mono/include/mono/metadata/marshal-ilgen.h	upstream-only				100644	blob	7092c4500249a3a755735c8b2b8f47602035410a
Hazel/vendor/mono/include/mono/metadata/marshal-internals.h	upstream-only				100644	blob	1eb666ec20f1d7cdee44a957ba9fcce120deb7fa
Hazel/vendor/mono/include/mono/metadata/marshal-windows-internals.h	upstream-only				100644	blob	9d251cdd7b0bb8c4105e87a06224294405f02807
Hazel/vendor/mono/include/mono/metadata/marshal.h	upstream-only				100644	blob	fa6a9cac15ec2ced84fee6c4f26810e260ce2956
Hazel/vendor/mono/include/mono/metadata/mempool-internals.h	upstream-only				100644	blob	c16e83438e4435c502a6048d71feca61e8f341ac
Hazel/vendor/mono/include/mono/metadata/mempool.h	upstream-only				100644	blob	7cbbb944a1ecbea98a8489bb765af4817b076608
Hazel/vendor/mono/include/mono/metadata/metadata-internals.h	upstream-only				100644	blob	9388d69b0fd616db666f3f95f0ceb32564e8b132
Hazel/vendor/mono/include/mono/metadata/metadata.h	upstream-only				100644	blob	f6646d6be2c365ccac76b53ae030faa8fe2ba5d5
Hazel/vendor/mono/include/mono/metadata/method-builder-ilgen-internals.h	upstream-only				100644	blob	642c49030c73c808a147945912c3190f0f58245f
Hazel/vendor/mono/include/mono/metadata/method-builder-ilgen.h	upstream-only				100644	blob	82daf70e91e5ea707823b8e89570a26c11f95757
Hazel/vendor/mono/include/mono/metadata/method-builder-internals.h	upstream-only				100644	blob	c18c81f153534622c325e308a6deaf2b0335a852
Hazel/vendor/mono/include/mono/metadata/method-builder.h	upstream-only				100644	blob	d746fd3806c2928e2db4724250ea6ddba5b5cda3
Hazel/vendor/mono/include/mono/metadata/monitor.h	upstream-only				100644	blob	711fe17240ea45e97202d5f30bc5417dce1f739a
Hazel/vendor/mono/include/mono/metadata/mono-basic-block.h	upstream-only				100644	blob	95876d5e84c9da4a55ec9b105dde24cb2e68a7a6
Hazel/vendor/mono/include/mono/metadata/mono-conc-hash.h	upstream-only				100644	blob	e15629c309bf3692e415e0f94025ceff3e7eb60f
Hazel/vendor/mono/include/mono/metadata/mono-config-dirs.h	upstream-only				100644	blob	d0755f397a7fbe0bdc1104a8cecc5159dae5460d
Hazel/vendor/mono/include/mono/metadata/mono-config-internals.h	upstream-only				100644	blob	ce26f5dd52ca67c16f4b65edac07d8d1c750710b
Hazel/vendor/mono/include/mono/metadata/mono-config.h	upstream-only				100644	blob	91cdccd38e39d1b0a74151ac20df2d4666deed55
Hazel/vendor/mono/include/mono/metadata/mono-debug.h	upstream-only				100644	blob	b9948b6633964c6f801ec23424be397bd2dc3675
Hazel/vendor/mono/include/mono/metadata/mono-endian.h	upstream-only				100644	blob	6fdd09cc7c6b902cb2c2bc2f8f306747bf80c890
Hazel/vendor/mono/include/mono/metadata/mono-gc.h	upstream-only				100644	blob	86111ac345b88fa35ccf4cc750757b958df7a631
Hazel/vendor/mono/include/mono/metadata/mono-hash-internals.h	upstream-only				100644	blob	1ba508b2030fdedc60119d04f2707e34d03f1a4a
Hazel/vendor/mono/include/mono/metadata/mono-hash.h	upstream-only				100644	blob	3082001300472a31089a0eb7472dc4ccc48dd429
Hazel/vendor/mono/include/mono/metadata/mono-mlist.h	upstream-only				100644	blob	4defa3b8668364a9e732f188c42f47ddfe94cbd0
Hazel/vendor/mono/include/mono/metadata/mono-perfcounters-def.h	upstream-only				100644	blob	3a4dbc89110f50d9e12e6100502fa7fa228b25f9
Hazel/vendor/mono/include/mono/metadata/mono-perfcounters.h	upstream-only				100644	blob	eaa47d83441d3db6046c8f8606256e2a20e7401e
Hazel/vendor/mono/include/mono/metadata/mono-ptr-array.h	upstream-only				100644	blob	b0c612258a7e47add3850f03e6a24edcaf93108c
Hazel/vendor/mono/include/mono/metadata/mono-security-windows-internals.h	upstream-only				100644	blob	94df8c73ca9c73c369d09687ad0f9e7281c69f05
Hazel/vendor/mono/include/mono/metadata/normalization-tables.h	upstream-only				100644	blob	ff83729b0f57940e79db8d79a103ee125a87f011
Hazel/vendor/mono/include/mono/metadata/null-gc-handles.h	upstream-only				100644	blob	c57cda40f5872b3eec2c9427c1c5bb16bf00d5b1
Hazel/vendor/mono/include/mono/metadata/number-formatter.h	upstream-only				100644	blob	e1e4eb2d8519d1230b8894a22b825c3cd34f21ae
Hazel/vendor/mono/include/mono/metadata/number-ms.h	upstream-only				100644	blob	461f605da94757be501c565ef98f0c216917703d
Hazel/vendor/mono/include/mono/metadata/object-forward.h	upstream-only				100644	blob	010dc8b0f76e481117e8d7167c0bde1b552c552c
Hazel/vendor/mono/include/mono/metadata/object-internals.h	upstream-only				100644	blob	4e4378302b96c3b8fe0386b8fdaf4e43f07ef6f8
Hazel/vendor/mono/include/mono/metadata/object-offsets.h	upstream-only				100644	blob	d956b47387350d97b1fc720178085d4abb37a359
Hazel/vendor/mono/include/mono/metadata/object.h	upstream-only				100644	blob	da19d3d55903023756c8db542e96c0c6b67fb915
Hazel/vendor/mono/include/mono/metadata/opcodes.h	upstream-only				100644	blob	107755cd89729f4e5e00a6720589973053d98d02
Hazel/vendor/mono/include/mono/metadata/pal-ios.h	upstream-only				100644	blob	e69de29bb2d1d6434b8b29ae775ad8c2e48c5391
Hazel/vendor/mono/include/mono/metadata/profiler-events.h	upstream-only				100644	blob	941348013d41705bd9577e5cb4ff88507c7692ec
Hazel/vendor/mono/include/mono/metadata/profiler-legacy.h	upstream-only				100644	blob	964b198508d99b872b53801bc40d4d3b6addaf2e
Hazel/vendor/mono/include/mono/metadata/profiler-private.h	upstream-only				100644	blob	6fe72490d53a06c927a0ed0c783240e50bfe71f0
Hazel/vendor/mono/include/mono/metadata/profiler.h	upstream-only				100644	blob	bc603978bfd8dfc8834ce19ed58fdd60c5043f99
Hazel/vendor/mono/include/mono/metadata/property-bag.h	upstream-only				100644	blob	b6eef75d382313f95960edaa5bf70c4706efc7ae
Hazel/vendor/mono/include/mono/metadata/rand.h	upstream-only				100644	blob	9a2fa47bdaa1168816453469bcc7b092c3f09442
Hazel/vendor/mono/include/mono/metadata/reflection-cache.h	upstream-only				100644	blob	6a792961c988feecc205322b6f2ef59b32a6d0de
Hazel/vendor/mono/include/mono/metadata/reflection-internals.h	upstream-only				100644	blob	797d1ca383e92b5f9e1fad595404bae37f82f70d
Hazel/vendor/mono/include/mono/metadata/reflection.h	upstream-only				100644	blob	83bcfccd657bf03d35a4a80fe235c9df0abec75f
Hazel/vendor/mono/include/mono/metadata/remoting.h	upstream-only				100644	blob	856b3d4f16485caf36f0ed52f2466fa093a57056
Hazel/vendor/mono/include/mono/metadata/row-indexes.h	upstream-only				100644	blob	d7837d01ba09c951a6de60829fcb63f2e2019634
Hazel/vendor/mono/include/mono/metadata/runtime.h	upstream-only				100644	blob	f76ca9085ab9739ff1bbcf14b4a77cfdc8a9abcc
Hazel/vendor/mono/include/mono/metadata/security-core-clr.h	upstream-only				100644	blob	f3718aff7363b672be454aa0ead4662b38845c3b
Hazel/vendor/mono/include/mono/metadata/security-manager.h	upstream-only				100644	blob	b3b798739bafb52a298e206a7f5f908a19d4730b
Hazel/vendor/mono/include/mono/metadata/security.h	upstream-only				100644	blob	85e16b30d3d83d7d9393440a8b14ef7110b390d8
Hazel/vendor/mono/include/mono/metadata/seq-points-data.h	upstream-only				100644	blob	8d07f442203412e903f3f95d784871c6b3873141
Hazel/vendor/mono/include/mono/metadata/sgen-bridge-internals.h	upstream-only				100644	blob	763c385370a7ca2150c474ca15298219f01e9ff1
Hazel/vendor/mono/include/mono/metadata/sgen-bridge.h	upstream-only				100644	blob	c131f3066914e0c334f3a7bbb7f947f307bd1aca
Hazel/vendor/mono/include/mono/metadata/sgen-client-mono.h	upstream-only				100644	blob	0023ece4b0458f03f97e65cefd952ac91b53bb6c
Hazel/vendor/mono/include/mono/metadata/sgen-dynarray.h	upstream-only				100644	blob	c474dc9eaca3444c84b72ef0176afaf94a201c07
Hazel/vendor/mono/include/mono/metadata/sgen-mono-ilgen.h	upstream-only				100644	blob	f7200d330dbbf637a7850461a757e0fbbca78b6b
Hazel/vendor/mono/include/mono/metadata/sgen-mono.h	upstream-only				100644	blob	9d45fcacbbc3e91ba5355f19ec7b33e29b916cfb
Hazel/vendor/mono/include/mono/metadata/sgen-toggleref.h	upstream-only				100644	blob	a2d5ce2aa7902a885811fc5ecd6a55fa9635dca5
Hazel/vendor/mono/include/mono/metadata/sre-internals.h	upstream-only				100644	blob	cae13155bb4eaf167c7e4c24d9fbf78287e842c5
Hazel/vendor/mono/include/mono/metadata/string-icalls.h	upstream-only				100644	blob	c33346615783b80b6c5019355eb9989f06bba319
Hazel/vendor/mono/include/mono/metadata/tabledefs.h	upstream-only				100644	blob	6cfc4c8ffe75676e046c50332d25a904dbed39e6
Hazel/vendor/mono/include/mono/metadata/threadpool-io.h	upstream-only				100644	blob	7a51863c69f0b8460cf7f9c7b8ba68800a87f201
Hazel/vendor/mono/include/mono/metadata/threadpool-worker.h	upstream-only				100644	blob	0b37d248290e7dd535fe5b7062467c2f6bb31641
Hazel/vendor/mono/include/mono/metadata/threadpool.h	upstream-only				100644	blob	e2ff2b80c437ea4e9b9ef90e1c68544b89c0a6f1
Hazel/vendor/mono/include/mono/metadata/threads-types.h	upstream-only				100644	blob	dc06fb565387afd4ea3c1b3832977ad262d6bdba
Hazel/vendor/mono/include/mono/metadata/threads.h	upstream-only				100644	blob	b1b9103cd387acd078d911828fe1e5d39ffaf958
Hazel/vendor/mono/include/mono/metadata/tokentype.h	upstream-only				100644	blob	a1c58944d7404369baf5dea9daaf75f0fa4e519f
Hazel/vendor/mono/include/mono/metadata/verify-internals.h	upstream-only				100644	blob	3a4976bee31cc4d12f68265d8b6b072e919c0637
Hazel/vendor/mono/include/mono/metadata/verify.h	upstream-only				100644	blob	162ef4434e6829119b29a2b82ed5d11936788dc5
Hazel/vendor/mono/include/mono/metadata/w32error.h	upstream-only				100644	blob	2ca20c8a9ed775350d28ef0af824f944273e63b7
Hazel/vendor/mono/include/mono/metadata/w32event.h	upstream-only				100644	blob	7f6e92e28398bd980ebb7fe2be293e5dfbb05a0e
Hazel/vendor/mono/include/mono/metadata/w32file-internals.h	upstream-only				100644	blob	0f7876c9ddf3ef023e915af0b5128e50ac27c425
Hazel/vendor/mono/include/mono/metadata/w32file-unix-glob.h	upstream-only				100644	blob	e4d940ef189e6a39b0f1dd39c2f6515dc67e1e1c
Hazel/vendor/mono/include/mono/metadata/w32file-win32-internals.h	upstream-only				100644	blob	a60b4fa4ffa7a6a48ec0f26c9ce7fe2dad9d5374
Hazel/vendor/mono/include/mono/metadata/w32file.h	upstream-only				100644	blob	772992593e9a3badc018f19c4b1f0e1f266740ed
Hazel/vendor/mono/include/mono/metadata/w32handle-namespace.h	upstream-only				100644	blob	db79fa5930a9cb89f8f36aff205015eaaabdd3d3
Hazel/vendor/mono/include/mono/metadata/w32handle.h	upstream-only				100644	blob	215606314f385b72a0d798a197eca9caf8b86c0d
Hazel/vendor/mono/include/mono/metadata/w32mutex.h	upstream-only				100644	blob	264a22b7fee9fe22bb183ce5440fb2f0317460c8
Hazel/vendor/mono/include/mono/metadata/w32process-internals.h	upstream-only				100644	blob	96fd55633a50d475f48be68e73fa003aeeb93883
Hazel/vendor/mono/include/mono/metadata/w32process-unix-internals.h	upstream-only				100644	blob	056177dd22a94ae3cf908e7a6f2190a85678c7a3
Hazel/vendor/mono/include/mono/metadata/w32process.h	upstream-only				100644	blob	ecf25dabc91c3e458c38b788d3804027359698f2
Hazel/vendor/mono/include/mono/metadata/w32semaphore.h	upstream-only				100644	blob	adfa228e2c8f929e75d7f29264916222c4358dc8
Hazel/vendor/mono/include/mono/metadata/w32socket-internals.h	upstream-only				100644	blob	6cdb94063b17c34d737aff58a3d0eb3324678d23
Hazel/vendor/mono/include/mono/metadata/w32socket.h	upstream-only				100644	blob	99ede9a063eda7a6aec05ebbb17d3ad25bb348d9
Hazel/vendor/mono/include/mono/metadata/w32subset.h	upstream-only				100644	blob	7cfdcab9e8fe8b34dc6f9f3335c26e020c9ebba4
Hazel/vendor/mono/include/mono/metadata/wrapper-types.h	upstream-only				100644	blob	d54ba80169c1c204ad82430299331e64693888a6
Hazel/vendor/mono/include/mono/utils/mono-counters.h	upstream-only				100644	blob	77175b35f49a8ec9e88ee7572cfe2f1a33c5be2b
Hazel/vendor/mono/include/mono/utils/mono-dl-fallback.h	upstream-only				100644	blob	11ec4f30b8ac070d0fb0efb8b5862fd5ca2f390f
Hazel/vendor/mono/include/mono/utils/mono-error.h	upstream-only				100644	blob	69bfb8a47346f4a9995f8630c00e6f0aaac09b22
Hazel/vendor/mono/include/mono/utils/mono-forward.h	upstream-only				100644	blob	9f270f2bbcc82a7b1e0a3b64bfe2f371a427fc14
Hazel/vendor/mono/include/mono/utils/mono-logger.h	upstream-only				100644	blob	a90e6c54cf365c5aa90b0484019b5e42356281e3
Hazel/vendor/mono/include/mono/utils/mono-publib.h	upstream-only				100644	blob	1209f5c60db45450051a7f905d066822e2dfffae
Hazel/vendor/mono/lib/Debug/libmono-static-sgen.lib	upstream-only				100644	blob	f1b46553ec0707a9f1210f7c33e9781c50116ded
Hazel/vendor/mono/lib/Release/libmono-static-sgen.lib	upstream-only				100644	blob	d30c154bfef076f0d0c887392a5b3bfa15be9fa5
Hazel/vendor/msdf-atlas-gen	upstream-only				160000	commit	b50e101d24b1f6009841ce3a386e1bc9365dc66a
Hazel/vendor/spdlog	changed	160000	commit	57cb5fb7a8ff30079751728234623230535a5c92	160000	commit	1aace95c8d14944358c0374bbda3ce44d759bef7
Hazel/vendor/stb_image/stb_image.cpp	identical	100644	blob	2ccc4ca1bbe926bbaaf8e884604d22542f564c6a	100644	blob	2ccc4ca1bbe926bbaaf8e884604d22542f564c6a
Hazel/vendor/stb_image/stb_image.h	identical	100644	blob	09867c79536373aa5bedac4462c698c0664df6ff	100644	blob	09867c79536373aa5bedac4462c698c0664df6ff
Hazel/vendor/yaml-cpp	upstream-only				160000	commit	25be1f208665b9732ba40aa7b05ec2da97104192
Hazelnut/Resources/Icons/ContentBrowser/DirectoryIcon.png	upstream-only				100644	blob	62cff34a8daa17005d7246cbec2242e68b826be5
Hazelnut/Resources/Icons/ContentBrowser/FileIcon.png	upstream-only				100644	blob	0406dec838ba92d0fe90bcb818ebddfc0dd58d9e
Hazelnut/Resources/Icons/PauseButton.png	upstream-only				100644	blob	1345ae0fe4355f3491a4ad9bfc0773c2ff129314
Hazelnut/Resources/Icons/PlayButton.png	upstream-only				100644	blob	e5d7ef4216eff0252f09e3e0926ef0432a5733f8
Hazelnut/Resources/Icons/SimulateButton.png	upstream-only				100644	blob	93c04e8cae6b95ddc0e2e66dc0dbbe75c15babbf
Hazelnut/Resources/Icons/StepButton.png	upstream-only				100644	blob	59630f85f22fa765b45007d719a66ded7fa6eef2
Hazelnut/Resources/Icons/StopButton.png	upstream-only				100644	blob	ce99b3caeda820dfa808bfd2334f50ba25ee5d57
Hazelnut/SandboxProject/Assets/Scenes/3DExample.hazel	upstream-only				100644	blob	43229a548c8b5bee746d735127eef140c4b96ad8
Hazelnut/SandboxProject/Assets/Scenes/Example.hazel	upstream-only				100644	blob	1b7eec6aa0b8a4ab2016746e5f9bc5ae10136566
Hazelnut/SandboxProject/Assets/Scenes/Physics2D.hazel	upstream-only				100644	blob	0d8671e3a3415c87cf5a14ee173939436db4f279
Hazelnut/SandboxProject/Assets/Scenes/PinkCube.hazel	upstream-only				100644	blob	5d85318550df10ed5f9deabb15388921e34f99c2
Hazelnut/SandboxProject/Assets/Scripts/Source/Camera.cs	upstream-only				100644	blob	3edc948cb572b62a3acd3b1fc3b2406d975e09d8
Hazelnut/SandboxProject/Assets/Scripts/Source/Player.cs	upstream-only				100644	blob	a41f2fcc0879872e5d48cf69475de7c5e9300153
Hazelnut/SandboxProject/Assets/Scripts/Win-GenProjects.bat	upstream-only				100644	blob	70da86503684fa71b5cf265e95c7bb05668659a1
Hazelnut/SandboxProject/Assets/Scripts/premake5.lua	upstream-only				100644	blob	8e8654aa7fdcfafb6bfdbb72d7e6c40a643d3dc5
Hazelnut/SandboxProject/Assets/Textures/Checkerboard.png	upstream-only				100644	blob	a384354d47ac0589dafdb12b4fd591b0a7754690
Hazelnut/SandboxProject/Assets/Textures/ChernoLogo.png	upstream-only				100644	blob	60e1e2a868ef7eb2533ede27e9e54ff84b217aad
Hazelnut/SandboxProject/Sandbox.hproj	upstream-only				100644	blob	363cba96bfd43c82a7209695551d99ac0de7d77c
Hazelnut/assets/fonts/opensans/LICENSE.txt	upstream-only				100644	blob	d645695673349e3947e8e5ae42332d0ac3164cd7
Hazelnut/assets/fonts/opensans/OpenSans-Bold.ttf	upstream-only				100644	blob	efdd5e84a0397ecada7b9cfde51db87db08766bd
Hazelnut/assets/fonts/opensans/OpenSans-BoldItalic.ttf	upstream-only				100644	blob	9bf9b4e97b6576c8cc3d4527073731fd9cc57493
Hazelnut/assets/fonts/opensans/OpenSans-ExtraBold.ttf	upstream-only				100644	blob	67fcf0fb2af0c069495fbc7fe7ab0e442a86e357
Hazelnut/assets/fonts/opensans/OpenSans-ExtraBoldItalic.ttf	upstream-only				100644	blob	086722809c74d5031c2427b31262de14e4a10560
Hazelnut/assets/fonts/opensans/OpenSans-Italic.ttf	upstream-only				100644	blob	117856707b9b867863a9b48b127f756ee25fe109
Hazelnut/assets/fonts/opensans/OpenSans-Light.ttf	upstream-only				100644	blob	6580d3a169e895d914f159c060b947e36746f275
Hazelnut/assets/fonts/opensans/OpenSans-LightItalic.ttf	upstream-only				100644	blob	1e0c3319810ad7a0312e10c3d62da6beea7f1c58
Hazelnut/assets/fonts/opensans/OpenSans-Regular.ttf	upstream-only				100644	blob	29bfd35a2bfdd92b6e8b4ec2970f4d1eebf49357
Hazelnut/assets/fonts/opensans/OpenSans-SemiBold.ttf	upstream-only				100644	blob	54e7059cf36359cb5a3860085714a95306af0dea
Hazelnut/assets/fonts/opensans/OpenSans-SemiBoldItalic.ttf	upstream-only				100644	blob	aebcf1421226d045b8043d26433d780fa365b7de
Hazelnut/assets/shaders/FlatColor.glsl	upstream-only				100644	blob	2d39fc5b68957742bc37ad4f2ca2eb1d81a6e4fd
Hazelnut/assets/shaders/Renderer2D_Circle.glsl	upstream-only				100644	blob	c1f9124d166890c5b553fb8d9a9d59c00d7f5d9f
Hazelnut/assets/shaders/Renderer2D_Line.glsl	upstream-only				100644	blob	be9f3a368c0e95206498649e30011d1263f598e6
Hazelnut/assets/shaders/Renderer2D_Quad.glsl	upstream-only				100644	blob	59e6b66cd9314572bd6835a0d05b5e99157f054d
Hazelnut/assets/shaders/Renderer2D_Text.glsl	upstream-only				100644	blob	ecbd1b9f918e03b354445862fc7ee9674aea23bc
Hazelnut/imgui.ini	upstream-only				100644	blob	a05a877c635e9e91a9bf47815a588d4062614cb4
Hazelnut/mono/lib/mono/4.5/Accessibility.dll	upstream-only				100644	blob	e6bb8780cd1edc5cb3342bd64606d3b8ec0e9b44
Hazelnut/mono/lib/mono/4.5/Commons.Xml.Relaxng.dll	upstream-only				100644	blob	4772357281f6bfdbf71efd762abb6cd6e7a4094d
Hazelnut/mono/lib/mono/4.5/CustomMarshalers.dll	upstream-only				100644	blob	ae85d633c29d89a9bc990aec841c0275a1b6c576
Hazelnut/mono/lib/mono/4.5/Facades/Microsoft.Win32.Primitives.dll	upstream-only				100644	blob	74aaa583c51d84c01d040064c8f2d98c85efad6e
Hazelnut/mono/lib/mono/4.5/Facades/Microsoft.Win32.Registry.AccessControl.dll	upstream-only				100644	blob	9b3afa50c5928d3f7bc0f37a712a5ab88cf14a2b
Hazelnut/mono/lib/mono/4.5/Facades/Microsoft.Win32.Registry.AccessControl.pdb	upstream-only				100644	blob	a079561e7632e4c740c65f3bf59c309f8a9dda4d
Hazelnut/mono/lib/mono/4.5/Facades/Microsoft.Win32.Registry.dll	upstream-only				100644	blob	b9beebea74660098719bb85e19545bf44c860b2d
Hazelnut/mono/lib/mono/4.5/Facades/System.AppContext.dll	upstream-only				100644	blob	3402bb05745976c862d36b2bf85222256c7b508b
Hazelnut/mono/lib/mono/4.5/Facades/System.Collections.Concurrent.dll	upstream-only				100644	blob	bcb9a5e2b0d7db35f38e374cc45b27f12943614a
Hazelnut/mono/lib/mono/4.5/Facades/System.Collections.NonGeneric.dll	upstream-only				100644	blob	9dba86c890c96781a4046b8f185628b7215ceea0
Hazelnut/mono/lib/mono/4.5/Facades/System.Collections.Specialized.dll	upstream-only				100644	blob	d04d6a0a3a871d79532b68c436b023db671e0a54
Hazelnut/mono/lib/mono/4.5/Facades/System.Collections.dll	upstream-only				100644	blob	51a515acd03fcacd7396adeff9bd0b8aa80c2d72
Hazelnut/mono/lib/mono/4.5/Facades/System.ComponentModel.Annotations.dll	upstream-only				100644	blob	d40f0da6e1407648e7c5d30bb4a72efc17887e8f
Hazelnut/mono/lib/mono/4.5/Facades/System.ComponentModel.EventBasedAsync.dll	upstream-only				100644	blob	37252527f8586d7196435493c840280cff61918c
Hazelnut/mono/lib/mono/4.5/Facades/System.ComponentModel.Primitives.dll	upstream-only				100644	blob	9b74a93398c7ee53a515b8244f9b43281f8a83d1
Hazelnut/mono/lib/mono/4.5/Facades/System.ComponentModel.TypeConverter.dll	upstream-only				100644	blob	5f26d926b6b4014614aba3fd474b697f7fa53a52
Hazelnut/mono/lib/mono/4.5/Facades/System.ComponentModel.dll	upstream-only				100644	blob	8f723749a081b433cae1a2758bbda062b93dad85
Hazelnut/mono/lib/mono/4.5/Facades/System.Console.dll	upstream-only				100644	blob	8c0725be1ba3724a814d153db0bea94d28ce121a
Hazelnut/mono/lib/mono/4.5/Facades/System.Data.Common.dll	upstream-only				100644	blob	e43b145d1ec5b73ebc8c3434a01184abf359224d
Hazelnut/mono/lib/mono/4.5/Facades/System.Data.SqlClient.dll	upstream-only				100644	blob	af53159257c99df9c50fa10a8b0a0c2da1d3f900
Hazelnut/mono/lib/mono/4.5/Facades/System.Diagnostics.Contracts.dll	upstream-only				100644	blob	a4e6d6ed59084f52f190728f52f8b4ff50fed225
Hazelnut/mono/lib/mono/4.5/Facades/System.Diagnostics.Debug.dll	upstream-only				100644	blob	dcf1ebc21a8618a13cb7774b0caaa9dbdc6e8718
Hazelnut/mono/lib/mono/4.5/Facades/System.Diagnostics.FileVersionInfo.dll	upstream-only				100644	blob	fe07d9e1680006ae0892eb1fac68a6acbc58aef8
Hazelnut/mono/lib/mono/4.5/Facades/System.Diagnostics.Process.dll	upstream-only				100644	blob	985716f8d3cefc93c80853d2e18567af319c6efd
Hazelnut/mono/lib/mono/4.5/Facades/System.Diagnostics.StackTrace.dll	upstream-only				100644	blob	3b12234386619adf15fb17f215f970c71f6a1dbf
Hazelnut/mono/lib/mono/4.5/Facades/System.Diagnostics.TextWriterTraceListener.dll	upstream-only				100644	blob	cfbcb80b4790d32a8da582b7f4b12fcff2518b32
Hazelnut/mono/lib/mono/4.5/Facades/System.Diagnostics.Tools.dll	upstream-only				100644	blob	afc38bc6a0714a5ae9d6c6c0d349cae81c3207a2
Hazelnut/mono/lib/mono/4.5/Facades/System.Diagnostics.TraceEvent.dll	upstream-only				100644	blob	480a182e0bf39e405371929e278aabef4afb2485
Hazelnut/mono/lib/mono/4.5/Facades/System.Diagnostics.TraceSource.dll	upstream-only				100644	blob	8b8485165901595d7051f105261f31a63a87ad2f
Hazelnut/mono/lib/mono/4.5/Facades/System.Diagnostics.Tracing.dll	upstream-only				100644	blob	20f19651d619749384dacc1efe3b7223de838e43
Hazelnut/mono/lib/mono/4.5/Facades/System.Drawing.Primitives.dll	upstream-only				100644	blob	6359afd8b2de882436948d1edce74e4f848b9555
Hazelnut/mono/lib/mono/4.5/Facades/System.Dynamic.Runtime.dll	upstream-only				100644	blob	c996be5087a248a48604378c3ef6b2ecd8b51ebf
Hazelnut/mono/lib/mono/4.5/Facades/System.Globalization.Calendars.dll	upstream-only				100644	blob	8d36102f34cdbfcb09663ebd29db1c9754ed46e0
Hazelnut/mono/lib/mono/4.5/Facades/System.Globalization.Extensions.dll	upstream-only				100644	blob	aa1938cdaab7b922b7f80cd1a63e02f500728305
Hazelnut/mono/lib/mono/4.5/Facades/System.Globalization.dll	upstream-only				100644	blob	7599003b9a55a1523c4fac5f1c52cc0733c029e9
Hazelnut/mono/lib/mono/4.5/Facades/System.IO.Compression.ZipFile.dll	upstream-only				100644	blob	94a7653df48e493fef802c9b581e2a52439e0931
Hazelnut/mono/lib/mono/4.5/Facades/System.IO.FileSystem.AccessControl.dll	upstream-only				100644	blob	b2f775bf0144d9e7decbe722abd99c3e185a3d35
Hazelnut/mono/lib/mono/4.5/Facades/System.IO.FileSystem.AccessControl.pdb	upstream-only				100644	blob	04beca082c4767ed98dfba12c1f386169c869d24
Hazelnut/mono/lib/mono/4.5/Facades/System.IO.FileSystem.DriveInfo.dll	upstream-only				100644	blob	897f289b8d1040c794b63a5b4b5acb3528855094
Hazelnut/mono/lib/mono/4.5/Facades/System.IO.FileSystem.Primitives.dll	upstream-only				100644	blob	5ad17b2778b373b3386cbed3451fbc61780f1124
Hazelnut/mono/lib/mono/4.5/Facades/System.IO.FileSystem.Watcher.dll	upstream-only				100644	blob	ddc6e90b3e5e1871da31f0e484ba5538247c5417
Hazelnut/mono/lib/mono/4.5/Facades/System.IO.FileSystem.dll	upstream-only				100644	blob	b259fc23b132a6af3fd8b8624c4e08cb878d0747
Hazelnut/mono/lib/mono/4.5/Facades/System.IO.IsolatedStorage.dll	upstream-only				100644	blob	3cc54e8a192bb2a550ffdf15c4f7968cda5c27ca
Hazelnut/mono/lib/mono/4.5/Facades/System.IO.MemoryMappedFiles.dll	upstream-only				100644	blob	49e108a6aad377690b38eb0aa60bff42b293389b
Hazelnut/mono/lib/mono/4.5/Facades/System.IO.Pipes.dll	upstream-only				100644	blob	427a0540912dbc9928a44c6e263f23d4da01f51e
Hazelnut/mono/lib/mono/4.5/Facades/System.IO.UnmanagedMemoryStream.dll	upstream-only				100644	blob	76241a037a6a6f685904b172585b526d8851078c
Hazelnut/mono/lib/mono/4.5/Facades/System.IO.dll	upstream-only				100644	blob	8dcb8962d88773758d9a2ca5ac89576ec5931aa1
Hazelnut/mono/lib/mono/4.5/Facades/System.Linq.Expressions.dll	upstream-only				100644	blob	ff9e76d04f386d6e6ca5482f51cc7832e1cb93bd
Hazelnut/mono/lib/mono/4.5/Facades/System.Linq.Parallel.dll	upstream-only				100644	blob	8828118ab5e0bfc96df781e01aca3bdce71c09be
Hazelnut/mono/lib/mono/4.5/Facades/System.Linq.Queryable.dll	upstream-only				100644	blob	cf1aaba00fe6917cc3091897da97fd12444fce73
Hazelnut/mono/lib/mono/4.5/Facades/System.Linq.dll	upstream-only				100644	blob	16a441477a1904a6a990abaaf0b0e9fcc914dc6e
Hazelnut/mono/lib/mono/4.5/Facades/System.Net.AuthenticationManager.dll	upstream-only				100644	blob	f8266fcee99895ddf4ac74865afbb35aca3b72f5
Hazelnut/mono/lib/mono/4.5/Facades/System.Net.Cache.dll	upstream-only				100644	blob	49d256677366cf5870f682322ae76cf57bafee24
Hazelnut/mono/lib/mono/4.5/Facades/System.Net.Http.Rtc.dll	upstream-only				100644	blob	1845e9d60794c913b9763f489bba09cb8b0b730f
Hazelnut/mono/lib/mono/4.5/Facades/System.Net.HttpListener.dll	upstream-only				100644	blob	0141f2b3659dc00563d1e89bcb677b811a9fb47e
Hazelnut/mono/lib/mono/4.5/Facades/System.Net.Mail.dll	upstream-only				100644	blob	e4732310822537734fea97f21132b1703fd0e9fd
Hazelnut/mono/lib/mono/4.5/Facades/System.Net.NameResolution.dll	upstream-only				100644	blob	14aa7bcf69b7ee2aaebfac66890eb7f2eec5e4d3
Hazelnut/mono/lib/mono/4.5/Facades/System.Net.NetworkInformation.dll	upstream-only				100644	blob	5aefaedf007ac743c290eb910b22c8edda1f81ca
Hazelnut/mono/lib/mono/4.5/Facades/System.Net.Ping.dll	upstream-only				100644	blob	7ec8dd5111b5939632828e4787c6e7eba717c46c
Hazelnut/mono/lib/mono/4.5/Facades/System.Net.Primitives.dll	upstream-only				100644	blob	40a904c06389cd7cb95464b772d6727741db9f2f
Hazelnut/mono/lib/mono/4.5/Facades/System.Net.Requests.dll	upstream-only				100644	blob	95cfc1f20f875631cfaf35fed0277dc34ac7af78
Hazelnut/mono/lib/mono/4.5/Facades/System.Net.Security.dll	upstream-only				100644	blob	f4d4b28dcd566a8bcd2d8f93ad6adce5cfb08b2a
Hazelnut/mono/lib/mono/4.5/Facades/System.Net.ServicePoint.dll	upstream-only				100644	blob	ee8c3223d5cdb4b3e9f5a2edd9a0abd23ef3f486
Hazelnut/mono/lib/mono/4.5/Facades/System.Net.Sockets.dll	upstream-only				100644	blob	142de1bf5c35b00d08c60a8a98bdf0f794f5c87e
Hazelnut/mono/lib/mono/4.5/Facades/System.Net.Utilities.dll	upstream-only				100644	blob	407eb1b57658c5d3145946e21f9a8cfde4f55445
Hazelnut/mono/lib/mono/4.5/Facades/System.Net.WebHeaderCollection.dll	upstream-only				100644	blob	8585f167f92ce460a3a7ab872a853a7c601e0db6
Hazelnut/mono/lib/mono/4.5/Facades/System.Net.WebSockets.Client.dll	upstream-only				100644	blob	18078f6395bc65e0b0ff75320bf511d991b3d465
Hazelnut/mono/lib/mono/4.5/Facades/System.Net.WebSockets.dll	upstream-only				100644	blob	0dcb15ea54191eec08069009928206b8155995a8
Hazelnut/mono/lib/mono/4.5/Facades/System.ObjectModel.dll	upstream-only				100644	blob	b06a0f33b9b2e9f2819681b9d24e25d4ff7a5ea7
Hazelnut/mono/lib/mono/4.5/Facades/System.Reflection.Emit.ILGeneration.dll	upstream-only				100644	blob	4435ea22e38e71cfded0ca425978069587545385
Hazelnut/mono/lib/mono/4.5/Facades/System.Reflection.Emit.Lightweight.dll	upstream-only				100644	blob	d5d7b541162bcc99255b445d488317afed3163c7
Hazelnut/mono/lib/mono/4.5/Facades/System.Reflection.Emit.dll	upstream-only				100644	blob	2fbf443757d8a3e2435be149be25a417934d2c81
Hazelnut/mono/lib/mono/4.5/Facades/System.Reflection.Extensions.dll	upstream-only				100644	blob	d7dc48d27fd3adf3c69ea49937137da285156a80
Hazelnut/mono/lib/mono/4.5/Facades/System.Reflection.Primitives.dll	upstream-only				100644	blob	18970332d8e4161bbcb5770188bc9cd4e717ca77
Hazelnut/mono/lib/mono/4.5/Facades/System.Reflection.TypeExtensions.dll	upstream-only				100644	blob	5de9f6a02e9cb4168395eb2406208503c46b0c3d
Hazelnut/mono/lib/mono/4.5/Facades/System.Reflection.TypeExtensions.pdb	upstream-only				100644	blob	053fd42622026ee000212ec2f4b0d1b40595ab9f
Hazelnut/mono/lib/mono/4.5/Facades/System.Reflection.dll	upstream-only				100644	blob	d1fe4707dd3376392bbb92dbabebc2a4170172b1
Hazelnut/mono/lib/mono/4.5/Facades/System.Resources.Reader.dll	upstream-only				100644	blob	3c55fe04cebaaf0f41e49e4cba209b287a3df008
Hazelnut/mono/lib/mono/4.5/Facades/System.Resources.ReaderWriter.dll	upstream-only				100644	blob	593bdf02eb6c04dd37b87af920372a0bcb518ddc
Hazelnut/mono/lib/mono/4.5/Facades/System.Resources.ResourceManager.dll	upstream-only				100644	blob	40e2095b306bfd0ac251a53895b5ddda7bbb8736
Hazelnut/mono/lib/mono/4.5/Facades/System.Resources.Writer.dll	upstream-only				100644	blob	d4edd9cc496964dbd1ab2b36c44276c09264d37d
Hazelnut/mono/lib/mono/4.5/Facades/System.Runtime.CompilerServices.VisualC.dll	upstream-only				100644	blob	07921d7eaf00df4413c96085d9bc3f33b8625dc7
Hazelnut/mono/lib/mono/4.5/Facades/System.Runtime.Extensions.dll	upstream-only				100644	blob	e746f4aa7fc527c43f57962437e0a01b32510749
Hazelnut/mono/lib/mono/4.5/Facades/System.Runtime.Handles.dll	upstream-only				100644	blob	2f08c90244591dc5831cc7c5954dfd958b6047e9
Hazelnut/mono/lib/mono/4.5/Facades/System.Runtime.InteropServices.RuntimeInformation.dll	upstream-only				100644	blob	e104a9b613e62072dbcf91a366e058ae6d4ab702
Hazelnut/mono/lib/mono/4.5/Facades/System.Runtime.InteropServices.WindowsRuntime.dll	upstream-only				100644	blob	0853d8957688bcd4099d791ee6c2f415a58bb7cc
Hazelnut/mono/lib/mono/4.5/Facades/System.Runtime.InteropServices.dll	upstream-only				100644	blob	3735b02560cac78decb24a1d759be6aad115405e
Hazelnut/mono/lib/mono/4.5/Facades/System.Runtime.Numerics.dll	upstream-only				100644	blob	f123f3558afb12976ec0a097e293af68b485bfdd
Hazelnut/mono/lib/mono/4.5/Facades/System.Runtime.Serialization.Formatters.dll	upstream-only				100644	blob	43be29b0f7d0fd6b734f5cd7cf230e88d243bbdd
Hazelnut/mono/lib/mono/4.5/Facades/System.Runtime.Serialization.Json.dll	upstream-only				100644	blob	072a194037ec49add57f6bae48fd74fb349e1458
Hazelnut/mono/lib/mono/4.5/Facades/System.Runtime.Serialization.Primitives.dll	upstream-only				100644	blob	aa99edb4300641cdf05fe75e3813748c464a411e
Hazelnut/mono/lib/mono/4.5/Facades/System.Runtime.Serialization.Xml.dll	upstream-only				100644	blob	31677a86136d726f3f9595cb9d72df2fd670c46f
Hazelnut/mono/lib/mono/4.5/Facades/System.Runtime.dll	upstream-only				100644	blob	5546504300950c8a76e8300f114ebcd569db6398
Hazelnut/mono/lib/mono/4.5/Facades/System.Security.AccessControl.dll	upstream-only				100644	blob	e9d98c648d46cf6788acf97f05c02fa2eb8010e5
Hazelnut/mono/lib/mono/4.5/Facades/System.Security.Claims.dll	upstream-only				100644	blob	e2afecf1c3ad4fb5f118a7818b4a9d900a55bb98
Hazelnut/mono/lib/mono/4.5/Facades/System.Security.Cryptography.Algorithms.dll	upstream-only				100644	blob	638a4cf34be8d5ed87f1c684811bf7ea8ac05011
Hazelnut/mono/lib/mono/4.5/Facades/System.Security.Cryptography.Csp.dll	upstream-only				100644	blob	85e5165d5e503d4f28b15e4de71b0545ae520eee
Hazelnut/mono/lib/mono/4.5/Facades/System.Security.Cryptography.DeriveBytes.dll	upstream-only				100644	blob	ce4915bf7dcedeb1fe37931d33e2d4e753198afb
Hazelnut/mono/lib/mono/4.5/Facades/System.Security.Cryptography.Encoding.dll	upstream-only				100644	blob	772db7c822ab832aaf1abec2c474c1a055729c06
Hazelnut/mono/lib/mono/4.5/Facades/System.Security.Cryptography.Encryption.Aes.dll	upstream-only				100644	blob	86177f524437bc40b3a62a32520eca29332960e5
Hazelnut/mono/lib/mono/4.5/Facades/System.Security.Cryptography.Encryption.ECDiffieHellman.dll	upstream-only				100644	blob	d47a1006ee807dd04e36d8b598298ba381496076
Hazelnut/mono/lib/mono/4.5/Facades/System.Security.Cryptography.Encryption.ECDsa.dll	upstream-only				100644	blob	6a7f249e32eb6bf0ebe6e48275b9fe9e4933299c
Hazelnut/mono/lib/mono/4.5/Facades/System.Security.Cryptography.Encryption.dll	upstream-only				100644	blob	6b43182291c29d574c29881db1e69c40cd1690fb
Hazelnut/mono/lib/mono/4.5/Facades/System.Security.Cryptography.Hashing.Algorithms.dll	upstream-only				100644	blob	119082a8379bbdb07dbeacd43eca6262a1c8759a
Hazelnut/mono/lib/mono/4.5/Facades/System.Security.Cryptography.Hashing.dll	upstream-only				100644	blob	1930b072fc57b862ef47cdbdbe26ad426972620f
Hazelnut/mono/lib/mono/4.5/Facades/System.Security.Cryptography.Primitives.dll	upstream-only				100644	blob	2a3a180e1b0d125de59c0d4bacab0950326ef091
Hazelnut/mono/lib/mono/4.5/Facades/System.Security.Cryptography.ProtectedData.dll	upstream-only				100644	blob	6eba49b48324e2734c3d7f22e78f1c4e8187893f
Hazelnut/mono/lib/mono/4.5/Facades/System.Security.Cryptography.RSA.dll	upstream-only				100644	blob	debcab3f33bb4e82dbc8d1165841121352785f2f
Hazelnut/mono/lib/mono/4.5/Facades/System.Security.Cryptography.RandomNumberGenerator.dll	upstream-only				100644	blob	2155e75862aa7da16213a83ed427a52744bac534
Hazelnut/mono/lib/mono/4.5/Facades/System.Security.Cryptography.X509Certificates.dll	upstream-only				100644	blob	ad021eca5b8246fe08dffa2e34a4e7f9e10c1753
Hazelnut/mono/lib/mono/4.5/Facades/System.Security.Principal.Windows.dll	upstream-only				100644	blob	11cd569d983ed7f700ec2433c0ee037010aaca17
Hazelnut/mono/lib/mono/4.5/Facades/System.Security.Principal.dll	upstream-only				100644	blob	bbc454004c8d22c0de6cd9f981e8a8345942f278
Hazelnut/mono/lib/mono/4.5/Facades/System.Security.SecureString.dll	upstream-only				100644	blob	bcfb5955acb6577302c5a22fa6e489aa713fbb41
Hazelnut/mono/lib/mono/4.5/Facades/System.ServiceModel.Duplex.dll	upstream-only				100644	blob	dbc0857382b8ff17ece3cae158ed1e0895ae8878
Hazelnut/mono/lib/mono/4.5/Facades/System.ServiceModel.Http.dll	upstream-only				100644	blob	5dc9a7ef7c7d4f21e4fa62e7cceb631a7167402c
Hazelnut/mono/lib/mono/4.5/Facades/System.ServiceModel.NetTcp.dll	upstream-only				100644	blob	149c86bf65b33be3d4e8ddf010cd8087b8a24d1a
Hazelnut/mono/lib/mono/4.5/Facades/System.ServiceModel.Primitives.dll	upstream-only				100644	blob	b33d849e616f6e0e6265b750297a093311453af5
Hazelnut/mono/lib/mono/4.5/Facades/System.ServiceModel.Security.dll	upstream-only				100644	blob	eab1f52e73e7f8bd8e6f2d02987d4ee3fc26c2c3
Hazelnut/mono/lib/mono/4.5/Facades/System.ServiceProcess.ServiceController.dll	upstream-only				100644	blob	0721d8f559bd56e1974b4cfb50557af411ba57cb
Hazelnut/mono/lib/mono/4.5/Facades/System.ServiceProcess.ServiceController.pdb	upstream-only				100644	blob	a459243d4c0fc5091dce15a9e44e120443387ce6
Hazelnut/mono/lib/mono/4.5/Facades/System.Text.Encoding.CodePages.dll	upstream-only				100644	blob	e27e3a07a8424d913129c6768b023c810643090e
Hazelnut/mono/lib/mono/4.5/Facades/System.Text.Encoding.CodePages.pdb	upstream-only				100644	blob	09117fe63fe116908f1edf729816c3c2628880c5
Hazelnut/mono/lib/mono/4.5/Facades/System.Text.Encoding.Extensions.dll	upstream-only				100644	blob	0d9db9de7d723392946221d185cf75e915eef716
Hazelnut/mono/lib/mono/4.5/Facades/System.Text.Encoding.dll	upstream-only				100644	blob	5bdf543a54016f688a6a01c728c85c924a301430
Hazelnut/mono/lib/mono/4.5/Facades/System.Text.RegularExpressions.dll	upstream-only				100644	blob	ce932717b98c6521f67e06f2126e13b2954a71a7
Hazelnut/mono/lib/mono/4.5/Facades/System.Threading.AccessControl.dll	upstream-only				100644	blob	9711c294ad9b228d954091441c5e319382e5fba4
Hazelnut/mono/lib/mono/4.5/Facades/System.Threading.AccessControl.pdb	upstream-only				100644	blob	d819a04428d7d0ea2b77a1eef52abbb14d6a19da
Hazelnut/mono/lib/mono/4.5/Facades/System.Threading.Overlapped.dll	upstream-only				100644	blob	9adbb2f0f4c9f80bab6e1a3bb5b7c00571d0c890
Hazelnut/mono/lib/mono/4.5/Facades/System.Threading.Tasks.Parallel.dll	upstream-only				100644	blob	86fc1e23594889a6691e582f848f4a6106402d2d
Hazelnut/mono/lib/mono/4.5/Facades/System.Threading.Tasks.dll	upstream-only				100644	blob	ca68dd428e3996da1ae48a8b4c236b324de85601
Hazelnut/mono/lib/mono/4.5/Facades/System.Threading.Thread.dll	upstream-only				100644	blob	9fd6fb07b8857ce49cea0225cc92b80cd0ebf4c6
Hazelnut/mono/lib/mono/4.5/Facades/System.Threading.ThreadPool.dll	upstream-only				100644	blob	f5775413690084b359c181f80d7ba3867fade165
Hazelnut/mono/lib/mono/4.5/Facades/System.Threading.Timer.dll	upstream-only				100644	blob	ccbe1de1d32b5e83cde966909376feadf2b45b7c
Hazelnut/mono/lib/mono/4.5/Facades/System.Threading.dll	upstream-only				100644	blob	c7823d3b161a8632fc3971fe312a4109895e2f46
Hazelnut/mono/lib/mono/4.5/Facades/System.ValueTuple.dll	upstream-only				100644	blob	02f997d8727ad2217e5e8065b38ac0d7bb8ed7ae
Hazelnut/mono/lib/mono/4.5/Facades/System.Xml.ReaderWriter.dll	upstream-only				100644	blob	1812acf9f6fced67939adb5b042c00a316cdd25c
Hazelnut/mono/lib/mono/4.5/Facades/System.Xml.XDocument.dll	upstream-only				100644	blob	fde2b25fb684695075c818100f18010593b246ab
Hazelnut/mono/lib/mono/4.5/Facades/System.Xml.XPath.XDocument.dll	upstream-only				100644	blob	e1269c36e68ce65fefeea963eb8ac2eb51b4dabb
Hazelnut/mono/lib/mono/4.5/Facades/System.Xml.XPath.dll	upstream-only				100644	blob	e1d74b413c3677538c5b39d22d03ab14e70efe0e
Hazelnut/mono/lib/mono/4.5/Facades/System.Xml.XmlDocument.dll	upstream-only				100644	blob	e79fc8ea6d4c28a3096ec2cb14db5af5f6057f92
Hazelnut/mono/lib/mono/4.5/Facades/System.Xml.XmlSerializer.dll	upstream-only				100644	blob	3f3b6381712f94e7d6c4bf0e972709ea2d276b5a
Hazelnut/mono/lib/mono/4.5/Facades/System.Xml.Xsl.Primitives.dll	upstream-only				100644	blob	40404644bc716f6d0abfe5c004e61d560539be44
Hazelnut/mono/lib/mono/4.5/Facades/netstandard.dll	upstream-only				100644	blob	13df695f21dbeb727558412d3ee617920eb2a341
Hazelnut/mono/lib/mono/4.5/I18N.CJK.dll	upstream-only				100644	blob	17217bc0885868f400d74ea93b4afb97d65b03ac
Hazelnut/mono/lib/mono/4.5/I18N.MidEast.dll	upstream-only				100644	blob	d7bd4f884f360846ad2e4e4ccb95c2c04cc81577
Hazelnut/mono/lib/mono/4.5/I18N.Other.dll	upstream-only				100644	blob	0592a3e44cd0e0181bde9832ad4d99e1bcf53d26
Hazelnut/mono/lib/mono/4.5/I18N.Rare.dll	upstream-only				100644	blob	5636e3a7f1f2540e4e148762fa5d05914bbe12ee
Hazelnut/mono/lib/mono/4.5/I18N.West.dll	upstream-only				100644	blob	6317cf0e71f9f955b50f6311ad22b78ec3cd9186
Hazelnut/mono/lib/mono/4.5/I18N.dll	upstream-only				100644	blob	1a886169840efa122dec599776b79d3c9f913b49
Hazelnut/mono/lib/mono/4.5/IBM.Data.DB2.dll	upstream-only				100644	blob	e604fbfa8cc16061736a89eb0825519766fabd84
Hazelnut/mono/lib/mono/4.5/ICSharpCode.SharpZipLib.dll	upstream-only				100644	blob	1eb313f8b253933464a843d7f8455308ac6cf6aa
Hazelnut/mono/lib/mono/4.5/MSBuild/Microsoft.Build.CommonTypes.xsd	upstream-only				100644	blob	148f6bf4f3546244e36d8ecd4e69cb804a24a229
Hazelnut/mono/lib/mono/4.5/MSBuild/Microsoft.Build.Core.xsd	upstream-only				100644	blob	c8f2aacb1be3cf2e72cba74a97d68287ea258701
Hazelnut/mono/lib/mono/4.5/Microsoft.Build.Engine.dll	upstream-only				100644	blob	6f414c2fe7a3503048840e7397d4307491d0de70
Hazelnut/mono/lib/mono/4.5/Microsoft.Build.Framework.dll	upstream-only				100644	blob	c5b69c6e47175dac62a1ea0fc7518b4309010883
Hazelnut/mono/lib/mono/4.5/Microsoft.Build.Tasks.v4.0.dll	upstream-only				100644	blob	325baf7430ecb094a8c930d0a64bc211ef3e53b9
Hazelnut/mono/lib/mono/4.5/Microsoft.Build.Utilities.v4.0.dll	upstream-only				100644	blob	8f9686716f9502d0c199f524048895de7fffd110
Hazelnut/mono/lib/mono/4.5/Microsoft.Build.dll	upstream-only				100644	blob	ba294b90c2f0daedb91490d585d0e2afe56305d7
Hazelnut/mono/lib/mono/4.5/Microsoft.Build.xsd	upstream-only				100644	blob	e88f00f0f5d3e599688732e9649c336f6bf3087c
Hazelnut/mono/lib/mono/4.5/Microsoft.CSharp.dll	upstream-only				100644	blob	f0ee86e42b6b7e8ec10d7e2ff81547b83cc0c540
Hazelnut/mono/lib/mono/4.5/Microsoft.CSharp.targets	upstream-only				100644	blob	2cd20a10c0bd3c5f8590ceee644213579404d36b
Hazelnut/mono/lib/mono/4.5/Microsoft.CodeAnalysis.CSharp.Scripting.dll	upstream-only				100644	blob	049e18ad6d2a1e76a777cf208a0eab6388840b2c
Hazelnut/mono/lib/mono/4.5/Microsoft.CodeAnalysis.CSharp.dll	upstream-only				100644	blob	9f4c8fa2277f0162e621aafbbfb60ff0945b3833
Hazelnut/mono/lib/mono/4.5/Microsoft.CodeAnalysis.Scripting.dll	upstream-only				100644	blob	3e1ad922d33c382401f523d28d1639f1d36ff336
Hazelnut/mono/lib/mono/4.5/Microsoft.CodeAnalysis.VisualBasic.dll	upstream-only				100644	blob	1a79d541f32400a968f2da88f64bcca91a348fdc
Hazelnut/mono/lib/mono/4.5/Microsoft.CodeAnalysis.dll	upstream-only				100644	blob	ae1da332a05263b6995249ce50640969f50bb5e2
Hazelnut/mono/lib/mono/4.5/Microsoft.Common.targets	upstream-only				100644	blob	ff82f8195fe89bb67b6a224cb89bea9ae8bd9112
Hazelnut/mono/lib/mono/4.5/Microsoft.Common.tasks	upstream-only				100644	blob	caf108e39ced7cc76263a253d1d79c1d31f0999a
Hazelnut/mono/lib/mono/4.5/Microsoft.VisualBasic.dll	upstream-only				100644	blob	39e6b97d62764f9158e2c5eee64be55590107e14
Hazelnut/mono/lib/mono/4.5/Microsoft.VisualBasic.targets	upstream-only				100644	blob	cf35f82519790874f31eae46c1a94ac19d4e9096
Hazelnut/mono/lib/mono/4.5/Microsoft.VisualC.dll	upstream-only				100644	blob	0d95284625e8ba36dedc492e8c9b246fcd46a6df
Hazelnut/mono/lib/mono/4.5/Microsoft.Web.Infrastructure.dll	upstream-only				100644	blob	49e7f2eaf0513068a69244eee97becf8e1e79881
Hazelnut/mono/lib/mono/4.5/Mono.Btls.Interface.dll	upstream-only				100644	blob	882191fc6b87eb4f5df62481e34c2d9a3471c940
Hazelnut/mono/lib/mono/4.5/Mono.CSharp.dll	upstream-only				100644	blob	6bf8089cc113a5ca81afd3e5496c79329ee55c34
Hazelnut/mono/lib/mono/4.5/Mono.Cairo.dll	upstream-only				100644	blob	7563f00f0cb310adaa17b10f5e71e9c26b2d05e6
Hazelnut/mono/lib/mono/4.5/Mono.Cecil.VB.Mdb.dll	upstream-only				100644	blob	34d78ba1dc1f41f25aac2111602d247d07772777
Hazelnut/mono/lib/mono/4.5/Mono.Cecil.VB.Pdb.dll	upstream-only				100644	blob	1d9b6869205fe4c497064e0ac764e264dd57cb03
Hazelnut/mono/lib/mono/4.5/Mono.Cecil.VB.dll	upstream-only				100644	blob	0011e84ca42909403b84c798c48a3b8b8f4d9ffa
Hazelnut/mono/lib/mono/4.5/Mono.CodeContracts.dll	upstream-only				100644	blob	74ae8d2463a62c6662226cb122e272628507b306
Hazelnut/mono/lib/mono/4.5/Mono.CompilerServices.SymbolWriter.dll	upstream-only				100644	blob	1598119e9c928b092a070a4b738697734bf0b8e9
Hazelnut/mono/lib/mono/4.5/Mono.Data.Sqlite.dll	upstream-only				100644	blob	13e56da91a89a1a79df2e3524f3c87f5c01ef447
Hazelnut/mono/lib/mono/4.5/Mono.Data.Tds.dll	upstream-only				100644	blob	498bd4d08594a8c0d5f412320b08b9a0dbe99915
Hazelnut/mono/lib/mono/4.5/Mono.Debugger.Soft.dll	upstream-only				100644	blob	3eac88fd2aa7cb4362fc8a45b9f0be1df49d7880
Hazelnut/mono/lib/mono/4.5/Mono.Http.dll	upstream-only				100644	blob	8a8ecf50c9a68620b7ce2065644eef79117aae30
Hazelnut/mono/lib/mono/4.5/Mono.Management.dll	upstream-only				100644	blob	c3aa7ca22530358fc4e17d924a1699eacf78ac17
Hazelnut/mono/lib/mono/4.5/Mono.Messaging.RabbitMQ.dll	upstream-only				100644	blob	442661e771fcd378830bec752af3ffa3de91de03
Hazelnut/mono/lib/mono/4.5/Mono.Messaging.dll	upstream-only				100644	blob	e080ae37c9bc17537b166ae94e006eedcfbf18d2
Hazelnut/mono/lib/mono/4.5/Mono.Parallel.dll	upstream-only				100644	blob	586f70f7cc6f2ab8235d33fc27ba27b55b1975ba
Hazelnut/mono/lib/mono/4.5/Mono.Posix.dll	upstream-only				100644	blob	47bc181bbeb053f489d62bd7e383b319558b0ca3
Hazelnut/mono/lib/mono/4.5/Mono.Profiler.Log.dll	upstream-only				100644	blob	23685d247b95d59792bc9a8c4d2a96d413d57a79
Hazelnut/mono/lib/mono/4.5/Mono.Security.Win32.dll	upstream-only				100644	blob	f1844a34320d00c771f2e2ae985b80e98c07de2e
Hazelnut/mono/lib/mono/4.5/Mono.Security.dll	upstream-only				100644	blob	0160468d068e80eaded1cc7df3d557dcdbeb8964
Hazelnut/mono/lib/mono/4.5/Mono.Simd.dll	upstream-only				100644	blob	7ae04caea49ec4ad5a1da7bb14fb927eef728f76
Hazelnut/mono/lib/mono/4.5/Mono.Tasklets.dll	upstream-only				100644	blob	f62c2861b01e7da836dc84ac7b56186f83ecbbad
Hazelnut/mono/lib/mono/4.5/Mono.WebBrowser.dll	upstream-only				100644	blob	e6b6d1526ba91f1c8b070933547337c3b69f8806
Hazelnut/mono/lib/mono/4.5/Mono.WebServer2.dll	upstream-only				100644	blob	6a00e14759b0903f044f42c8142a1ad015bafbf9
Hazelnut/mono/lib/mono/4.5/Mono.XBuild.Tasks.dll	upstream-only				100644	blob	f867ddd7b0a072ac7813a34de7ec3530283d1465
Hazelnut/mono/lib/mono/4.5/Novell.Directory.Ldap.dll	upstream-only				100644	blob	b927bd7b90b607c39ed33566860d44c119120639
Hazelnut/mono/lib/mono/4.5/PEAPI.dll	upstream-only				100644	blob	60dd8cbe3d4d54ca008b997c21a1078dfe203934
Hazelnut/mono/lib/mono/4.5/RabbitMQ.Client.Apigen.exe	upstream-only				100644	blob	150a3d179e1ec547cba7f28f91715a17bd464eb8
Hazelnut/mono/lib/mono/4.5/RabbitMQ.Client.Apigen.pdb	upstream-only				100644	blob	e4230c98d438a6a393e7da11257a70f3c32909f4
Hazelnut/mono/lib/mono/4.5/RabbitMQ.Client.dll	upstream-only				100644	blob	5eb218e276686c04ae2f7ae0f2bc36313ff268cf
Hazelnut/mono/lib/mono/4.5/SMDiagnostics.dll	upstream-only				100644	blob	7a70efe08c3e34229e2a63f74df8734b6a612618
Hazelnut/mono/lib/mono/4.5/System.Collections.Immutable.dll	upstream-only				100644	blob	f5513ca022b055ff18d50faf6fbd98ea552f4b67
Hazelnut/mono/lib/mono/4.5/System.ComponentModel.Composition.dll	upstream-only				100644	blob	adae863cb35dc12cbb3cfd5a027d3c0be1c0fdae
Hazelnut/mono/lib/mono/4.5/System.ComponentModel.DataAnnotations.dll	upstream-only				100644	blob	0a20e958898c4ebe2e7d83a170e8e0db97422a5c
Hazelnut/mono/lib/mono/4.5/System.Configuration.Install.dll	upstream-only				100644	blob	c593138deb3cf7ddef6efbd72059a1354273e5b2
Hazelnut/mono/lib/mono/4.5/System.Configuration.dll	upstream-only				100644	blob	bae8656a054692689ca2a79e2a5eb70e367b86f2
Hazelnut/mono/lib/mono/4.5/System.Core.dll	upstream-only				100644	blob	80e682f22a9cdb276a23d6c414f6d5764828c089
Hazelnut/mono/lib/mono/4.5/System.Data.DataSetExtensions.dll	upstream-only				100644	blob	31f13dea3ed9784a3aad07140f0bcef3b013e98d
Hazelnut/mono/lib/mono/4.5/System.Data.Entity.dll	upstream-only				100644	blob	d92a94d37f497ecaccf2989e3c26b09038b77354
Hazelnut/mono/lib/mono/4.5/System.Data.Linq.dll	upstream-only				100644	blob	bfe357bcd14b5a72b8b0928dc0dda68404c42463
Hazelnut/mono/lib/mono/4.5/System.Data.OracleClient.dll	upstream-only				100644	blob	61f225214568cf523d381667e81e5ea5bd710684
Hazelnut/mono/lib/mono/4.5/System.Data.Services.Client.dll	upstream-only				100644	blob	1ff11fa45ab33f3dd29d9f801298d69b5412e87e
Hazelnut/mono/lib/mono/4.5/System.Data.Services.dll	upstream-only				100644	blob	31c004cd47da774dfac714c2636b127a18f5f5dd
Hazelnut/mono/lib/mono/4.5/System.Data.dll	upstream-only				100644	blob	cc30c428da132a84e3a1d4f7dcb986e34396fc50
Hazelnut/mono/lib/mono/4.5/System.Deployment.dll	upstream-only				100644	blob	5cf06534a01a8dab9be12cace9b4f92766759790
Hazelnut/mono/lib/mono/4.5/System.Design.dll	upstream-only				100644	blob	102ca27f155b6b31f82bb8add3e3a2648be1e76c
Hazelnut/mono/lib/mono/4.5/System.DirectoryServices.Protocols.dll	upstream-only				100644	blob	ec8b61608c282a4092a13a69e0fec54c041c3526
Hazelnut/mono/lib/mono/4.5/System.DirectoryServices.dll	upstream-only				100644	blob	a7352fb4d85c5e2dc7c0aea91d9ba1a14d6e9787
Hazelnut/mono/lib/mono/4.5/System.Drawing.Design.dll	upstream-only				100644	blob	cb8584866de34d995cf5954fa742bc73c8d70749
Hazelnut/mono/lib/mono/4.5/System.Drawing.dll	upstream-only				100644	blob	123feacf796daa96819f47c413645e8634a6bb53
Hazelnut/mono/lib/mono/4.5/System.Dynamic.dll	upstream-only				100644	blob	b1cd4784185728c20805978c073b76c1f2b8533c
Hazelnut/mono/lib/mono/4.5/System.EnterpriseServices.dll	upstream-only				100644	blob	444948ba17a2d71c2b1f4f75bc5831614be8da3d
Hazelnut/mono/lib/mono/4.5/System.IO.Compression.FileSystem.dll	upstream-only				100644	blob	cecc490c543fb1e071a5186b823c291bc46b454b
Hazelnut/mono/lib/mono/4.5/System.IO.Compression.dll	upstream-only				100644	blob	5ccc6247e3fc6a8771e68f36ad76525bbbda15f7
Hazelnut/mono/lib/mono/4.5/System.IdentityModel.Selectors.dll	upstream-only				100644	blob	db98108c555f39207992b538f9471eedbebfe548
Hazelnut/mono/lib/mono/4.5/System.IdentityModel.dll	upstream-only				100644	blob	752434c0b160f92c105090b00550211ddd29e196
Hazelnut/mono/lib/mono/4.5/System.Json.Microsoft.dll	upstream-only				100644	blob	1b4f1a2c21e6efe4d8ee04c65f5dd5c54108ab6d
Hazelnut/mono/lib/mono/4.5/System.Json.dll	upstream-only				100644	blob	632a07146ec6a07910dad198d1d78bcb7bab47a1
Hazelnut/mono/lib/mono/4.5/System.Management.dll	upstream-only				100644	blob	487d18aca2642132e41c6512949f583665e5a2df
Hazelnut/mono/lib/mono/4.5/System.Memory.dll	upstream-only				100644	blob	5d1947056f1c1dd2d48561cf721f615bb8dc0d63
Hazelnut/mono/lib/mono/4.5/System.Messaging.dll	upstream-only				100644	blob	506e4e3fd2acc82eb15c3f0f4ff6ee8adee5b717
Hazelnut/mono/lib/mono/4.5/System.Net.Http.Formatting.dll	upstream-only				100644	blob	5e0f8b9dd048c846fe78af5903eb1546e8953fdf
Hazelnut/mono/lib/mono/4.5/System.Net.Http.WebRequest.dll	upstream-only				100644	blob	8222196bb85aa136133f9bd37940e09204fb35b3
Hazelnut/mono/lib/mono/4.5/System.Net.Http.dll	upstream-only				100644	blob	e584456838d199301c434886b4b2d2362ad8175f
Hazelnut/mono/lib/mono/4.5/System.Net.dll	upstream-only				100644	blob	dc930953fd7ef7047fab0da5c2dff196c901d5ae
Hazelnut/mono/lib/mono/4.5/System.Numerics.Vectors.dll	upstream-only				100644	blob	95bbd37b60d96ddb4d15594169819f4056265b0d
Hazelnut/mono/lib/mono/4.5/System.Numerics.dll	upstream-only				100644	blob	f3b88cad5d05b89ba5cc14ee75a04c9b2766ac54
Hazelnut/mono/lib/mono/4.5/System.Reactive.Core.dll	upstream-only				100644	blob	28956e188924457fd4c03c528e71def094bcaafb
Hazelnut/mono/lib/mono/4.5/System.Reactive.Debugger.dll	upstream-only				100644	blob	570170cdbec79cdc34e48c5653087542a984777d
Hazelnut/mono/lib/mono/4.5/System.Reactive.Experimental.dll	upstream-only				100644	blob	d667a28ef7faeefcf492a7abb56e8ff1df51a410
Hazelnut/mono/lib/mono/4.5/System.Reactive.Interfaces.dll	upstream-only				100644	blob	1b581cfbb23ba6f770668283926c96d1f7998ed2
Hazelnut/mono/lib/mono/4.5/System.Reactive.Linq.dll	upstream-only				100644	blob	e576fb798a242d2f74da89af1db33c59bea83ca7
Hazelnut/mono/lib/mono/4.5/System.Reactive.Observable.Aliases.dll	upstream-only				100644	blob	ae9a47c8f8d4c406eebdc1d49c8de3f211f24f81
Hazelnut/mono/lib/mono/4.5/System.Reactive.PlatformServices.dll	upstream-only				100644	blob	b84a939337e26f742053aec71eee570507147a1b
Hazelnut/mono/lib/mono/4.5/System.Reactive.Providers.dll	upstream-only				100644	blob	a96fdb71c445401fa511aaf7368c9796498c63d0
Hazelnut/mono/lib/mono/4.5/System.Reactive.Runtime.Remoting.dll	upstream-only				100644	blob	debe79ac2a9871df45961d0f6e19af245c4c895e
Hazelnut/mono/lib/mono/4.5/System.Reactive.Windows.Forms.dll	upstream-only				100644	blob	fb4ffc2c85bbb647943bbc7757e2bb74ddada786
Hazelnut/mono/lib/mono/4.5/System.Reactive.Windows.Threading.dll	upstream-only				100644	blob	4746dfc26feef9294db5283424bc09fe0e8561a4
Hazelnut/mono/lib/mono/4.5/System.Reflection.Context.dll	upstream-only				100644	blob	d33c2b05f17378f19ce074a1b0312f47f82c12da
Hazelnut/mono/lib/mono/4.5/System.Reflection.Metadata.dll	upstream-only				100644	blob	550e118c6868490da34b9d9311c188d692f0f3cd
Hazelnut/mono/lib/mono/4.5/System.Runtime.Caching.dll	upstream-only				100644	blob	7eb95d59940d5cef19031ebf07f6141564d51ea2
Hazelnut/mono/lib/mono/4.5/System.Runtime.CompilerServices.Unsafe.dll	upstream-only				100644	blob	1908d925a3162b60ec13b3f4d54f605dc8d1dc87
Hazelnut/mono/lib/mono/4.5/System.Runtime.DurableInstancing.dll	upstream-only				100644	blob	7a3498a916811f5673643698a80175064ff9cd44
Hazelnut/mono/lib/mono/4.5/System.Runtime.Remoting.dll	upstream-only				100644	blob	a3d9d7b9eb4b3e1ccad0aa4a06d1c28482d17cd1
Hazelnut/mono/lib/mono/4.5/System.Runtime.Serialization.Formatters.Soap.dll	upstream-only				100644	blob	aa9525d15d8d4c8d0296a4084a93a45069b2cb66
Hazelnut/mono/lib/mono/4.5/System.Runtime.Serialization.dll	upstream-only				100644	blob	34660008ebb463e400f631f40a9491b9a577a100
Hazelnut/mono/lib/mono/4.5/System.Security.dll	upstream-only				100644	blob	1752137182a690bd2c17e361f72d752a5adad37b
Hazelnut/mono/lib/mono/4.5/System.ServiceModel.Activation.dll	upstream-only				100644	blob	fe6346cfe34e15f242fae894c0c377e97b591eec
Hazelnut/mono/lib/mono/4.5/System.ServiceModel.Discovery.dll	upstream-only				100644	blob	fcff149f72c47d0dfa8f76ae654755d935fbe975
Hazelnut/mono/lib/mono/4.5/System.ServiceModel.Internals.dll	upstream-only				100644	blob	f0d36b19c3435fd2cc8f3da2b392823ab88ca0f2
Hazelnut/mono/lib/mono/4.5/System.ServiceModel.Routing.dll	upstream-only				100644	blob	457216f97d4ca1108430a64c4d37a3dfdef7f790
Hazelnut/mono/lib/mono/4.5/System.ServiceModel.Web.dll	upstream-only				100644	blob	6e28e216ab5e70d121ddfb4ea63c90fa2a4fd050
Hazelnut/mono/lib/mono/4.5/System.ServiceModel.dll	upstream-only				100644	blob	99267ed4a57bec1ebc746a0304c2a1fd2aa41898
Hazelnut/mono/lib/mono/4.5/System.ServiceProcess.dll	upstream-only				100644	blob	7b9ba3f79c56711c19e1a992b63a3c2175af8256
Hazelnut/mono/lib/mono/4.5/System.Threading.Tasks.Dataflow.dll	upstream-only				100644	blob	e12e40a3b24e42aba4d658e569d1b3c202b31d4d
Hazelnut/mono/lib/mono/4.5/System.Threading.Tasks.Extensions.dll	upstream-only				100644	blob	eeec92852705946904d0e2fa0443d454075781f5
Hazelnut/mono/lib/mono/4.5/System.Transactions.dll	upstream-only				100644	blob	59a2af18c80f4d016ee7358c513f20f8ee5e8d9c
Hazelnut/mono/lib/mono/4.5/System.Web.Abstractions.dll	upstream-only				100644	blob	5a2a80a1d60242860ff21ecfdbe519454e9e92d0
Hazelnut/mono/lib/mono/4.5/System.Web.ApplicationServices.dll	upstream-only				100644	blob	1bebfc8747e7b367c24a082911f3e09ae6454ef1
Hazelnut/mono/lib/mono/4.5/System.Web.DynamicData.dll	upstream-only				100644	blob	1bdf17d1ab8ba2f27fdba571cab1d198a2c38901
Hazelnut/mono/lib/mono/4.5/System.Web.Extensions.Design.dll	upstream-only				100644	blob	4fb320072fe561571f3f92e0acedd047d84605e1
Hazelnut/mono/lib/mono/4.5/System.Web.Extensions.dll	upstream-only				100644	blob	3df6c98f80736e1ad3bb60b0c62aebd4c54824c7
Hazelnut/mono/lib/mono/4.5/System.Web.Http.SelfHost.dll	upstream-only				100644	blob	c4063f6bbf78d510a494ba1b33880a2ba117c53b
Hazelnut/mono/lib/mono/4.5/System.Web.Http.WebHost.dll	upstream-only				100644	blob	6d0093505db51e4b5e202767c74b797c01017db1
Hazelnut/mono/lib/mono/4.5/System.Web.Http.dll	upstream-only				100644	blob	712a2b025d6d405bc1b2de5bc243354cc0515ff8
Hazelnut/mono/lib/mono/4.5/System.Web.Mobile.dll	upstream-only				100644	blob	105cb4e71597e1c15e0d926dd24154903f7372b7
Hazelnut/mono/lib/mono/4.5/System.Web.Mvc.dll	upstream-only				100644	blob	7580b341153d0b4b8b4ced952b7883408dbc560c
Hazelnut/mono/lib/mono/4.5/System.Web.Razor.dll	upstream-only				100644	blob	668a6e8235fc3dff13d6b20200948b4b643b341b
Hazelnut/mono/lib/mono/4.5/System.Web.RegularExpressions.dll	upstream-only				100644	blob	34a071bf41b6112ebbe1295390a7adc2db9431dc
Hazelnut/mono/lib/mono/4.5/System.Web.Routing.dll	upstream-only				100644	blob	11fbe0d8afbe316c0c7486df735918b52dd01e61
Hazelnut/mono/lib/mono/4.5/System.Web.Services.dll	upstream-only				100644	blob	a0c8460a29251a9c249427830cf7b5111360f6ef
Hazelnut/mono/lib/mono/4.5/System.Web.WebPages.Deployment.dll	upstream-only				100644	blob	a1199e16304907f6831c7a842bf44c32d9728fce
Hazelnut/mono/lib/mono/4.5/System.Web.WebPages.Razor.dll	upstream-only				100644	blob	e363d1735f973deec6f05a1d2763cc3ae2723333
Hazelnut/mono/lib/mono/4.5/System.Web.WebPages.dll	upstream-only				100644	blob	0083171fb04f1ff721ccbb780762411bd45bd27c
Hazelnut/mono/lib/mono/4.5/System.Web.dll	upstream-only				100644	blob	98bc4de552a053f6c6c6849f8be554c6c5775394
Hazelnut/mono/lib/mono/4.5/System.Windows.Forms.DataVisualization.dll	upstream-only				100644	blob	2b8561001f3d6fe6b7e2b96805b120c27f9b75e9
Hazelnut/mono/lib/mono/4.5/System.Windows.Forms.dll	upstream-only				100644	blob	b0987badd4e95125027ba599c185a10bf0b48473
Hazelnut/mono/lib/mono/4.5/System.Windows.dll	upstream-only				100644	blob	ea4c1376958cea7c9240048f26afd4df4a7377b7
Hazelnut/mono/lib/mono/4.5/System.Workflow.Activities.dll	upstream-only				100644	blob	b8aa57d30c4ed4e37e8e219486cebbc8a495dacc
Hazelnut/mono/lib/mono/4.5/System.Workflow.ComponentModel.dll	upstream-only				100644	blob	435afc5a85ec22ae447fc1bc3cc486f182813de1
Hazelnut/mono/lib/mono/4.5/System.Workflow.Runtime.dll	upstream-only				100644	blob	4437e453bd209453476d5318485200ed550b0f15
Hazelnut/mono/lib/mono/4.5/System.Xaml.dll	upstream-only				100644	blob	c5b5d68eca9fb890609f2f82b650a0a64172c10b
Hazelnut/mono/lib/mono/4.5/System.Xml.Linq.dll	upstream-only				100644	blob	b760e32d939b427a06cdaed99a0cd345679f06ed
Hazelnut/mono/lib/mono/4.5/System.Xml.Serialization.dll	upstream-only				100644	blob	5d1e6fcdc64846be022c0c14fb58578632fecdcb
Hazelnut/mono/lib/mono/4.5/System.Xml.dll	upstream-only				100644	blob	0a9f048e6e7e4c753527fabe57a1ee43fa794158
Hazelnut/mono/lib/mono/4.5/System.dll	upstream-only				100644	blob	c11d7d97bc51f436fd6d643e7dfbd8521a2ad622
Hazelnut/mono/lib/mono/4.5/VBCSCompiler.exe	upstream-only				100644	blob	08aa0e30ad9488a0a3a64fe8a5f5e02e16485a18
Hazelnut/mono/lib/mono/4.5/VBCSCompiler.exe.config	upstream-only				100644	blob	d6cd334a3b5f076e9ba0e3bcc5343a23362e54d4
Hazelnut/mono/lib/mono/4.5/WebMatrix.Data.dll	upstream-only				100644	blob	8d780bbeecfed61e29c23aec8f2cb2080115e1c9
Hazelnut/mono/lib/mono/4.5/WindowsBase.dll	upstream-only				100644	blob	75d3179e6cd9fd791b43680334f68ab0a09321a9
Hazelnut/mono/lib/mono/4.5/al.exe	upstream-only				100644	blob	44b76f57adb6eb2b248a84d122b7fcbba51d6a74
Hazelnut/mono/lib/mono/4.5/al.pdb	upstream-only				100644	blob	9357d8caad7677d9c694a72d9d5442915613dc7b
Hazelnut/mono/lib/mono/4.5/aprofutil.exe	upstream-only				100644	blob	43f2dbab76b303a83be951c26897e0fb1157bf49
Hazelnut/mono/lib/mono/4.5/aprofutil.pdb	upstream-only				100644	blob	eb95566f4c1df7aaf74a558b4525711c0ad1b42f
Hazelnut/mono/lib/mono/4.5/browsercaps-updater.exe	upstream-only				100644	blob	b2fd19c4b5d3de1ab8b1cc81777421ded1010d2a
Hazelnut/mono/lib/mono/4.5/browsercaps-updater.pdb	upstream-only				100644	blob	e31ad7aa50e5d2b90a573d6f6996859c63220177
Hazelnut/mono/lib/mono/4.5/caspol.exe	upstream-only				100644	blob	c825cf39dc03a0b3911c82f1dc979673e04c987a
Hazelnut/mono/lib/mono/4.5/caspol.pdb	upstream-only				100644	blob	f4554b039412c93e94755def45d0973440621e5c
Hazelnut/mono/lib/mono/4.5/cccheck.exe	upstream-only				100644	blob	b6e339e3894c0133b174b4e5d95cdc62b1e94bb5
Hazelnut/mono/lib/mono/4.5/cccheck.pdb	upstream-only				100644	blob	f45a52514ebfeaf42ec8e01e34aed522ca69e93f
Hazelnut/mono/lib/mono/4.5/ccrewrite.exe	upstream-only				100644	blob	a869211b7f7183256e50094268e8c7060f6f676e
Hazelnut/mono/lib/mono/4.5/ccrewrite.pdb	upstream-only				100644	blob	d47881dfaf8a98cf7cab1a4521f50a29edb9eaa2
Hazelnut/mono/lib/mono/4.5/cert-sync.exe	upstream-only				100644	blob	0e2bbfc6afe09e3cef0b0ead72081d1c458009df
Hazelnut/mono/lib/mono/4.5/cert-sync.pdb	upstream-only				100644	blob	24d7fab8329a5d405397e4ae844bfe8a1bce3788
Hazelnut/mono/lib/mono/4.5/cert2spc.exe	upstream-only				100644	blob	5b5074c8fa497be72151a0c9febf3b6e9c4d345c
Hazelnut/mono/lib/mono/4.5/cert2spc.pdb	upstream-only				100644	blob	e1664d31693181458259fd5f1ffaa049d92f7c4c
Hazelnut/mono/lib/mono/4.5/certmgr.exe	upstream-only				100644	blob	e4ed2109ca0b04326aac3acb430d4943770db338
Hazelnut/mono/lib/mono/4.5/certmgr.pdb	upstream-only				100644	blob	12c8a809ba69cb4f542bba29fc5a0218038c2fab
Hazelnut/mono/lib/mono/4.5/chktrust.exe	upstream-only				100644	blob	3bcf390d6f30174f223eea092fec508bcd00414a
Hazelnut/mono/lib/mono/4.5/chktrust.pdb	upstream-only				100644	blob	07b56f48f4882fe9dc652c8155f917cb2b2b8134
Hazelnut/mono/lib/mono/4.5/crlupdate.exe	upstream-only				100644	blob	6abfe46cfd0b0fcf27dc4e21cd481e8ee475bca6
Hazelnut/mono/lib/mono/4.5/crlupdate.pdb	upstream-only				100644	blob	57a9277e879f49c91f0ac9b28e1ca3a4ef13e275
Hazelnut/mono/lib/mono/4.5/csc.exe	upstream-only				100644	blob	8f84141b415041a78caea3b27688a7c035042a60
Hazelnut/mono/lib/mono/4.5/csc.exe.config	upstream-only				100644	blob	cf89907fea41e749e1e6b92d5085f9569c5c2f4d
Hazelnut/mono/lib/mono/4.5/csc.rsp	upstream-only				100644	blob	7b1e629aa984f34fc50ae588acaa457bb5549507
Hazelnut/mono/lib/mono/4.5/cscompmgd.dll	upstream-only				100644	blob	0151f49a03d75b84e47d6bcc20b0e9be3ba0ccd0
Hazelnut/mono/lib/mono/4.5/csharp.exe	upstream-only				100644	blob	f3f53fcea8e9f1b8e89295c849accf0a409a771e
Hazelnut/mono/lib/mono/4.5/csharp.pdb	upstream-only				100644	blob	acdaa5ff7cc04810838f6c30117ccd1ebb8985a4
Hazelnut/mono/lib/mono/4.5/csi.exe	upstream-only				100644	blob	c76c66f9627eb45ee8c325084638761c24605e06
Hazelnut/mono/lib/mono/4.5/csi.exe.config	upstream-only				100644	blob	b1ebd897c938add8f9897e26b9817822bd910abf
Hazelnut/mono/lib/mono/4.5/csi.rsp	upstream-only				100644	blob	220046eb40472cac79875f4f43384a4e36649e86
Hazelnut/mono/lib/mono/4.5/culevel.exe	upstream-only				100644	blob	5ebaf9ad86f3ad84b709109ab26b971b45a78867
Hazelnut/mono/lib/mono/4.5/culevel.pdb	upstream-only				100644	blob	c39bb65eb6baf2b49e2ba9ed34c6608cd55fb890
Hazelnut/mono/lib/mono/4.5/disco.exe	upstream-only				100644	blob	7272f05e3488d7efb303e5d7c4293732ef8d3fbc
Hazelnut/mono/lib/mono/4.5/disco.pdb	upstream-only				100644	blob	7e02b48d241d9e7dba45a042f3be7cb1d02ac947
Hazelnut/mono/lib/mono/4.5/dtd2rng.exe	upstream-only				100644	blob	04e13fcab692289473b45230013970f4bd701718
Hazelnut/mono/lib/mono/4.5/dtd2rng.pdb	upstream-only				100644	blob	7770f6d6966645dbe68305833619f30506bb02cf
Hazelnut/mono/lib/mono/4.5/dtd2xsd.exe	upstream-only				100644	blob	ab1588334006780c16b8beb32c411673d838fff9
Hazelnut/mono/lib/mono/4.5/dtd2xsd.pdb	upstream-only				100644	blob	bfb250d1fd05f8600dfb1aa585f000afdb4bd4b8
Hazelnut/mono/lib/mono/4.5/fastcgi-mono-server4.exe	upstream-only				100644	blob	542226195e245844e0557b323782ac52d4b4a161
Hazelnut/mono/lib/mono/4.5/gacutil.exe	upstream-only				100644	blob	b0bbea9abe9871890602facde19ffc9f0f4cd20f
Hazelnut/mono/lib/mono/4.5/gacutil.pdb	upstream-only				100644	blob	3d20c41ca1ffa4fc2f958f71e0942301aa02813f
Hazelnut/mono/lib/mono/4.5/genxs.exe	upstream-only				100644	blob	24d6af2e2922caae283ce4f1d7d73ef1489423ca
Hazelnut/mono/lib/mono/4.5/genxs.pdb	upstream-only				100644	blob	f60804df218d017a9d91aa46623ec81866f1a775
Hazelnut/mono/lib/mono/4.5/httpcfg.exe	upstream-only				100644	blob	84e1eff9145f170e4d0ca36494702712fcb5ca8f
Hazelnut/mono/lib/mono/4.5/httpcfg.pdb	upstream-only				100644	blob	570bdd37d0fd089af1c28d0540587a9ef9c1e26b
Hazelnut/mono/lib/mono/4.5/ictool.exe	upstream-only				100644	blob	159a4c068b3973c76cff378bfe7968c41c5f3899
Hazelnut/mono/lib/mono/4.5/ictool.pdb	upstream-only				100644	blob	f6bf609774af0a5e7847e59cb8a798988f99b44b
Hazelnut/mono/lib/mono/4.5/ikdasm.exe	upstream-only				100644	blob	cfb5aff9ff76c0a9c723c93bc3522f9468552147
Hazelnut/mono/lib/mono/4.5/ikdasm.pdb	upstream-only				100644	blob	ff7c4c2a1528fb682b21a4ac376901882fb043ac
Hazelnut/mono/lib/mono/4.5/ilasm.exe	upstream-only				100644	blob	f8a4c5beb8b7b20e380e1ad0129c7cee211823bc
Hazelnut/mono/lib/mono/4.5/ilasm.pdb	upstream-only				100644	blob	961ec5c7ecdd1717a71a569855cecf4c823c05d1
Hazelnut/mono/lib/mono/4.5/illinkanalyzer.exe	upstream-only				100644	blob	b36ea9c02c185baf236db875c9f55aa5b7311ae8
Hazelnut/mono/lib/mono/4.5/illinkanalyzer.pdb	upstream-only				100644	blob	9e9b184782aad3f6406b432a043e7ba4ceb0922a
Hazelnut/mono/lib/mono/4.5/installutil.exe	upstream-only				100644	blob	8e0e17997b1f6dbebe652e757f25bdaaa1fc56d6
Hazelnut/mono/lib/mono/4.5/installutil.pdb	upstream-only				100644	blob	0305b36a68678e0c9a8100d6645c2ad6187de980
Hazelnut/mono/lib/mono/4.5/installvst.exe	upstream-only				100644	blob	bbcbfbc6778fdc104d3f6094bc92e9d680659836
Hazelnut/mono/lib/mono/4.5/installvst.pdb	upstream-only				100644	blob	93bf41e57d13e762ad1390eeb7ccc62c7a892d7c
Hazelnut/mono/lib/mono/4.5/lc.exe	upstream-only				100644	blob	71e647553706d6814634748df75d384db9e41e01
Hazelnut/mono/lib/mono/4.5/lc.pdb	upstream-only				100644	blob	1cd9d2c33a349a0548a202c714652264397eb041
Hazelnut/mono/lib/mono/4.5/macpack.exe	upstream-only				100644	blob	09121e11e91b581461cf5ad39d04fd465d5628a7
Hazelnut/mono/lib/mono/4.5/macpack.pdb	upstream-only				100644	blob	8ae3e5080db8faaa57d8856692276b8d0d5d3373
Hazelnut/mono/lib/mono/4.5/makecert.exe	upstream-only				100644	blob	8ffd32bc0830a253573319b9d11aa9b78f3306e1
Hazelnut/mono/lib/mono/4.5/makecert.pdb	upstream-only				100644	blob	e0eea26cba97403f58105e11c0014de5611aca40
Hazelnut/mono/lib/mono/4.5/mconfig.exe	upstream-only				100644	blob	5846ecfb5745537a8b6f9430a75f0a6c31f238cc
Hazelnut/mono/lib/mono/4.5/mconfig.pdb	upstream-only				100644	blob	064b8d37d26a4873b8192019ea41ca075bc3d5b3
Hazelnut/mono/lib/mono/4.5/mcs.exe	upstream-only				100644	blob	4089fb628b6bc75846b44ecd3eb9698dd96d00f4
Hazelnut/mono/lib/mono/4.5/mcs.pdb	upstream-only				100644	blob	e909679d926f325ee51348b21f2fe74245042450
Hazelnut/mono/lib/mono/4.5/mdbrebase.exe	upstream-only				100644	blob	c3a9950eef634e39f903bf64ebf5280a052d3783
Hazelnut/mono/lib/mono/4.5/mdbrebase.pdb	upstream-only				100644	blob	055af12b3e5ac4019905698e807dcec47fc513c3
Hazelnut/mono/lib/mono/4.5/mdoc.exe	upstream-only				100644	blob	4957651467443fcddfdcbe1ac2fb54d7d302b38e
Hazelnut/mono/lib/mono/4.5/mdoc.pdb	upstream-only				100644	blob	82be3fd908e06bfa812c4b7bfe5e0002438ff228
Hazelnut/mono/lib/mono/4.5/mkbundle.exe	upstream-only				100644	blob	85bdfd3a0864e81a0917f97df07e4d2ba34343b3
Hazelnut/mono/lib/mono/4.5/mkbundle.pdb	upstream-only				100644	blob	8bbb9d0d4293fbf98f5d6c5c69bf2fb803ee5b29
Hazelnut/mono/lib/mono/4.5/mod-mono-server4.exe	upstream-only				100644	blob	a63129c499106aaa03fc061c0de70447c77007bf
Hazelnut/mono/lib/mono/4.5/mod.exe	upstream-only				100644	blob	beaaf28739e3f9a8a96972c990d831cb612b9728
Hazelnut/mono/lib/mono/4.5/mod.pdb	upstream-only				100644	blob	9ef63fd8461bdc3d42cb0f1a55598ba139be59d2
Hazelnut/mono/lib/mono/4.5/mono-api-diff.exe	upstream-only				100644	blob	274afd8a1080e71eff65552f8a6ed80fae861611
Hazelnut/mono/lib/mono/4.5/mono-api-diff.pdb	upstream-only				100644	blob	80c5087978dcecd82db2726cb03d33fec826db74
Hazelnut/mono/lib/mono/4.5/mono-api-html.exe	upstream-only				100644	blob	7c34173f191b240c6c03d73c21c153cb00fe0498
Hazelnut/mono/lib/mono/4.5/mono-api-html.pdb	upstream-only				100644	blob	be221c62e2b106febe4384b2bff2b260316dfb83
Hazelnut/mono/lib/mono/4.5/mono-api-info.exe	upstream-only				100644	blob	4a91bb5f1aea997b72ea77b4052a75cdd8b8eae2
Hazelnut/mono/lib/mono/4.5/mono-api-info.pdb	upstream-only				100644	blob	c9cda66110466d0c78d2771c3095b051845203ad
Hazelnut/mono/lib/mono/4.5/mono-cil-strip.exe	upstream-only				100644	blob	0c2fce3aa4eb6c91eb4f4d3750a763584373975d
Hazelnut/mono/lib/mono/4.5/mono-cil-strip.pdb	upstream-only				100644	blob	79803752ca9673c6c8a89db51d6657bdcb4e0e06
Hazelnut/mono/lib/mono/4.5/mono-fpm.exe	upstream-only				100644	blob	0ab8be3753fe78139acd3df944f475073db418c1
Hazelnut/mono/lib/mono/4.5/mono-service.exe	upstream-only				100644	blob	6f11c2d3c631400b1729f5d77f30b422891f3cdb
Hazelnut/mono/lib/mono/4.5/mono-service.pdb	upstream-only				100644	blob	b956cd4fe78b46a2f97e73bb9b138393ce181de8
Hazelnut/mono/lib/mono/4.5/mono-shlib-cop.exe	upstream-only				100644	blob	0dc0df6168c3ce5e48ff21a97ec34c73c91ef411
Hazelnut/mono/lib/mono/4.5/mono-shlib-cop.exe.config	upstream-only				100644	blob	0e06d21a213eeedb1eaec0d29e913d455c51e0ee
Hazelnut/mono/lib/mono/4.5/mono-shlib-cop.pdb	upstream-only				100644	blob	1337b0d187af3a0fff7064bb963523bf17349186
Hazelnut/mono/lib/mono/4.5/mono-symbolicate.exe	upstream-only				100644	blob	72838c5df9c1128b43e100d6b1ce8951ff33f315
Hazelnut/mono/lib/mono/4.5/mono-symbolicate.pdb	upstream-only				100644	blob	e41d4ccf6005d9db212deaa3de9d520e61f0f54e
Hazelnut/mono/lib/mono/4.5/mono-xmltool.exe	upstream-only				100644	blob	f0ba05406e705f599c59325562d12aa167f18960
Hazelnut/mono/lib/mono/4.5/mono-xmltool.pdb	upstream-only				100644	blob	09598979fede33aca530fa88b2e67f346be430f9
Hazelnut/mono/lib/mono/4.5/monolinker.exe	upstream-only				100644	blob	ea79873df7499912785a11e6d7d75929c7d1cc93
Hazelnut/mono/lib/mono/4.5/monolinker.pdb	upstream-only				100644	blob	cc5981ad8980a2f40e1fd326f8ac523f2fc4f7d3
Hazelnut/mono/lib/mono/4.5/monop.exe	upstream-only				100644	blob	6e5885ed91bd9885e753758d72d2bb67f0acfc59
Hazelnut/mono/lib/mono/4.5/monop.pdb	upstream-only				100644	blob	92a83c73f6d421fd088c4a2a1524248fcb2bee16
Hazelnut/mono/lib/mono/4.5/mozroots.exe	upstream-only				100644	blob	80ca4d685d811ab9db708dc92913a0c0257767ba
Hazelnut/mono/lib/mono/4.5/mozroots.pdb	upstream-only				100644	blob	18103a119d8bbb26bcbf092eec84d88a9ddd7f36
Hazelnut/mono/lib/mono/4.5/mscorlib.dll	upstream-only				100644	blob	e34716ccec7cab4e10029001ee42e0cf78d0d80c
Hazelnut/mono/lib/mono/4.5/mscorlib.pdb	upstream-only				100644	blob	8b59e30f565e52eaa23cec0119809f89912c8adb
Hazelnut/mono/lib/mono/4.5/pdb2mdb.exe	upstream-only				100644	blob	43c32ea8d235adafc1afc06612fd90b94a556e53
Hazelnut/mono/lib/mono/4.5/pdb2mdb.pdb	upstream-only				100644	blob	f27f178750ded5e1a7b5dca5c6732f98fad99f96
Hazelnut/mono/lib/mono/4.5/permview.exe	upstream-only				100644	blob	f8da511b9ea82be1c64c948134d33158311a5372
Hazelnut/mono/lib/mono/4.5/permview.pdb	upstream-only				100644	blob	4956b6b8f2c21fba899f0df9353fd6bedf1aa238
Hazelnut/mono/lib/mono/4.5/resgen.exe	upstream-only				100644	blob	852c2f57b889ab7292fa6719f8419b6eeac5b408
Hazelnut/mono/lib/mono/4.5/resgen.pdb	upstream-only				100644	blob	6cb913f87baf35c76396753e55d96a7966261aeb
Hazelnut/mono/lib/mono/4.5/secutil.exe	upstream-only				100644	blob	becc3af4fb1e8eb65937d16641c584a9c90604d2
Hazelnut/mono/lib/mono/4.5/secutil.pdb	upstream-only				100644	blob	a7cefc94ad0f2a1f0d073f5b1523ebac29ff5f15
Hazelnut/mono/lib/mono/4.5/setreg.exe	upstream-only				100644	blob	c43b1b064bf395fc964aa16d557b03bfcb9136d0
Hazelnut/mono/lib/mono/4.5/setreg.pdb	upstream-only				100644	blob	4e46baaf4f3cf24587f3ba4de12c3926e3d674a6
Hazelnut/mono/lib/mono/4.5/sgen.exe	upstream-only				100644	blob	033d3dea9bc6d0770e024dda3eeb5cff66610d24
Hazelnut/mono/lib/mono/4.5/sgen.pdb	upstream-only				100644	blob	5714d773ca96dfb8e1399e9c133771eeb57e3492
Hazelnut/mono/lib/mono/4.5/signcode.exe	upstream-only				100644	blob	dd5e55498f24d32efbc6b5ca1043ffa86021fc20
Hazelnut/mono/lib/mono/4.5/signcode.pdb	upstream-only				100644	blob	8d531cb370c3c9b40d8dccb0f482c4c5765c225b
Hazelnut/mono/lib/mono/4.5/sn.exe	upstream-only				100644	blob	d963059cfe2dda14be921ab77838bd377ee6712a
Hazelnut/mono/lib/mono/4.5/sn.pdb	upstream-only				100644	blob	a82b07a2a3eadce4cc26491545856ae06502de51
Hazelnut/mono/lib/mono/4.5/soapsuds.exe	upstream-only				100644	blob	d414858373afa8bfb61cb273b6aecd37b3aad23f
Hazelnut/mono/lib/mono/4.5/soapsuds.pdb	upstream-only				100644	blob	d3f899373f7925c3a324b512677153dde5399cac
Hazelnut/mono/lib/mono/4.5/sqlmetal.exe	upstream-only				100644	blob	a7d2a8c5fbeed9d15a43322ac6a02137a03eac97
Hazelnut/mono/lib/mono/4.5/sqlmetal.exe.config	upstream-only				100644	blob	c22a98b5ac65f0d2140b12c1668b570d232a3f08
Hazelnut/mono/lib/mono/4.5/sqlmetal.pdb	upstream-only				100644	blob	7ea230a60b204aea42845ac772f56a2c40c4bbc8
Hazelnut/mono/lib/mono/4.5/sqlsharp.exe	upstream-only				100644	blob	9a4256c975437abe93f316c21578eb55e983ed36
Hazelnut/mono/lib/mono/4.5/sqlsharp.pdb	upstream-only				100644	blob	49615d75243e39a2a17b23df90b02b177d47a60a
Hazelnut/mono/lib/mono/4.5/svcutil.exe	upstream-only				100644	blob	300a3662d1293f1cdea0e9f1b3f903754267cef1
Hazelnut/mono/lib/mono/4.5/svcutil.pdb	upstream-only				100644	blob	1ef56c685596895b0026213618efa72f32973b0a
Hazelnut/mono/lib/mono/4.5/vbc.exe	upstream-only				100644	blob	117fdff8d82cfad9e407e494df2d6394c149e396
Hazelnut/mono/lib/mono/4.5/vbc.exe.config	upstream-only				100644	blob	f9c42835b069d1458f84e15b7d9888f628f80ba4
Hazelnut/mono/lib/mono/4.5/vbc.rsp	upstream-only				100644	blob	794335ae933d7056a2fd606842459968d85e8cbc
Hazelnut/mono/lib/mono/4.5/vbnc.exe	upstream-only				100644	blob	8a695197a629ced5dd1ee701cae92e5616325798
Hazelnut/mono/lib/mono/4.5/vbnc.exe.mdb	upstream-only				100644	blob	1f5a59b619de8ed4607686c5c3b3216a52981fa8
Hazelnut/mono/lib/mono/4.5/vbnc.rsp	upstream-only				100644	blob	ff63dee0be5b4bbf262cb4b5f298e4edabec4d3e
Hazelnut/mono/lib/mono/4.5/wsdl.exe	upstream-only				100644	blob	d7de7efb4e6195244c3ca59d9ff48c153b28b3b5
Hazelnut/mono/lib/mono/4.5/wsdl.pdb	upstream-only				100644	blob	9a4123f64c4ad9e8d9c291f276936a06833f2d98
Hazelnut/mono/lib/mono/4.5/xbuild.exe	upstream-only				100644	blob	5ed54cd627d32f8c590392b2fc2ae0636f6ee2c2
Hazelnut/mono/lib/mono/4.5/xbuild.exe.config	upstream-only				100644	blob	30df74844cf8e2e26151373173bf7b0c9f35c164
Hazelnut/mono/lib/mono/4.5/xbuild.pdb	upstream-only				100644	blob	f638d9f938e63d1b2ee62b8a55034f5c0dea9fe9
Hazelnut/mono/lib/mono/4.5/xbuild.rsp	upstream-only				100644	blob	9b9ce70870137f1115a19b910286fe9a0ffe90ee
Hazelnut/mono/lib/mono/4.5/xsd.exe	upstream-only				100644	blob	2b2578c8ca9181195443fb3e2cbe3b1d373595e2
Hazelnut/mono/lib/mono/4.5/xsd.pdb	upstream-only				100644	blob	c0c1f6e9a33aac15e1f0de542790b57f08c8a9c0
Hazelnut/mono/lib/mono/4.5/xsp4.exe	upstream-only				100644	blob	90b544773693bf8c39044a5b87d470cd64abb733
Hazelnut/premake5.lua	upstream-only				100644	blob	096361a1336c4aea83bc4e40022f148aefb1a7ce
Hazelnut/src/EditorLayer.cpp	upstream-only				100644	blob	c945ef33e0d14f14c6c695d67e67a214d412d3a1
Hazelnut/src/EditorLayer.h	upstream-only				100644	blob	26b9339cacd524bbbff23ffcb79dfedb5f5edc41
Hazelnut/src/HazelnutApp.cpp	upstream-only				100644	blob	3722b7e05ef76add12f2e6c9947a8bae9b5b6f5b
Hazelnut/src/Panels/ContentBrowserPanel.cpp	upstream-only				100644	blob	65f6dd7c55d4c5788c4c121e99cdbb159a290c9e
Hazelnut/src/Panels/ContentBrowserPanel.h	upstream-only				100644	blob	466575947a63bed65b280db47c41261b4f93a4cd
Hazelnut/src/Panels/SceneHierarchyPanel.cpp	upstream-only				100644	blob	f602c376c0d0f5b46346118f8b165cad86d78f9e
Hazelnut/src/Panels/SceneHierarchyPanel.h	upstream-only				100644	blob	a63a284ff2fe4d8f01708733e04f0ffedaefe7c7
LICENSE	upstream-only				100644	blob	261eeb9e9f8b2b4b0d119366dda99c6fd7d35c64
README.md	changed	100644	blob	0ac06e3c9830d27aa68c4c7d210db41d0f1d8504	100644	blob	840dba62046ee1764e90a355dd3f371ddbe9854a
Resources/Branding/Hazel_Logo_Text_Light_Square.png	upstream-only				100644	blob	1c99ed3b5b69b2b86f6071eb764003882c1d128b
Sandbox/assets/fonts/opensans/LICENSE.txt	upstream-only				100644	blob	d645695673349e3947e8e5ae42332d0ac3164cd7
Sandbox/assets/fonts/opensans/OpenSans-Bold.ttf	upstream-only				100644	blob	efdd5e84a0397ecada7b9cfde51db87db08766bd
Sandbox/assets/fonts/opensans/OpenSans-BoldItalic.ttf	upstream-only				100644	blob	9bf9b4e97b6576c8cc3d4527073731fd9cc57493
Sandbox/assets/fonts/opensans/OpenSans-ExtraBold.ttf	upstream-only				100644	blob	67fcf0fb2af0c069495fbc7fe7ab0e442a86e357
Sandbox/assets/fonts/opensans/OpenSans-ExtraBoldItalic.ttf	upstream-only				100644	blob	086722809c74d5031c2427b31262de14e4a10560
Sandbox/assets/fonts/opensans/OpenSans-Italic.ttf	upstream-only				100644	blob	117856707b9b867863a9b48b127f756ee25fe109
Sandbox/assets/fonts/opensans/OpenSans-Light.ttf	upstream-only				100644	blob	6580d3a169e895d914f159c060b947e36746f275
Sandbox/assets/fonts/opensans/OpenSans-LightItalic.ttf	upstream-only				100644	blob	1e0c3319810ad7a0312e10c3d62da6beea7f1c58
Sandbox/assets/fonts/opensans/OpenSans-Regular.ttf	upstream-only				100644	blob	29bfd35a2bfdd92b6e8b4ec2970f4d1eebf49357
Sandbox/assets/fonts/opensans/OpenSans-SemiBold.ttf	upstream-only				100644	blob	54e7059cf36359cb5a3860085714a95306af0dea
Sandbox/assets/fonts/opensans/OpenSans-SemiBoldItalic.ttf	upstream-only				100644	blob	aebcf1421226d045b8043d26433d780fa365b7de
Sandbox/assets/shaders/FlatColor.glsl	changed	100644	blob	c3818005990b0aaf2333f4fa155f40815ff85240	100644	blob	2d39fc5b68957742bc37ad4f2ca2eb1d81a6e4fd
Sandbox/assets/shaders/Texture.glsl	changed	100644	blob	b28708828a6552a713f0ee02c2ecd31090112cb0	100644	blob	d6858cad68c10f14f713ddf164e2596b1771abc3
Sandbox/assets/textures/Checkerboard.png	identical	100644	blob	a384354d47ac0589dafdb12b4fd591b0a7754690	100644	blob	a384354d47ac0589dafdb12b4fd591b0a7754690
Sandbox/assets/textures/ChernoLogo.png	identical	100644	blob	60e1e2a868ef7eb2533ede27e9e54ff84b217aad	100644	blob	60e1e2a868ef7eb2533ede27e9e54ff84b217aad
Sandbox/imgui.ini	changed	100644	blob	291a4732bf680d694c812feb5e4c4a531d618a06	100644	blob	cdfd537cc33df071ef211b04afbc2da35de5c243
Sandbox/premake5.lua	upstream-only				100644	blob	9d957a78e01d694818ec124aa72b62c639f7ca30
Sandbox/src/ExampleLayer.cpp	upstream-only				100644	blob	fcbfbdc6169fc663da0f850cda475a6e4ff2758b
Sandbox/src/ExampleLayer.h	upstream-only				100644	blob	ec98d3bef304604eff9eef9346809a3ea3c1e373
Sandbox/src/Sandbox2D.cpp	changed	100644	blob	05e24b72f7fe22e355dbfe0c47f43830be2099ae	100644	blob	ff5ec435cd44c02b798ea7ebdad110f3ba1f91b2
Sandbox/src/Sandbox2D.h	changed	100644	blob	fe07c41d1d58ce11b78e876126b40d4c9cde01d4	100644	blob	b637573b3b07d1bd6ddd71551db992dc0296e6f8
Sandbox/src/SandboxApp.cpp	changed	100644	blob	38de97907dfc491b7bc4e44d5f43b2a147353c24	100644	blob	ea0570ddd56407a137d05b7bce816a4eea3585eb
premake5.lua	changed	100644	blob	a70af63482b7ff5a9b40e57e4dc1f412e44392ed	100644	blob	8a2a64048e06ab5f800247233d09fe9f64c52abb
scripts/Linux-GenProjects.sh	local-only	100755	blob	1cac23bdbe17ff1a526e6547124a4c3a487bebf7			
scripts/Setup.bat	upstream-only				100644	blob	393f13dfb96c90d89cb317cac45161cc2cd9be76
scripts/Setup.py	upstream-only				100644	blob	df9429ffbfd77400f106c1af44fc687310550d26
scripts/SetupPremake.py	upstream-only				100644	blob	720b8a7a5f43f3919930c269e7f78dbfa6d59e0c
scripts/SetupPython.py	upstream-only				100644	blob	0af7c77851b99c25ae3bafc5e85bf59cb61bf3c4
scripts/SetupVulkan.py	upstream-only				100644	blob	2763d6dc407191a4500fa1083ff5068f2b840fdb
scripts/Utils.py	upstream-only				100644	blob	c88861255167793b209a62df7cff0acce5c841c8
scripts/Win-GenProjects.bat	upstream-only				100644	blob	44d898b7776aa256b40f10b825000ad5d8d0bdda
vendor/premake/premake5.lua	upstream-only				100644	blob	15cf8219f0159759fd94b025012d67b682b027c2
vendor/premake/premake_customization/solution_items.lua	upstream-only				100644	blob	f18885b6add29939d3e27381482c8b4b680d4a3e
