Windows Debug and Release	Set up job	﻿2026-10-01T15:41:16.6678030Z Current runner version: '2.337.0'
Windows Debug and Release	Set up job	2026-10-01T15:41:16.6720878Z ##[group]Runner Image Provisioner
Windows Debug and Release	Set up job	2026-10-01T15:41:16.6721752Z Hosted Compute Agent
Windows Debug and Release	Set up job	2026-10-01T15:41:16.6722326Z Version: 20260901.588
Windows Debug and Release	Set up job	2026-10-01T15:41:16.6722941Z Commit: f88ec8081b781fac6c440065ac7ff9e710ce3d0b
Windows Debug and Release	Set up job	2026-10-01T15:41:16.6723689Z Build Date: 2026-09-01T19:56:44Z
Windows Debug and Release	Set up job	2026-10-01T15:41:16.6724370Z Worker ID: {839c78d6-c3bc-4f96-8ce5-1ad4fe932c76}
Windows Debug and Release	Set up job	2026-10-01T15:41:16.6725081Z Azure Region: westus
Windows Debug and Release	Set up job	2026-10-01T15:41:16.6725641Z ##[endgroup]
Windows Debug and Release	Set up job	2026-10-01T15:41:16.6726975Z ##[group]Operating System
Windows Debug and Release	Set up job	2026-10-01T15:41:16.6727670Z Microsoft Windows Server 2022
Windows Debug and Release	Set up job	2026-10-01T15:41:16.6728269Z 10.0.20348
Windows Debug and Release	Set up job	2026-10-01T15:41:16.6728746Z Datacenter
Windows Debug and Release	Set up job	2026-10-01T15:41:16.6729258Z ##[endgroup]
Windows Debug and Release	Set up job	2026-10-01T15:41:16.6729771Z ##[group]Runner Image
Windows Debug and Release	Set up job	2026-10-01T15:41:16.6730334Z Image: windows-2022
Windows Debug and Release	Set up job	2026-10-01T15:41:16.6730879Z Version: 20260927.320.1
Windows Debug and Release	Set up job	2026-10-01T15:41:16.6732012Z Included Software: https://github.com/actions/runner-images/blob/win22/20260927.320/images/windows/Windows2022-Readme.md
Windows Debug and Release	Set up job	2026-10-01T15:41:16.6734310Z Image Release: https://github.com/actions/runner-images/releases/tag/win22%2F20260927.320
Windows Debug and Release	Set up job	2026-10-01T15:41:16.6735250Z ##[endgroup]
Windows Debug and Release	Set up job	2026-10-01T15:41:16.6736299Z ##[group]GITHUB_TOKEN Permissions
Windows Debug and Release	Set up job	2026-10-01T15:41:16.6738062Z Contents: read
Windows Debug and Release	Set up job	2026-10-01T15:41:16.6738636Z Metadata: read
Windows Debug and Release	Set up job	2026-10-01T15:41:16.6739140Z ##[endgroup]
Windows Debug and Release	Set up job	2026-10-01T15:41:16.6741097Z Secret source: Actions
Windows Debug and Release	Set up job	2026-10-01T15:41:16.6741930Z Cache mode: write
Windows Debug and Release	Set up job	2026-10-01T15:41:16.6742610Z Prepare workflow directory
Windows Debug and Release	Set up job	2026-10-01T15:41:16.7183033Z Prepare all required actions
Windows Debug and Release	Set up job	2026-10-01T15:41:16.7253418Z Getting action download info
Windows Debug and Release	Set up job	2026-10-01T15:41:17.2045384Z Download action repository 'actions/checkout@v4' (SHA:11d5960a326750d5838078e36cf38b85af677262)
Windows Debug and Release	Set up job	2026-10-01T15:41:17.3139587Z Download action repository 'microsoft/setup-msbuild@v2' (SHA:6fb02220983dee41ce7ae257b6f4d8f9bf5ed4ce)
Windows Debug and Release	Set up job	2026-10-01T15:41:17.5980674Z Download action repository 'actions/cache@v4' (SHA:0057852bfaa89a56745cba8c7296529d2fc39830)
Windows Debug and Release	Set up job	2026-10-01T15:41:17.8885809Z Complete job name: Windows Debug and Release
Windows Debug and Release	Check out Hazel and its pinned submodules	﻿2026-10-01T15:41:18.0608769Z ##[group]Run actions/checkout@v4
Windows Debug and Release	Check out Hazel and its pinned submodules	2026-10-01T15:41:18.0610339Z with:
Windows Debug and Release	Check out Hazel and its pinned submodules	2026-10-01T15:41:18.0611059Z   submodules: recursive
Windows Debug and Release	Check out Hazel and its pinned submodules	2026-10-01T15:41:18.0611905Z   repository: cringlekaden/Hazel
Windows Debug and Release	Check out Hazel and its pinned submodules	2026-10-01T15:41:18.0620444Z   token: ***
Windows Debug and Release	Check out Hazel and its pinned submodules	2026-10-01T15:41:18.0621158Z   ssh-strict: true
Windows Debug and Release	Check out Hazel and its pinned submodules	2026-10-01T15:41:18.0621894Z   ssh-user: git
Windows Debug and Release	Check out Hazel and its pinned submodules	2026-10-01T15:41:18.0622657Z   persist-credentials: true
Windows Debug and Release	Check out Hazel and its pinned submodules	2026-10-01T15:41:18.0623511Z   clean: true
Windows Debug and Release	Check out Hazel and its pinned submodules	2026-10-01T15:41:18.0624272Z   sparse-checkout-cone-mode: true
Windows Debug and Release	Check out Hazel and its pinned submodules	2026-10-01T15:41:18.0625180Z   fetch-depth: 1
Windows Debug and Release	Check out Hazel and its pinned submodules	2026-10-01T15:41:18.0625937Z   fetch-tags: false
Windows Debug and Release	Check out Hazel and its pinned submodules	2026-10-01T15:41:18.0626704Z   show-progress: true
Windows Debug and Release	Check out Hazel and its pinned submodules	2026-10-01T15:41:18.0627480Z   lfs: false
Windows Debug and Release	Check out Hazel and its pinned submodules	2026-10-01T15:41:18.0628172Z   set-safe-directory: true
Windows Debug and Release	Check out Hazel and its pinned submodules	2026-10-01T15:41:18.0628876Z   allow-unsafe-pr-checkout: false
Windows Debug and Release	Check out Hazel and its pinned submodules	2026-10-01T15:41:18.0629808Z ##[endgroup]
Windows Debug and Release	Check out Hazel and its pinned submodules	2026-10-01T15:41:18.2148216Z Syncing repository: cringlekaden/Hazel
Windows Debug and Release	Check out Hazel and its pinned submodules	2026-10-01T15:41:18.2150212Z ##[group]Getting Git version info
Windows Debug and Release	Check out Hazel and its pinned submodules	2026-10-01T15:41:18.2150908Z Working directory is 'D:\a\Hazel\Hazel'
Windows Debug and Release	Check out Hazel and its pinned submodules	2026-10-01T15:41:18.3190146Z [command]"C:\Program Files\Git\bin\git.exe" version
Windows Debug and Release	Check out Hazel and its pinned submodules	2026-10-01T15:41:18.8351881Z git version 2.55.0.windows.5
Windows Debug and Release	Check out Hazel and its pinned submodules	2026-10-01T15:41:18.8402851Z ##[endgroup]
Windows Debug and Release	Check out Hazel and its pinned submodules	2026-10-01T15:41:18.8421917Z Temporarily overriding HOME='D:\a\_temp\02c06009-9598-483e-851f-b5358f68ea6b' before making global git config changes
Windows Debug and Release	Check out Hazel and its pinned submodules	2026-10-01T15:41:18.8426860Z Adding repository directory to the temporary git global config as a safe directory
Windows Debug and Release	Check out Hazel and its pinned submodules	2026-10-01T15:41:18.8435076Z [command]"C:\Program Files\Git\bin\git.exe" config --global --add safe.directory D:\a\Hazel\Hazel
Windows Debug and Release	Check out Hazel and its pinned submodules	2026-10-01T15:41:18.9063901Z Deleting the contents of 'D:\a\Hazel\Hazel'
Windows Debug and Release	Check out Hazel and its pinned submodules	2026-10-01T15:41:18.9069624Z ##[group]Initializing the repository
Windows Debug and Release	Check out Hazel and its pinned submodules	2026-10-01T15:41:18.9078098Z [command]"C:\Program Files\Git\bin\git.exe" init D:\a\Hazel\Hazel
Windows Debug and Release	Check out Hazel and its pinned submodules	2026-10-01T15:41:18.9913378Z Initialized empty Git repository in D:/a/Hazel/Hazel/.git/
Windows Debug and Release	Check out Hazel and its pinned submodules	2026-10-01T15:41:18.9951610Z [command]"C:\Program Files\Git\bin\git.exe" remote add origin https://github.com/cringlekaden/Hazel
Windows Debug and Release	Check out Hazel and its pinned submodules	2026-10-01T15:41:19.0441410Z ##[endgroup]
Windows Debug and Release	Check out Hazel and its pinned submodules	2026-10-01T15:41:19.0443190Z ##[group]Disabling automatic garbage collection
Windows Debug and Release	Check out Hazel and its pinned submodules	2026-10-01T15:41:19.0449958Z [command]"C:\Program Files\Git\bin\git.exe" config --local gc.auto 0
Windows Debug and Release	Check out Hazel and its pinned submodules	2026-10-01T15:41:19.0679187Z ##[endgroup]
Windows Debug and Release	Check out Hazel and its pinned submodules	2026-10-01T15:41:19.0680846Z ##[group]Setting up auth
Windows Debug and Release	Check out Hazel and its pinned submodules	2026-10-01T15:41:19.0690802Z [command]"C:\Program Files\Git\bin\git.exe" config --local --name-only --get-regexp core\.sshCommand
Windows Debug and Release	Check out Hazel and its pinned submodules	2026-10-01T15:41:19.1000305Z [command]"C:\Program Files\Git\bin\git.exe" submodule foreach --recursive "sh -c \"git config --local --name-only --get-regexp 'core\.sshCommand' && git config --local --unset-all 'core.sshCommand' || :\""
Windows Debug and Release	Check out Hazel and its pinned submodules	2026-10-01T15:41:20.3979312Z [command]"C:\Program Files\Git\bin\git.exe" config --local --name-only --get-regexp http\.https\:\/\/github\.com\/\.extraheader
Windows Debug and Release	Check out Hazel and its pinned submodules	2026-10-01T15:41:20.4216885Z [command]"C:\Program Files\Git\bin\git.exe" submodule foreach --recursive "sh -c \"git config --local --name-only --get-regexp 'http\.https\:\/\/github\.com\/\.extraheader' && git config --local --unset-all 'http.https://github.com/.extraheader' || :\""
Windows Debug and Release	Check out Hazel and its pinned submodules	2026-10-01T15:41:20.8659969Z [command]"C:\Program Files\Git\bin\git.exe" config --local --name-only --get-regexp ^includeIf\.gitdir:
Windows Debug and Release	Check out Hazel and its pinned submodules	2026-10-01T15:41:20.8926850Z [command]"C:\Program Files\Git\bin\git.exe" submodule foreach --recursive "git config --local --show-origin --name-only --get-regexp remote.origin.url"
Windows Debug and Release	Check out Hazel and its pinned submodules	2026-10-01T15:41:21.4189826Z [command]"C:\Program Files\Git\bin\git.exe" config --local http.https://github.com/.extraheader "AUTHORIZATION: basic ***"
Windows Debug and Release	Check out Hazel and its pinned submodules	2026-10-01T15:41:21.4492589Z ##[endgroup]
Windows Debug and Release	Check out Hazel and its pinned submodules	2026-10-01T15:41:21.4493517Z ##[group]Fetching the repository
Windows Debug and Release	Check out Hazel and its pinned submodules	2026-10-01T15:41:21.4510625Z [command]"C:\Program Files\Git\bin\git.exe" -c protocol.version=2 fetch --no-tags --prune --no-recurse-submodules --depth=1 origin +738fb321735460057c85a44eadc66bdb973c85d1:refs/remotes/origin/migration/upstream-1feb705
Windows Debug and Release	Check out Hazel and its pinned submodules	2026-10-01T15:41:22.8795005Z From https://github.com/cringlekaden/Hazel
Windows Debug and Release	Check out Hazel and its pinned submodules	2026-10-01T15:41:22.8799085Z  * [new ref]         738fb321735460057c85a44eadc66bdb973c85d1 -> origin/migration/upstream-1feb705
Windows Debug and Release	Check out Hazel and its pinned submodules	2026-10-01T15:41:22.8827903Z ##[endgroup]
Windows Debug and Release	Check out Hazel and its pinned submodules	2026-10-01T15:41:22.8828731Z ##[group]Determining the checkout info
Windows Debug and Release	Check out Hazel and its pinned submodules	2026-10-01T15:41:22.8829871Z ##[endgroup]
Windows Debug and Release	Check out Hazel and its pinned submodules	2026-10-01T15:41:22.8839378Z [command]"C:\Program Files\Git\bin\git.exe" sparse-checkout disable
Windows Debug and Release	Check out Hazel and its pinned submodules	2026-10-01T15:41:22.9219566Z [command]"C:\Program Files\Git\bin\git.exe" config --local --unset-all extensions.worktreeConfig
Windows Debug and Release	Check out Hazel and its pinned submodules	2026-10-01T15:41:22.9489682Z ##[group]Checking out the ref
Windows Debug and Release	Check out Hazel and its pinned submodules	2026-10-01T15:41:22.9498204Z [command]"C:\Program Files\Git\bin\git.exe" checkout --progress --force -B migration/upstream-1feb705 refs/remotes/origin/migration/upstream-1feb705
Windows Debug and Release	Check out Hazel and its pinned submodules	2026-10-01T15:41:23.0447152Z Switched to a new branch 'migration/upstream-1feb705'
Windows Debug and Release	Check out Hazel and its pinned submodules	2026-10-01T15:41:23.0503258Z branch 'migration/upstream-1feb705' set up to track 'origin/migration/upstream-1feb705'.
Windows Debug and Release	Check out Hazel and its pinned submodules	2026-10-01T15:41:23.0539386Z ##[endgroup]
Windows Debug and Release	Check out Hazel and its pinned submodules	2026-10-01T15:41:23.0539891Z ##[group]Setting up auth for fetching submodules
Windows Debug and Release	Check out Hazel and its pinned submodules	2026-10-01T15:41:23.0548078Z [command]"C:\Program Files\Git\bin\git.exe" config --global http.https://github.com/.extraheader "AUTHORIZATION: basic ***"
Windows Debug and Release	Check out Hazel and its pinned submodules	2026-10-01T15:41:23.0781451Z [command]"C:\Program Files\Git\bin\git.exe" config --global --unset-all url.https://github.com/.insteadOf
Windows Debug and Release	Check out Hazel and its pinned submodules	2026-10-01T15:41:23.0999620Z [command]"C:\Program Files\Git\bin\git.exe" config --global --add url.https://github.com/.insteadOf git@github.com:
Windows Debug and Release	Check out Hazel and its pinned submodules	2026-10-01T15:41:23.1217230Z [command]"C:\Program Files\Git\bin\git.exe" config --global --add url.https://github.com/.insteadOf org-175961457@github.com:
Windows Debug and Release	Check out Hazel and its pinned submodules	2026-10-01T15:41:23.1442516Z ##[endgroup]
Windows Debug and Release	Check out Hazel and its pinned submodules	2026-10-01T15:41:23.1443258Z ##[group]Fetching submodules
Windows Debug and Release	Check out Hazel and its pinned submodules	2026-10-01T15:41:23.1450863Z [command]"C:\Program Files\Git\bin\git.exe" submodule sync --recursive
Windows Debug and Release	Check out Hazel and its pinned submodules	2026-10-01T15:41:23.7053537Z [command]"C:\Program Files\Git\bin\git.exe" -c protocol.version=2 submodule update --init --force --depth=1 --recursive
Windows Debug and Release	Check out Hazel and its pinned submodules	2026-10-01T15:41:24.3184331Z Submodule 'Hazel/vendor/GLFW' (https://github.com/TheCherno/glfw) registered for path 'Hazel/vendor/GLFW'
Windows Debug and Release	Check out Hazel and its pinned submodules	2026-10-01T15:41:24.3196728Z Submodule 'Hazel/vendor/glm' (https://github.com/g-truc/glm.git) registered for path 'Hazel/vendor/glm'
Windows Debug and Release	Check out Hazel and its pinned submodules	2026-10-01T15:41:24.3211523Z Submodule 'Hazel/vendor/imgui' (https://github.com/ocornut/imgui.git) registered for path 'Hazel/vendor/imgui'
Windows Debug and Release	Check out Hazel and its pinned submodules	2026-10-01T15:41:24.3226539Z Submodule 'Hazel/vendor/spdlog' (https://github.com/gabime/spdlog) registered for path 'Hazel/vendor/spdlog'
Windows Debug and Release	Check out Hazel and its pinned submodules	2026-10-01T15:41:24.3241989Z Submodule 'Hazel/vendor/yaml-cpp' (https://github.com/TheCherno/yaml-cpp.git) registered for path 'Hazel/vendor/yaml-cpp'
Windows Debug and Release	Check out Hazel and its pinned submodules	2026-10-01T15:41:24.3599703Z Cloning into 'D:/a/Hazel/Hazel/Hazel/vendor/GLFW'...
Windows Debug and Release	Check out Hazel and its pinned submodules	2026-10-01T15:41:25.3133792Z Cloning into 'D:/a/Hazel/Hazel/Hazel/vendor/glm'...
Windows Debug and Release	Check out Hazel and its pinned submodules	2026-10-01T15:41:26.4863770Z Cloning into 'D:/a/Hazel/Hazel/Hazel/vendor/imgui'...
Windows Debug and Release	Check out Hazel and its pinned submodules	2026-10-01T15:41:27.7524150Z Cloning into 'D:/a/Hazel/Hazel/Hazel/vendor/spdlog'...
Windows Debug and Release	Check out Hazel and its pinned submodules	2026-10-01T15:41:28.5660947Z Cloning into 'D:/a/Hazel/Hazel/Hazel/vendor/yaml-cpp'...
Windows Debug and Release	Check out Hazel and its pinned submodules	2026-10-01T15:41:29.6972573Z Submodule path 'Hazel/vendor/GLFW': checked out '026a148d7dd78d597de380c4e77ca0869f0ceaab'
Windows Debug and Release	Check out Hazel and its pinned submodules	2026-10-01T15:41:31.1364533Z From https://github.com/g-truc/glm
Windows Debug and Release	Check out Hazel and its pinned submodules	2026-10-01T15:41:31.1365238Z  * branch            8d1fd52e5ab5590e2c81768ace50c72bae28f2ed -> FETCH_HEAD
Windows Debug and Release	Check out Hazel and its pinned submodules	2026-10-01T15:41:31.4983953Z Submodule path 'Hazel/vendor/glm': checked out '8d1fd52e5ab5590e2c81768ace50c72bae28f2ed'
Windows Debug and Release	Check out Hazel and its pinned submodules	2026-10-01T15:41:33.1875448Z From https://github.com/ocornut/imgui
Windows Debug and Release	Check out Hazel and its pinned submodules	2026-10-01T15:41:33.1878237Z  * branch            e25e4526cd41cd6536194de098540d54244f54e9 -> FETCH_HEAD
Windows Debug and Release	Check out Hazel and its pinned submodules	2026-10-01T15:41:33.6096373Z Submodule path 'Hazel/vendor/imgui': checked out 'e25e4526cd41cd6536194de098540d54244f54e9'
Windows Debug and Release	Check out Hazel and its pinned submodules	2026-10-01T15:41:35.0159818Z From https://github.com/gabime/spdlog
Windows Debug and Release	Check out Hazel and its pinned submodules	2026-10-01T15:41:35.0160396Z  * branch            57cb5fb7a8ff30079751728234623230535a5c92 -> FETCH_HEAD
Windows Debug and Release	Check out Hazel and its pinned submodules	2026-10-01T15:41:35.0877724Z Submodule path 'Hazel/vendor/spdlog': checked out '57cb5fb7a8ff30079751728234623230535a5c92'
Windows Debug and Release	Check out Hazel and its pinned submodules	2026-10-01T15:41:36.4281804Z From https://github.com/TheCherno/yaml-cpp
Windows Debug and Release	Check out Hazel and its pinned submodules	2026-10-01T15:41:36.4282395Z  * branch            25be1f208665b9732ba40aa7b05ec2da97104192 -> FETCH_HEAD
Windows Debug and Release	Check out Hazel and its pinned submodules	2026-10-01T15:41:36.6501486Z Submodule path 'Hazel/vendor/yaml-cpp': checked out '25be1f208665b9732ba40aa7b05ec2da97104192'
Windows Debug and Release	Check out Hazel and its pinned submodules	2026-10-01T15:41:36.6694740Z [command]"C:\Program Files\Git\bin\git.exe" submodule foreach --recursive "git config --local gc.auto 0"
Windows Debug and Release	Check out Hazel and its pinned submodules	2026-10-01T15:41:37.1280791Z Entering 'Hazel/vendor/GLFW'
Windows Debug and Release	Check out Hazel and its pinned submodules	2026-10-01T15:41:37.1768297Z Entering 'Hazel/vendor/glm'
Windows Debug and Release	Check out Hazel and its pinned submodules	2026-10-01T15:41:37.2174074Z Entering 'Hazel/vendor/imgui'
Windows Debug and Release	Check out Hazel and its pinned submodules	2026-10-01T15:41:37.2566791Z Entering 'Hazel/vendor/spdlog'
Windows Debug and Release	Check out Hazel and its pinned submodules	2026-10-01T15:41:37.2964206Z Entering 'Hazel/vendor/yaml-cpp'
Windows Debug and Release	Check out Hazel and its pinned submodules	2026-10-01T15:41:37.3424963Z ##[endgroup]
Windows Debug and Release	Check out Hazel and its pinned submodules	2026-10-01T15:41:37.3425627Z ##[group]Persisting credentials for submodules
Windows Debug and Release	Check out Hazel and its pinned submodules	2026-10-01T15:41:37.3437754Z [command]"C:\Program Files\Git\bin\git.exe" submodule foreach --recursive "sh -c \"git config --local --name-only --get-regexp 'url\.https\:\/\/github\.com\/\.insteadOf' && git config --local --unset-all 'url.https://github.com/.insteadOf' || :\""
Windows Debug and Release	Check out Hazel and its pinned submodules	2026-10-01T15:41:37.7501995Z Entering 'Hazel/vendor/GLFW'
Windows Debug and Release	Check out Hazel and its pinned submodules	2026-10-01T15:41:37.8144511Z Entering 'Hazel/vendor/glm'
Windows Debug and Release	Check out Hazel and its pinned submodules	2026-10-01T15:41:37.8781827Z Entering 'Hazel/vendor/imgui'
Windows Debug and Release	Check out Hazel and its pinned submodules	2026-10-01T15:41:37.9406696Z Entering 'Hazel/vendor/spdlog'
Windows Debug and Release	Check out Hazel and its pinned submodules	2026-10-01T15:41:38.0047572Z Entering 'Hazel/vendor/yaml-cpp'
Windows Debug and Release	Check out Hazel and its pinned submodules	2026-10-01T15:41:38.0782675Z [command]"C:\Program Files\Git\bin\git.exe" submodule foreach --recursive "sh -c \"git config --local 'http.https://github.com/.extraheader' 'AUTHORIZATION: basic ***' && git config --local --show-origin --name-only --get-regexp remote.origin.url\""
Windows Debug and Release	Check out Hazel and its pinned submodules	2026-10-01T15:41:38.5229318Z Entering 'Hazel/vendor/GLFW'
Windows Debug and Release	Check out Hazel and its pinned submodules	2026-10-01T15:41:38.5873451Z file:D:/a/Hazel/Hazel/.git/modules/Hazel/vendor/GLFW/config	remote.origin.url
Windows Debug and Release	Check out Hazel and its pinned submodules	2026-10-01T15:41:38.6012703Z Entering 'Hazel/vendor/glm'
Windows Debug and Release	Check out Hazel and its pinned submodules	2026-10-01T15:41:38.6638237Z file:D:/a/Hazel/Hazel/.git/modules/Hazel/vendor/glm/config	remote.origin.url
Windows Debug and Release	Check out Hazel and its pinned submodules	2026-10-01T15:41:38.6782875Z Entering 'Hazel/vendor/imgui'
Windows Debug and Release	Check out Hazel and its pinned submodules	2026-10-01T15:41:38.7409394Z file:D:/a/Hazel/Hazel/.git/modules/Hazel/vendor/imgui/config	remote.origin.url
Windows Debug and Release	Check out Hazel and its pinned submodules	2026-10-01T15:41:38.7567114Z Entering 'Hazel/vendor/spdlog'
Windows Debug and Release	Check out Hazel and its pinned submodules	2026-10-01T15:41:38.8187643Z file:D:/a/Hazel/Hazel/.git/modules/Hazel/vendor/spdlog/config	remote.origin.url
Windows Debug and Release	Check out Hazel and its pinned submodules	2026-10-01T15:41:38.8321454Z Entering 'Hazel/vendor/yaml-cpp'
Windows Debug and Release	Check out Hazel and its pinned submodules	2026-10-01T15:41:38.8966171Z file:D:/a/Hazel/Hazel/.git/modules/Hazel/vendor/yaml-cpp/config	remote.origin.url
Windows Debug and Release	Check out Hazel and its pinned submodules	2026-10-01T15:41:38.9214152Z [command]"C:\Program Files\Git\bin\git.exe" submodule foreach --recursive "git config --local --add 'url.https://github.com/.insteadOf' 'git@github.com:'"
Windows Debug and Release	Check out Hazel and its pinned submodules	2026-10-01T15:41:39.3354613Z Entering 'Hazel/vendor/GLFW'
Windows Debug and Release	Check out Hazel and its pinned submodules	2026-10-01T15:41:39.3753759Z Entering 'Hazel/vendor/glm'
Windows Debug and Release	Check out Hazel and its pinned submodules	2026-10-01T15:41:39.4146448Z Entering 'Hazel/vendor/imgui'
Windows Debug and Release	Check out Hazel and its pinned submodules	2026-10-01T15:41:39.4540122Z Entering 'Hazel/vendor/spdlog'
Windows Debug and Release	Check out Hazel and its pinned submodules	2026-10-01T15:41:39.4932385Z Entering 'Hazel/vendor/yaml-cpp'
Windows Debug and Release	Check out Hazel and its pinned submodules	2026-10-01T15:41:39.5388326Z [command]"C:\Program Files\Git\bin\git.exe" submodule foreach --recursive "git config --local --add 'url.https://github.com/.insteadOf' 'org-175961457@github.com:'"
Windows Debug and Release	Check out Hazel and its pinned submodules	2026-10-01T15:41:39.9624313Z Entering 'Hazel/vendor/GLFW'
Windows Debug and Release	Check out Hazel and its pinned submodules	2026-10-01T15:41:40.0032929Z Entering 'Hazel/vendor/glm'
Windows Debug and Release	Check out Hazel and its pinned submodules	2026-10-01T15:41:40.0428584Z Entering 'Hazel/vendor/imgui'
Windows Debug and Release	Check out Hazel and its pinned submodules	2026-10-01T15:41:40.0829896Z Entering 'Hazel/vendor/spdlog'
Windows Debug and Release	Check out Hazel and its pinned submodules	2026-10-01T15:41:40.1228240Z Entering 'Hazel/vendor/yaml-cpp'
Windows Debug and Release	Check out Hazel and its pinned submodules	2026-10-01T15:41:40.1680964Z ##[endgroup]
Windows Debug and Release	Check out Hazel and its pinned submodules	2026-10-01T15:41:40.2035627Z [command]"C:\Program Files\Git\bin\git.exe" log -1 --format=%H
Windows Debug and Release	Check out Hazel and its pinned submodules	2026-10-01T15:41:40.2236993Z 738fb321735460057c85a44eadc66bdb973c85d1
Windows Debug and Release	Build a compatible Premake 5	﻿2026-10-01T15:41:40.2644302Z ##[group]Run git clone --filter=blob:none https://github.com/premake/premake-core.git "%RUNNER_TEMP%\premake-core"
Windows Debug and Release	Build a compatible Premake 5	2026-10-01T15:41:40.2645387Z ^[[36;1mgit clone --filter=blob:none https://github.com/premake/premake-core.git "%RUNNER_TEMP%\premake-core"^[[0m
Windows Debug and Release	Build a compatible Premake 5	2026-10-01T15:41:40.2646006Z ^[[36;1mif errorlevel 1 exit /b 1^[[0m
Windows Debug and Release	Build a compatible Premake 5	2026-10-01T15:41:40.2646543Z ^[[36;1mgit -C "%RUNNER_TEMP%\premake-core" checkout --detach 71f2d33946947e9cf704f00c24200381e360f593^[[0m
Windows Debug and Release	Build a compatible Premake 5	2026-10-01T15:41:40.2647077Z ^[[36;1mif errorlevel 1 exit /b 1^[[0m
Windows Debug and Release	Build a compatible Premake 5	2026-10-01T15:41:40.2647365Z ^[[36;1mcd /d "%RUNNER_TEMP%\premake-core"^[[0m
Windows Debug and Release	Build a compatible Premake 5	2026-10-01T15:41:40.2647751Z ^[[36;1mcall Bootstrap.bat vs2022 "PREMAKE_OPTS=--curl-src=none"^[[0m
Windows Debug and Release	Build a compatible Premake 5	2026-10-01T15:41:40.2648126Z ^[[36;1mif errorlevel 1 exit /b 1^[[0m
Windows Debug and Release	Build a compatible Premake 5	2026-10-01T15:41:40.2648490Z ^[[36;1mecho %RUNNER_TEMP%\premake-core\bin\release>>"%GITHUB_PATH%"^[[0m
Windows Debug and Release	Build a compatible Premake 5	2026-10-01T15:41:40.2675042Z shell: C:\Windows\system32\cmd.EXE /D /E:ON /V:OFF /S /C "CALL "{0}""
Windows Debug and Release	Build a compatible Premake 5	2026-10-01T15:41:40.2675455Z ##[endgroup]
Windows Debug and Release	Build a compatible Premake 5	2026-10-01T15:41:40.3022148Z Cloning into 'D:\a\_temp\premake-core'...
Windows Debug and Release	Build a compatible Premake 5	2026-10-01T15:41:42.4263015Z Updating files:   0% (1/2660)
Windows Debug and Release	Build a compatible Premake 5	2026-10-01T15:41:42.4333585Z Updating files:   1% (27/2660)
Windows Debug and Release	Build a compatible Premake 5	2026-10-01T15:41:42.4380876Z Updating files:   2% (54/2660)
Windows Debug and Release	Build a compatible Premake 5	2026-10-01T15:41:42.4440182Z Updating files:   3% (80/2660)
Windows Debug and Release	Build a compatible Premake 5	2026-10-01T15:41:42.4487374Z Updating files:   4% (107/2660)
Windows Debug and Release	Build a compatible Premake 5	2026-10-01T15:41:42.4534947Z Updating files:   5% (133/2660)
Windows Debug and Release	Build a compatible Premake 5	2026-10-01T15:41:42.4609990Z Updating files:   6% (160/2660)
Windows Debug and Release	Build a compatible Premake 5	2026-10-01T15:41:42.4658558Z Updating files:   7% (187/2660)
Windows Debug and Release	Build a compatible Premake 5	2026-10-01T15:41:42.4722109Z Updating files:   8% (213/2660)
Windows Debug and Release	Build a compatible Premake 5	2026-10-01T15:41:42.4789827Z Updating files:   9% (240/2660)
Windows Debug and Release	Build a compatible Premake 5	2026-10-01T15:41:42.4838629Z Updating files:  10% (266/2660)
Windows Debug and Release	Build a compatible Premake 5	2026-10-01T15:41:42.4897352Z Updating files:  11% (293/2660)
Windows Debug and Release	Build a compatible Premake 5	2026-10-01T15:41:42.4958691Z Updating files:  12% (320/2660)
Windows Debug and Release	Build a compatible Premake 5	2026-10-01T15:41:42.5035434Z Updating files:  13% (346/2660)
Windows Debug and Release	Build a compatible Premake 5	2026-10-01T15:41:42.5084003Z Updating files:  14% (373/2660)
Windows Debug and Release	Build a compatible Premake 5	2026-10-01T15:41:42.5207054Z Updating files:  15% (399/2660)
Windows Debug and Release	Build a compatible Premake 5	2026-10-01T15:41:42.5296653Z Updating files:  16% (426/2660)
Windows Debug and Release	Build a compatible Premake 5	2026-10-01T15:41:42.5347652Z Updating files:  17% (453/2660)
Windows Debug and Release	Build a compatible Premake 5	2026-10-01T15:41:42.5455787Z Updating files:  18% (479/2660)
Windows Debug and Release	Build a compatible Premake 5	2026-10-01T15:41:42.5545878Z Updating files:  19% (506/2660)
Windows Debug and Release	Build a compatible Premake 5	2026-10-01T15:41:42.5628371Z Updating files:  20% (532/2660)
Windows Debug and Release	Build a compatible Premake 5	2026-10-01T15:41:42.5697166Z Updating files:  21% (559/2660)
Windows Debug and Release	Build a compatible Premake 5	2026-10-01T15:41:42.5740116Z Updating files:  22% (586/2660)
Windows Debug and Release	Build a compatible Premake 5	2026-10-01T15:41:42.5791922Z Updating files:  23% (612/2660)
Windows Debug and Release	Build a compatible Premake 5	2026-10-01T15:41:42.5835127Z Updating files:  24% (639/2660)
Windows Debug and Release	Build a compatible Premake 5	2026-10-01T15:41:42.5916710Z Updating files:  25% (665/2660)
Windows Debug and Release	Build a compatible Premake 5	2026-10-01T15:41:42.5974662Z Updating files:  26% (692/2660)
Windows Debug and Release	Build a compatible Premake 5	2026-10-01T15:41:42.6031035Z Updating files:  27% (719/2660)
Windows Debug and Release	Build a compatible Premake 5	2026-10-01T15:41:42.6077815Z Updating files:  28% (745/2660)
Windows Debug and Release	Build a compatible Premake 5	2026-10-01T15:41:42.6158411Z Updating files:  29% (772/2660)
Windows Debug and Release	Build a compatible Premake 5	2026-10-01T15:41:42.6224932Z Updating files:  30% (798/2660)
Windows Debug and Release	Build a compatible Premake 5	2026-10-01T15:41:42.6320503Z Updating files:  31% (825/2660)
Windows Debug and Release	Build a compatible Premake 5	2026-10-01T15:41:42.6382699Z Updating files:  32% (852/2660)
Windows Debug and Release	Build a compatible Premake 5	2026-10-01T15:41:42.6445306Z Updating files:  33% (878/2660)
Windows Debug and Release	Build a compatible Premake 5	2026-10-01T15:41:42.6512736Z Updating files:  34% (905/2660)
Windows Debug and Release	Build a compatible Premake 5	2026-10-01T15:41:42.6592138Z Updating files:  35% (931/2660)
Windows Debug and Release	Build a compatible Premake 5	2026-10-01T15:41:42.6679976Z Updating files:  36% (958/2660)
Windows Debug and Release	Build a compatible Premake 5	2026-10-01T15:41:42.6743779Z Updating files:  37% (985/2660)
Windows Debug and Release	Build a compatible Premake 5	2026-10-01T15:41:42.6845816Z Updating files:  38% (1011/2660)
Windows Debug and Release	Build a compatible Premake 5	2026-10-01T15:41:42.6928091Z Updating files:  39% (1038/2660)
Windows Debug and Release	Build a compatible Premake 5	2026-10-01T15:41:42.7000651Z Updating files:  40% (1064/2660)
Windows Debug and Release	Build a compatible Premake 5	2026-10-01T15:41:42.7077189Z Updating files:  41% (1091/2660)
Windows Debug and Release	Build a compatible Premake 5	2026-10-01T15:41:42.7205531Z Updating files:  42% (1118/2660)
Windows Debug and Release	Build a compatible Premake 5	2026-10-01T15:41:42.7267630Z Updating files:  43% (1144/2660)
Windows Debug and Release	Build a compatible Premake 5	2026-10-01T15:41:42.7317473Z Updating files:  44% (1171/2660)
Windows Debug and Release	Build a compatible Premake 5	2026-10-01T15:41:42.7376854Z Updating files:  45% (1197/2660)
Windows Debug and Release	Build a compatible Premake 5	2026-10-01T15:41:42.7450371Z Updating files:  46% (1224/2660)
Windows Debug and Release	Build a compatible Premake 5	2026-10-01T15:41:42.7509903Z Updating files:  47% (1251/2660)
Windows Debug and Release	Build a compatible Premake 5	2026-10-01T15:41:42.7568400Z Updating files:  48% (1277/2660)
Windows Debug and Release	Build a compatible Premake 5	2026-10-01T15:41:42.7616504Z Updating files:  49% (1304/2660)
Windows Debug and Release	Build a compatible Premake 5	2026-10-01T15:41:42.7653751Z Updating files:  50% (1330/2660)
Windows Debug and Release	Build a compatible Premake 5	2026-10-01T15:41:42.7831217Z Updating files:  51% (1357/2660)
Windows Debug and Release	Build a compatible Premake 5	2026-10-01T15:41:42.7926385Z Updating files:  52% (1384/2660)
Windows Debug and Release	Build a compatible Premake 5	2026-10-01T15:41:42.8238017Z Updating files:  53% (1410/2660)
Windows Debug and Release	Build a compatible Premake 5	2026-10-01T15:41:42.8359690Z Updating files:  54% (1437/2660)
Windows Debug and Release	Build a compatible Premake 5	2026-10-01T15:41:42.8449710Z Updating files:  55% (1463/2660)
Windows Debug and Release	Build a compatible Premake 5	2026-10-01T15:41:42.8677263Z Updating files:  56% (1490/2660)
Windows Debug and Release	Build a compatible Premake 5	2026-10-01T15:41:42.8774677Z Updating files:  57% (1517/2660)
Windows Debug and Release	Build a compatible Premake 5	2026-10-01T15:41:42.9005298Z Updating files:  58% (1543/2660)
Windows Debug and Release	Build a compatible Premake 5	2026-10-01T15:41:42.9259968Z Updating files:  59% (1570/2660)
Windows Debug and Release	Build a compatible Premake 5	2026-10-01T15:41:42.9502214Z Updating files:  60% (1596/2660)
Windows Debug and Release	Build a compatible Premake 5	2026-10-01T15:41:42.9571007Z Updating files:  61% (1623/2660)
Windows Debug and Release	Build a compatible Premake 5	2026-10-01T15:41:42.9616876Z Updating files:  62% (1650/2660)
Windows Debug and Release	Build a compatible Premake 5	2026-10-01T15:41:42.9711258Z Updating files:  63% (1676/2660)
Windows Debug and Release	Build a compatible Premake 5	2026-10-01T15:41:42.9805651Z Updating files:  64% (1703/2660)
Windows Debug and Release	Build a compatible Premake 5	2026-10-01T15:41:42.9965578Z Updating files:  65% (1729/2660)
Windows Debug and Release	Build a compatible Premake 5	2026-10-01T15:41:43.0015522Z Updating files:  66% (1756/2660)
Windows Debug and Release	Build a compatible Premake 5	2026-10-01T15:41:43.0059052Z Updating files:  67% (1783/2660)
Windows Debug and Release	Build a compatible Premake 5	2026-10-01T15:41:43.0110699Z Updating files:  68% (1809/2660)
Windows Debug and Release	Build a compatible Premake 5	2026-10-01T15:41:43.0154108Z Updating files:  69% (1836/2660)
Windows Debug and Release	Build a compatible Premake 5	2026-10-01T15:41:43.0205922Z Updating files:  70% (1862/2660)
Windows Debug and Release	Build a compatible Premake 5	2026-10-01T15:41:43.0252932Z Updating files:  71% (1889/2660)
Windows Debug and Release	Build a compatible Premake 5	2026-10-01T15:41:43.0610391Z Updating files:  72% (1916/2660)
Windows Debug and Release	Build a compatible Premake 5	2026-10-01T15:41:43.0666246Z Updating files:  73% (1942/2660)
Windows Debug and Release	Build a compatible Premake 5	2026-10-01T15:41:43.0728369Z Updating files:  74% (1969/2660)
Windows Debug and Release	Build a compatible Premake 5	2026-10-01T15:41:43.0784700Z Updating files:  75% (1995/2660)
Windows Debug and Release	Build a compatible Premake 5	2026-10-01T15:41:43.0835800Z Updating files:  76% (2022/2660)
Windows Debug and Release	Build a compatible Premake 5	2026-10-01T15:41:43.0875059Z Updating files:  77% (2049/2660)
Windows Debug and Release	Build a compatible Premake 5	2026-10-01T15:41:43.0920783Z Updating files:  78% (2075/2660)
Windows Debug and Release	Build a compatible Premake 5	2026-10-01T15:41:43.0967734Z Updating files:  79% (2102/2660)
Windows Debug and Release	Build a compatible Premake 5	2026-10-01T15:41:43.1009625Z Updating files:  80% (2128/2660)
Windows Debug and Release	Build a compatible Premake 5	2026-10-01T15:41:43.1063311Z Updating files:  81% (2155/2660)
Windows Debug and Release	Build a compatible Premake 5	2026-10-01T15:41:43.1110009Z Updating files:  82% (2182/2660)
Windows Debug and Release	Build a compatible Premake 5	2026-10-01T15:41:43.1154048Z Updating files:  83% (2208/2660)
Windows Debug and Release	Build a compatible Premake 5	2026-10-01T15:41:43.1195835Z Updating files:  84% (2235/2660)
Windows Debug and Release	Build a compatible Premake 5	2026-10-01T15:41:43.1233297Z Updating files:  85% (2261/2660)
Windows Debug and Release	Build a compatible Premake 5	2026-10-01T15:41:43.1270185Z Updating files:  86% (2288/2660)
Windows Debug and Release	Build a compatible Premake 5	2026-10-01T15:41:43.1310721Z Updating files:  87% (2315/2660)
Windows Debug and Release	Build a compatible Premake 5	2026-10-01T15:41:43.1355727Z Updating files:  88% (2341/2660)
Windows Debug and Release	Build a compatible Premake 5	2026-10-01T15:41:43.1396051Z Updating files:  89% (2368/2660)
Windows Debug and Release	Build a compatible Premake 5	2026-10-01T15:41:43.1440444Z Updating files:  90% (2394/2660)
Windows Debug and Release	Build a compatible Premake 5	2026-10-01T15:41:43.1481232Z Updating files:  91% (2421/2660)
Windows Debug and Release	Build a compatible Premake 5	2026-10-01T15:41:43.1517108Z Updating files:  92% (2448/2660)
Windows Debug and Release	Build a compatible Premake 5	2026-10-01T15:41:43.1556396Z Updating files:  93% (2474/2660)
Windows Debug and Release	Build a compatible Premake 5	2026-10-01T15:41:43.1590094Z Updating files:  94% (2501/2660)
Windows Debug and Release	Build a compatible Premake 5	2026-10-01T15:41:43.1624325Z Updating files:  95% (2527/2660)
Windows Debug and Release	Build a compatible Premake 5	2026-10-01T15:41:43.1660563Z Updating files:  96% (2554/2660)
Windows Debug and Release	Build a compatible Premake 5	2026-10-01T15:41:43.1695018Z Updating files:  97% (2581/2660)
Windows Debug and Release	Build a compatible Premake 5	2026-10-01T15:41:43.1737404Z Updating files:  98% (2607/2660)
Windows Debug and Release	Build a compatible Premake 5	2026-10-01T15:41:43.1793868Z Updating files:  99% (2634/2660)
Windows Debug and Release	Build a compatible Premake 5	2026-10-01T15:41:43.1794547Z Updating files: 100% (2660/2660)
Windows Debug and Release	Build a compatible Premake 5	2026-10-01T15:41:43.1795155Z Updating files: 100% (2660/2660), done.
Windows Debug and Release	Build a compatible Premake 5	2026-10-01T15:41:43.6824670Z HEAD is now at 71f2d339 Fix annoying warning about `-fvisibility-inlines-hidden` being passed to C files with GCC. (#2808)
Windows Debug and Release	Build a compatible Premake 5	2026-10-01T15:41:44.2521764Z **********************************************************************
Windows Debug and Release	Build a compatible Premake 5	2026-10-01T15:41:44.2522533Z ** Visual Studio 2022 Developer Command Prompt v17.14.41
Windows Debug and Release	Build a compatible Premake 5	2026-10-01T15:41:44.2523000Z ** Copyright (c) 2025 Microsoft Corporation
Windows Debug and Release	Build a compatible Premake 5	2026-10-01T15:41:44.2523361Z **********************************************************************
Windows Debug and Release	Build a compatible Premake 5	2026-10-01T15:41:46.0938479Z [vcvarsall.bat] Environment initialized for: 'x64'
Windows Debug and Release	Build a compatible Premake 5	2026-10-01T15:41:46.2387118Z 
Windows Debug and Release	Build a compatible Premake 5	2026-10-01T15:41:46.2677379Z Microsoft (R) Program Maintenance Utility Version 14.44.35229.0
Windows Debug and Release	Build a compatible Premake 5	2026-10-01T15:41:46.2679308Z Copyright (C) Microsoft Corporation.  All rights reserved.
Windows Debug and Release	Build a compatible Premake 5	2026-10-01T15:41:46.2679742Z 
Windows Debug and Release	Build a compatible Premake 5	2026-10-01T15:41:46.2698357Z 	 if exist .\bin rmdir /s /q .\bin
Windows Debug and Release	Build a compatible Premake 5	2026-10-01T15:41:46.2922502Z 	 if exist .\build rmdir /s /q .\build
Windows Debug and Release	Build a compatible Premake 5	2026-10-01T15:41:46.3082410Z 	 if exist .\obj rmdir /s /q .\obj
Windows Debug and Release	Build a compatible Premake 5	2026-10-01T15:41:46.3241171Z 	if not exist build\bootstrap (mkdir build\bootstrap)
Windows Debug and Release	Build a compatible Premake 5	2026-10-01T15:41:46.3403959Z 	cl /Fo.\build\bootstrap\ /Fe.\build\bootstrap\premake_bootstrap.exe /DPREMAKE_NO_BUILTIN_SCRIPTS /DLUA_STATICLIB /DUNICODE /D_UNICODE /I"contrib/lua/src" /I"contrib/luashim" user32.lib ole32.lib advapi32.lib src/host/*.c			 contrib/lua/src/lapi.c		 contrib/lua/src/lauxlib.c	 contrib/lua/src/lbaselib.c	 contrib/lua/src/lbitlib.c	 contrib/lua/src/lcode.c		 contrib/lua/src/lcorolib.c	 contrib/lua/src/lctype.c		 contrib/lua/src/ldblib.c		 contrib/lua/src/ldebug.c		 contrib/lua/src/ldo.c		 contrib/lua/src/ldump.c		 contrib/lua/src/lfunc.c		 contrib/lua/src/lgc.c		 contrib/lua/src/linit.c		 contrib/lua/src/liolib.c		 contrib/lua/src/llex.c		 contrib/lua/src/lmathlib.c	 contrib/lua/src/lmem.c		 contrib/lua/src/loadlib.c	 contrib/lua/src/lobject.c	 contrib/lua/src/lopcodes.c	 contrib/lua/src/loslib.c		 contrib/lua/src/lparser.c	 contrib/lua/src/lstate.c		 contrib/lua/src/lstring.c	 contrib/lua/src/lstrlib.c	 contrib/lua/src/ltable.c		 contrib/lua/src/ltablib.c	 contrib/lua/src/ltm.c		 contrib/lua/src/lundump.c	 contrib/lua/src/lutf8lib.c	 contrib/lua/src/lvm.c		 contrib/lua/src/lzio.c
Windows Debug and Release	Build a compatible Premake 5	2026-10-01T15:41:46.7999861Z Microsoft (R) C/C++ Optimizing Compiler Version 19.44.35229 for x64
Windows Debug and Release	Build a compatible Premake 5	2026-10-01T15:41:46.8000790Z Copyright (C) Microsoft Corporation.  All rights reserved.
Windows Debug and Release	Build a compatible Premake 5	2026-10-01T15:41:46.8001258Z 
Windows Debug and Release	Build a compatible Premake 5	2026-10-01T15:41:46.8370447Z buffered_io.c
Windows Debug and Release	Build a compatible Premake 5	2026-10-01T15:41:53.3082360Z criteria_matches.c
Windows Debug and Release	Build a compatible Premake 5	2026-10-01T15:41:53.4577261Z curl_utils.c
Windows Debug and Release	Build a compatible Premake 5	2026-10-01T15:41:53.4631567Z debug_prompt.c
Windows Debug and Release	Build a compatible Premake 5	2026-10-01T15:41:53.5955642Z http_download.c
Windows Debug and Release	Build a compatible Premake 5	2026-10-01T15:41:53.7315703Z http_get.c
Windows Debug and Release	Build a compatible Premake 5	2026-10-01T15:41:53.8582996Z http_post.c
Windows Debug and Release	Build a compatible Premake 5	2026-10-01T15:41:53.9873409Z lua_auxlib.c
Windows Debug and Release	Build a compatible Premake 5	2026-10-01T15:41:54.1176244Z os_chdir.c
Windows Debug and Release	Build a compatible Premake 5	2026-10-01T15:41:54.2482464Z os_chmod.c
Windows Debug and Release	Build a compatible Premake 5	2026-10-01T15:41:54.3887223Z os_comparefiles.c
Windows Debug and Release	Build a compatible Premake 5	2026-10-01T15:41:54.5252955Z os_compile.c
Windows Debug and Release	Build a compatible Premake 5	2026-10-01T15:41:54.6562925Z os_copyfile.c
Windows Debug and Release	Build a compatible Premake 5	2026-10-01T15:41:54.7826997Z os_getcwd.c
Windows Debug and Release	Build a compatible Premake 5	2026-10-01T15:41:54.9095796Z os_getnumcpus.c
Windows Debug and Release	Build a compatible Premake 5	2026-10-01T15:41:55.0385293Z os_getpass.c
Windows Debug and Release	Build a compatible Premake 5	2026-10-01T15:41:55.1699053Z os_getversion.c
Windows Debug and Release	Build a compatible Premake 5	2026-10-01T15:41:55.2998519Z os_getWindowsRegistry.c
Windows Debug and Release	Build a compatible Premake 5	2026-10-01T15:41:55.4278908Z os_host.c
Windows Debug and Release	Build a compatible Premake 5	2026-10-01T15:41:55.5605817Z os_hostarch.c
Windows Debug and Release	Build a compatible Premake 5	2026-10-01T15:41:55.6904829Z Generating Code...
Windows Debug and Release	Build a compatible Premake 5	2026-10-01T15:41:56.2351177Z Compiling...
Windows Debug and Release	Build a compatible Premake 5	2026-10-01T15:41:56.2351675Z os_is64bit.c
Windows Debug and Release	Build a compatible Premake 5	2026-10-01T15:41:56.3625258Z os_isdir.c
Windows Debug and Release	Build a compatible Premake 5	2026-10-01T15:41:56.4942865Z os_isfile.c
Windows Debug and Release	Build a compatible Premake 5	2026-10-01T15:41:56.6225672Z os_islink.c
Windows Debug and Release	Build a compatible Premake 5	2026-10-01T15:41:56.7515493Z os_linkdir.c
Windows Debug and Release	Build a compatible Premake 5	2026-10-01T15:41:56.8750711Z os_linkfile.c
Windows Debug and Release	Build a compatible Premake 5	2026-10-01T15:41:57.0054783Z os_listWindowsRegistry.c
Windows Debug and Release	Build a compatible Premake 5	2026-10-01T15:41:57.1322567Z os_locate.c
Windows Debug and Release	Build a compatible Premake 5	2026-10-01T15:41:57.2608937Z os_match.c
Windows Debug and Release	Build a compatible Premake 5	2026-10-01T15:41:57.3867185Z os_mkdir.c
Windows Debug and Release	Build a compatible Premake 5	2026-10-01T15:41:57.5954471Z os_pathsearch.c
Windows Debug and Release	Build a compatible Premake 5	2026-10-01T15:41:57.7220913Z os_realpath.c
Windows Debug and Release	Build a compatible Premake 5	2026-10-01T15:41:57.8512670Z os_remove.c
Windows Debug and Release	Build a compatible Premake 5	2026-10-01T15:41:57.9780165Z os_rename.c
Windows Debug and Release	Build a compatible Premake 5	2026-10-01T15:41:58.1037189Z os_rmdir.c
Windows Debug and Release	Build a compatible Premake 5	2026-10-01T15:41:58.2296977Z os_stat.c
Windows Debug and Release	Build a compatible Premake 5	2026-10-01T15:41:58.3607980Z os_touchfile.c
Windows Debug and Release	Build a compatible Premake 5	2026-10-01T15:41:58.4903868Z os_uuid.c
Windows Debug and Release	Build a compatible Premake 5	2026-10-01T15:41:58.8920925Z os_writefile_ifnotequal.c
Windows Debug and Release	Build a compatible Premake 5	2026-10-01T15:41:59.0176668Z path_getabsolute.c
Windows Debug and Release	Build a compatible Premake 5	2026-10-01T15:41:59.1417887Z Generating Code...
Windows Debug and Release	Build a compatible Premake 5	2026-10-01T15:41:59.1983829Z Compiling...
Windows Debug and Release	Build a compatible Premake 5	2026-10-01T15:41:59.1984294Z path_getrelative.c
Windows Debug and Release	Build a compatible Premake 5	2026-10-01T15:41:59.3299369Z path_isabsolute.c
Windows Debug and Release	Build a compatible Premake 5	2026-10-01T15:41:59.4576064Z path_join.c
Windows Debug and Release	Build a compatible Premake 5	2026-10-01T15:41:59.5829219Z path_normalize.c
Windows Debug and Release	Build a compatible Premake 5	2026-10-01T15:41:59.7135578Z path_translate.c
Windows Debug and Release	Build a compatible Premake 5	2026-10-01T15:41:59.8422772Z path_wildcards.c
Windows Debug and Release	Build a compatible Premake 5	2026-10-01T15:41:59.9702914Z premake.c
Windows Debug and Release	Build a compatible Premake 5	2026-10-01T15:42:00.1055847Z premake_main.c
Windows Debug and Release	Build a compatible Premake 5	2026-10-01T15:42:00.2462070Z string_endswith.c
Windows Debug and Release	Build a compatible Premake 5	2026-10-01T15:42:00.3803989Z string_hash.c
Windows Debug and Release	Build a compatible Premake 5	2026-10-01T15:42:00.5117561Z string_sha1.c
Windows Debug and Release	Build a compatible Premake 5	2026-10-01T15:42:00.6396490Z string_startswith.c
Windows Debug and Release	Build a compatible Premake 5	2026-10-01T15:42:00.7696792Z term_textColor.c
Windows Debug and Release	Build a compatible Premake 5	2026-10-01T15:42:00.9002673Z zip_extract.c
Windows Debug and Release	Build a compatible Premake 5	2026-10-01T15:42:01.0304682Z zip_list.c
Windows Debug and Release	Build a compatible Premake 5	2026-10-01T15:42:01.1573878Z lapi.c
Windows Debug and Release	Build a compatible Premake 5	2026-10-01T15:42:01.1769813Z lauxlib.c
Windows Debug and Release	Build a compatible Premake 5	2026-10-01T15:42:01.5870596Z lbaselib.c
Windows Debug and Release	Build a compatible Premake 5	2026-10-01T15:42:01.6106599Z lbitlib.c
Windows Debug and Release	Build a compatible Premake 5	2026-10-01T15:42:01.6268112Z lcode.c
Windows Debug and Release	Build a compatible Premake 5	2026-10-01T15:42:01.6515753Z Generating Code...
Windows Debug and Release	Build a compatible Premake 5	2026-10-01T15:42:01.7239303Z Compiling...
Windows Debug and Release	Build a compatible Premake 5	2026-10-01T15:42:01.7239872Z lcorolib.c
Windows Debug and Release	Build a compatible Premake 5	2026-10-01T15:42:01.7437312Z lctype.c
Windows Debug and Release	Build a compatible Premake 5	2026-10-01T15:42:01.7526954Z ldblib.c
Windows Debug and Release	Build a compatible Premake 5	2026-10-01T15:42:01.7752606Z ldebug.c
Windows Debug and Release	Build a compatible Premake 5	2026-10-01T15:42:01.7918902Z ldo.c
Windows Debug and Release	Build a compatible Premake 5	2026-10-01T15:42:01.8117343Z ldump.c
Windows Debug and Release	Build a compatible Premake 5	2026-10-01T15:42:01.8225164Z lfunc.c
Windows Debug and Release	Build a compatible Premake 5	2026-10-01T15:42:01.8328968Z lgc.c
Windows Debug and Release	Build a compatible Premake 5	2026-10-01T15:42:01.8510644Z linit.c
Windows Debug and Release	Build a compatible Premake 5	2026-10-01T15:42:01.8674916Z liolib.c
Windows Debug and Release	Build a compatible Premake 5	2026-10-01T15:42:02.0596291Z llex.c
Windows Debug and Release	Build a compatible Premake 5	2026-10-01T15:42:02.0758202Z lmathlib.c
Windows Debug and Release	Build a compatible Premake 5	2026-10-01T15:42:02.0969038Z lmem.c
Windows Debug and Release	Build a compatible Premake 5	2026-10-01T15:42:02.1071516Z loadlib.c
Windows Debug and Release	Build a compatible Premake 5	2026-10-01T15:42:02.2959205Z lobject.c
Windows Debug and Release	Build a compatible Premake 5	2026-10-01T15:42:02.3234135Z lopcodes.c
Windows Debug and Release	Build a compatible Premake 5	2026-10-01T15:42:02.3329212Z loslib.c
Windows Debug and Release	Build a compatible Premake 5	2026-10-01T15:42:02.3893059Z lparser.c
Windows Debug and Release	Build a compatible Premake 5	2026-10-01T15:42:02.4125703Z lstate.c
Windows Debug and Release	Build a compatible Premake 5	2026-10-01T15:42:02.4279994Z lstring.c
Windows Debug and Release	Build a compatible Premake 5	2026-10-01T15:42:02.4429572Z Generating Code...
Windows Debug and Release	Build a compatible Premake 5	2026-10-01T15:42:02.5252360Z Compiling...
Windows Debug and Release	Build a compatible Premake 5	2026-10-01T15:42:02.5252652Z lstrlib.c
Windows Debug and Release	Build a compatible Premake 5	2026-10-01T15:42:02.5558764Z ltable.c
Windows Debug and Release	Build a compatible Premake 5	2026-10-01T15:42:02.5708097Z ltablib.c
Windows Debug and Release	Build a compatible Premake 5	2026-10-01T15:42:02.5915417Z ltm.c
Windows Debug and Release	Build a compatible Premake 5	2026-10-01T15:42:02.6052075Z lundump.c
Windows Debug and Release	Build a compatible Premake 5	2026-10-01T15:42:02.6191414Z lutf8lib.c
Windows Debug and Release	Build a compatible Premake 5	2026-10-01T15:42:02.6417544Z lvm.c
Windows Debug and Release	Build a compatible Premake 5	2026-10-01T15:42:02.6773344Z lzio.c
Windows Debug and Release	Build a compatible Premake 5	2026-10-01T15:42:02.6904113Z Generating Code...
Windows Debug and Release	Build a compatible Premake 5	2026-10-01T15:42:02.9155269Z Microsoft (R) Incremental Linker Version 14.44.35229.0
Windows Debug and Release	Build a compatible Premake 5	2026-10-01T15:42:02.9156311Z Copyright (C) Microsoft Corporation.  All rights reserved.
Windows Debug and Release	Build a compatible Premake 5	2026-10-01T15:42:02.9156910Z 
Windows Debug and Release	Build a compatible Premake 5	2026-10-01T15:42:02.9157122Z /out:.\build\bootstrap\premake_bootstrap.exe 
Windows Debug and Release	Build a compatible Premake 5	2026-10-01T15:42:02.9157927Z user32.lib 
Windows Debug and Release	Build a compatible Premake 5	2026-10-01T15:42:02.9158415Z ole32.lib 
Windows Debug and Release	Build a compatible Premake 5	2026-10-01T15:42:02.9159161Z advapi32.lib 
Windows Debug and Release	Build a compatible Premake 5	2026-10-01T15:42:02.9159657Z .\build\bootstrap\buffered_io.obj 
Windows Debug and Release	Build a compatible Premake 5	2026-10-01T15:42:02.9160377Z .\build\bootstrap\criteria_matches.obj 
Windows Debug and Release	Build a compatible Premake 5	2026-10-01T15:42:02.9161153Z .\build\bootstrap\curl_utils.obj 
Windows Debug and Release	Build a compatible Premake 5	2026-10-01T15:42:02.9161941Z .\build\bootstrap\debug_prompt.obj 
Windows Debug and Release	Build a compatible Premake 5	2026-10-01T15:42:02.9162546Z .\build\bootstrap\http_download.obj 
Windows Debug and Release	Build a compatible Premake 5	2026-10-01T15:42:02.9163110Z .\build\bootstrap\http_get.obj 
Windows Debug and Release	Build a compatible Premake 5	2026-10-01T15:42:02.9163568Z .\build\bootstrap\http_post.obj 
Windows Debug and Release	Build a compatible Premake 5	2026-10-01T15:42:02.9164061Z .\build\bootstrap\lua_auxlib.obj 
Windows Debug and Release	Build a compatible Premake 5	2026-10-01T15:42:02.9164578Z .\build\bootstrap\os_chdir.obj 
Windows Debug and Release	Build a compatible Premake 5	2026-10-01T15:42:02.9165090Z .\build\bootstrap\os_chmod.obj 
Windows Debug and Release	Build a compatible Premake 5	2026-10-01T15:42:02.9165424Z .\build\bootstrap\os_comparefiles.obj 
Windows Debug and Release	Build a compatible Premake 5	2026-10-01T15:42:02.9165785Z .\build\bootstrap\os_compile.obj 
Windows Debug and Release	Build a compatible Premake 5	2026-10-01T15:42:02.9166124Z .\build\bootstrap\os_copyfile.obj 
Windows Debug and Release	Build a compatible Premake 5	2026-10-01T15:42:02.9166471Z .\build\bootstrap\os_getcwd.obj 
Windows Debug and Release	Build a compatible Premake 5	2026-10-01T15:42:02.9166810Z .\build\bootstrap\os_getnumcpus.obj 
Windows Debug and Release	Build a compatible Premake 5	2026-10-01T15:42:02.9167161Z .\build\bootstrap\os_getpass.obj 
Windows Debug and Release	Build a compatible Premake 5	2026-10-01T15:42:02.9167493Z .\build\bootstrap\os_getversion.obj 
Windows Debug and Release	Build a compatible Premake 5	2026-10-01T15:42:02.9167862Z .\build\bootstrap\os_getWindowsRegistry.obj 
Windows Debug and Release	Build a compatible Premake 5	2026-10-01T15:42:02.9168246Z .\build\bootstrap\os_host.obj 
Windows Debug and Release	Build a compatible Premake 5	2026-10-01T15:42:02.9168565Z .\build\bootstrap\os_hostarch.obj 
Windows Debug and Release	Build a compatible Premake 5	2026-10-01T15:42:02.9168897Z .\build\bootstrap\os_is64bit.obj 
Windows Debug and Release	Build a compatible Premake 5	2026-10-01T15:42:02.9169221Z .\build\bootstrap\os_isdir.obj 
Windows Debug and Release	Build a compatible Premake 5	2026-10-01T15:42:02.9169535Z .\build\bootstrap\os_isfile.obj 
Windows Debug and Release	Build a compatible Premake 5	2026-10-01T15:42:02.9169859Z .\build\bootstrap\os_islink.obj 
Windows Debug and Release	Build a compatible Premake 5	2026-10-01T15:42:02.9170176Z .\build\bootstrap\os_linkdir.obj 
Windows Debug and Release	Build a compatible Premake 5	2026-10-01T15:42:02.9170497Z .\build\bootstrap\os_linkfile.obj 
Windows Debug and Release	Build a compatible Premake 5	2026-10-01T15:42:02.9170848Z .\build\bootstrap\os_listWindowsRegistry.obj 
Windows Debug and Release	Build a compatible Premake 5	2026-10-01T15:42:02.9171225Z .\build\bootstrap\os_locate.obj 
Windows Debug and Release	Build a compatible Premake 5	2026-10-01T15:42:02.9171531Z .\build\bootstrap\os_match.obj 
Windows Debug and Release	Build a compatible Premake 5	2026-10-01T15:42:02.9172028Z .\build\bootstrap\os_mkdir.obj 
Windows Debug and Release	Build a compatible Premake 5	2026-10-01T15:42:02.9172339Z .\build\bootstrap\os_pathsearch.obj 
Windows Debug and Release	Build a compatible Premake 5	2026-10-01T15:42:02.9172697Z .\build\bootstrap\os_realpath.obj 
Windows Debug and Release	Build a compatible Premake 5	2026-10-01T15:42:02.9173003Z .\build\bootstrap\os_remove.obj 
Windows Debug and Release	Build a compatible Premake 5	2026-10-01T15:42:02.9173260Z .\build\bootstrap\os_rename.obj 
Windows Debug and Release	Build a compatible Premake 5	2026-10-01T15:42:02.9173509Z .\build\bootstrap\os_rmdir.obj 
Windows Debug and Release	Build a compatible Premake 5	2026-10-01T15:42:02.9173750Z .\build\bootstrap\os_stat.obj 
Windows Debug and Release	Build a compatible Premake 5	2026-10-01T15:42:02.9173998Z .\build\bootstrap\os_touchfile.obj 
Windows Debug and Release	Build a compatible Premake 5	2026-10-01T15:42:02.9174253Z .\build\bootstrap\os_uuid.obj 
Windows Debug and Release	Build a compatible Premake 5	2026-10-01T15:42:02.9174514Z .\build\bootstrap\os_writefile_ifnotequal.obj 
Windows Debug and Release	Build a compatible Premake 5	2026-10-01T15:42:02.9174823Z .\build\bootstrap\path_getabsolute.obj 
Windows Debug and Release	Build a compatible Premake 5	2026-10-01T15:42:02.9175127Z .\build\bootstrap\path_getrelative.obj 
Windows Debug and Release	Build a compatible Premake 5	2026-10-01T15:42:02.9175416Z .\build\bootstrap\path_isabsolute.obj 
Windows Debug and Release	Build a compatible Premake 5	2026-10-01T15:42:02.9175691Z .\build\bootstrap\path_join.obj 
Windows Debug and Release	Build a compatible Premake 5	2026-10-01T15:42:02.9175954Z .\build\bootstrap\path_normalize.obj 
Windows Debug and Release	Build a compatible Premake 5	2026-10-01T15:42:02.9176225Z .\build\bootstrap\path_translate.obj 
Windows Debug and Release	Build a compatible Premake 5	2026-10-01T15:42:02.9176496Z .\build\bootstrap\path_wildcards.obj 
Windows Debug and Release	Build a compatible Premake 5	2026-10-01T15:42:02.9176762Z .\build\bootstrap\premake.obj 
Windows Debug and Release	Build a compatible Premake 5	2026-10-01T15:42:02.9177013Z .\build\bootstrap\premake_main.obj 
Windows Debug and Release	Build a compatible Premake 5	2026-10-01T15:42:02.9177283Z .\build\bootstrap\string_endswith.obj 
Windows Debug and Release	Build a compatible Premake 5	2026-10-01T15:42:02.9177550Z .\build\bootstrap\string_hash.obj 
Windows Debug and Release	Build a compatible Premake 5	2026-10-01T15:42:02.9177803Z .\build\bootstrap\string_sha1.obj 
Windows Debug and Release	Build a compatible Premake 5	2026-10-01T15:42:02.9178072Z .\build\bootstrap\string_startswith.obj 
Windows Debug and Release	Build a compatible Premake 5	2026-10-01T15:42:02.9178356Z .\build\bootstrap\term_textColor.obj 
Windows Debug and Release	Build a compatible Premake 5	2026-10-01T15:42:02.9178615Z .\build\bootstrap\zip_extract.obj 
Windows Debug and Release	Build a compatible Premake 5	2026-10-01T15:42:02.9178870Z .\build\bootstrap\zip_list.obj 
Windows Debug and Release	Build a compatible Premake 5	2026-10-01T15:42:02.9179112Z .\build\bootstrap\lapi.obj 
Windows Debug and Release	Build a compatible Premake 5	2026-10-01T15:42:02.9179347Z .\build\bootstrap\lauxlib.obj 
Windows Debug and Release	Build a compatible Premake 5	2026-10-01T15:42:02.9179585Z .\build\bootstrap\lbaselib.obj 
Windows Debug and Release	Build a compatible Premake 5	2026-10-01T15:42:02.9179823Z .\build\bootstrap\lbitlib.obj 
Windows Debug and Release	Build a compatible Premake 5	2026-10-01T15:42:02.9180095Z .\build\bootstrap\lcode.obj 
Windows Debug and Release	Build a compatible Premake 5	2026-10-01T15:42:02.9180338Z .\build\bootstrap\lcorolib.obj 
Windows Debug and Release	Build a compatible Premake 5	2026-10-01T15:42:02.9180579Z .\build\bootstrap\lctype.obj 
Windows Debug and Release	Build a compatible Premake 5	2026-10-01T15:42:02.9180910Z .\build\bootstrap\ldblib.obj 
Windows Debug and Release	Build a compatible Premake 5	2026-10-01T15:42:02.9181142Z .\build\bootstrap\ldebug.obj 
Windows Debug and Release	Build a compatible Premake 5	2026-10-01T15:42:02.9181369Z .\build\bootstrap\ldo.obj 
Windows Debug and Release	Build a compatible Premake 5	2026-10-01T15:42:02.9181596Z .\build\bootstrap\ldump.obj 
Windows Debug and Release	Build a compatible Premake 5	2026-10-01T15:42:02.9181820Z .\build\bootstrap\lfunc.obj 
Windows Debug and Release	Build a compatible Premake 5	2026-10-01T15:42:02.9182040Z .\build\bootstrap\lgc.obj 
Windows Debug and Release	Build a compatible Premake 5	2026-10-01T15:42:02.9182258Z .\build\bootstrap\linit.obj 
Windows Debug and Release	Build a compatible Premake 5	2026-10-01T15:42:02.9182485Z .\build\bootstrap\liolib.obj 
Windows Debug and Release	Build a compatible Premake 5	2026-10-01T15:42:02.9182718Z .\build\bootstrap\llex.obj 
Windows Debug and Release	Build a compatible Premake 5	2026-10-01T15:42:02.9182951Z .\build\bootstrap\lmathlib.obj 
Windows Debug and Release	Build a compatible Premake 5	2026-10-01T15:42:02.9183188Z .\build\bootstrap\lmem.obj 
Windows Debug and Release	Build a compatible Premake 5	2026-10-01T15:42:02.9183606Z .\build\bootstrap\loadlib.obj 
Windows Debug and Release	Build a compatible Premake 5	2026-10-01T15:42:02.9183844Z .\build\bootstrap\lobject.obj 
Windows Debug and Release	Build a compatible Premake 5	2026-10-01T15:42:02.9184078Z .\build\bootstrap\lopcodes.obj 
Windows Debug and Release	Build a compatible Premake 5	2026-10-01T15:42:02.9184316Z .\build\bootstrap\loslib.obj 
Windows Debug and Release	Build a compatible Premake 5	2026-10-01T15:42:02.9184546Z .\build\bootstrap\lparser.obj 
Windows Debug and Release	Build a compatible Premake 5	2026-10-01T15:42:02.9184791Z .\build\bootstrap\lstate.obj 
Windows Debug and Release	Build a compatible Premake 5	2026-10-01T15:42:02.9185020Z .\build\bootstrap\lstring.obj 
Windows Debug and Release	Build a compatible Premake 5	2026-10-01T15:42:02.9185255Z .\build\bootstrap\lstrlib.obj 
Windows Debug and Release	Build a compatible Premake 5	2026-10-01T15:42:02.9185484Z .\build\bootstrap\ltable.obj 
Windows Debug and Release	Build a compatible Premake 5	2026-10-01T15:42:02.9185721Z .\build\bootstrap\ltablib.obj 
Windows Debug and Release	Build a compatible Premake 5	2026-10-01T15:42:02.9185951Z .\build\bootstrap\ltm.obj 
Windows Debug and Release	Build a compatible Premake 5	2026-10-01T15:42:02.9186180Z .\build\bootstrap\lundump.obj 
Windows Debug and Release	Build a compatible Premake 5	2026-10-01T15:42:02.9186417Z .\build\bootstrap\lutf8lib.obj 
Windows Debug and Release	Build a compatible Premake 5	2026-10-01T15:42:02.9186648Z .\build\bootstrap\lvm.obj 
Windows Debug and Release	Build a compatible Premake 5	2026-10-01T15:42:02.9186874Z .\build\bootstrap\lzio.obj 
Windows Debug and Release	Build a compatible Premake 5	2026-10-01T15:42:05.2882658Z 	.\build\bootstrap\premake_bootstrap.exe embed
Windows Debug and Release	Build a compatible Premake 5	2026-10-01T15:42:06.5084897Z Running action 'embed'...
Windows Debug and Release	Build a compatible Premake 5	2026-10-01T15:42:06.5487879Z Compiling... 
Windows Debug and Release	Build a compatible Premake 5	2026-10-01T15:42:06.7822537Z Embedding...
Windows Debug and Release	Build a compatible Premake 5	2026-10-01T15:42:07.1910956Z Writing...
Windows Debug and Release	Build a compatible Premake 5	2026-10-01T15:42:07.1929679Z Generated ../src/scripts.c...
Windows Debug and Release	Build a compatible Premake 5	2026-10-01T15:42:07.2176270Z 	.\build\bootstrap\premake_bootstrap --arch=x64 --to=build/bootstrap --curl-src=none vs2022
Windows Debug and Release	Build a compatible Premake 5	2026-10-01T15:42:07.2899262Z Current git tag: 	nil
Windows Debug and Release	Build a compatible Premake 5	2026-10-01T15:42:07.2953994Z Building configurations...
Windows Debug and Release	Build a compatible Premake 5	2026-10-01T15:42:07.8332446Z Running action 'vs2022'...
Windows Debug and Release	Build a compatible Premake 5	2026-10-01T15:42:07.8355030Z Generated build/bootstrap/Premake5.sln...
Windows Debug and Release	Build a compatible Premake 5	2026-10-01T15:42:07.8385147Z Generated build/bootstrap/Github.vcxproj...
Windows Debug and Release	Build a compatible Premake 5	2026-10-01T15:42:07.8390993Z Generated build/bootstrap/Github.vcxproj.filters...
Windows Debug and Release	Build a compatible Premake 5	2026-10-01T15:42:07.9738294Z Generated build/bootstrap/Premake5.vcxproj...
Windows Debug and Release	Build a compatible Premake 5	2026-10-01T15:42:07.9743510Z Generated build/bootstrap/Premake5.vcxproj.user...
Windows Debug and Release	Build a compatible Premake 5	2026-10-01T15:42:07.9834518Z Generated build/bootstrap/Premake5.vcxproj.filters...
Windows Debug and Release	Build a compatible Premake 5	2026-10-01T15:42:08.1000204Z Generated build/bootstrap/Web.vcxproj...
Windows Debug and Release	Build a compatible Premake 5	2026-10-01T15:42:08.1091325Z Generated build/bootstrap/Web.vcxproj.filters...
Windows Debug and Release	Build a compatible Premake 5	2026-10-01T15:42:08.1134152Z Generated build/bootstrap/example.vcxproj...
Windows Debug and Release	Build a compatible Premake 5	2026-10-01T15:42:08.1428545Z Generated build/bootstrap/lua-lib.vcxproj...
Windows Debug and Release	Build a compatible Premake 5	2026-10-01T15:42:08.1473116Z Generated build/bootstrap/luashim-lib.vcxproj...
Windows Debug and Release	Build a compatible Premake 5	2026-10-01T15:42:08.1664714Z Generated build/bootstrap/luasocket.vcxproj...
Windows Debug and Release	Build a compatible Premake 5	2026-10-01T15:42:08.1676603Z Generated build/bootstrap/luasocket.vcxproj.filters...
Windows Debug and Release	Build a compatible Premake 5	2026-10-01T15:42:08.2330679Z Generated build/bootstrap/zip-lib.vcxproj...
Windows Debug and Release	Build a compatible Premake 5	2026-10-01T15:42:08.2349237Z Generated build/bootstrap/zip-lib.vcxproj.filters...
Windows Debug and Release	Build a compatible Premake 5	2026-10-01T15:42:08.2507330Z Generated build/bootstrap/zlib-lib.vcxproj...
Windows Debug and Release	Build a compatible Premake 5	2026-10-01T15:42:08.2510104Z Done (1025ms).
Windows Debug and Release	Build a compatible Premake 5	2026-10-01T15:42:08.2842983Z 	devenv .\build\bootstrap\Premake5.sln /Upgrade
Windows Debug and Release	Build a compatible Premake 5	2026-10-01T15:42:55.0759959Z 
Windows Debug and Release	Build a compatible Premake 5	2026-10-01T15:42:55.0761177Z Microsoft Visual Studio 2022 Version 17.14.41 (September 2026).
Windows Debug and Release	Build a compatible Premake 5	2026-10-01T15:42:55.0762001Z Copyright (C) Microsoft Corp. All rights reserved.
Windows Debug and Release	Build a compatible Premake 5	2026-10-01T15:42:55.0762749Z Upgrading project 'example'...
Windows Debug and Release	Build a compatible Premake 5	2026-10-01T15:42:55.0769092Z 	Configuration 'Debug|x64': no platform toolset upgrade required. Platform Toolset is 'v143'.
Windows Debug and Release	Build a compatible Premake 5	2026-10-01T15:42:55.0771878Z 	Configuration 'Release|x64': no platform toolset upgrade required. Platform Toolset is 'v143'.
Windows Debug and Release	Build a compatible Premake 5	2026-10-01T15:42:55.2384798Z Upgrading project 'luasocket'...
Windows Debug and Release	Build a compatible Premake 5	2026-10-01T15:42:55.2387606Z 	Configuration 'Debug|x64': no platform toolset upgrade required. Platform Toolset is 'v143'.
Windows Debug and Release	Build a compatible Premake 5	2026-10-01T15:42:55.2390339Z 	Configuration 'Release|x64': no platform toolset upgrade required. Platform Toolset is 'v143'.
Windows Debug and Release	Build a compatible Premake 5	2026-10-01T15:42:55.3036146Z Upgrading project 'Github'...
Windows Debug and Release	Build a compatible Premake 5	2026-10-01T15:42:55.3038552Z 	Configuration 'Debug|x64': no platform toolset upgrade required. Platform Toolset is 'v143'.
Windows Debug and Release	Build a compatible Premake 5	2026-10-01T15:42:55.3041163Z 	Configuration 'Release|x64': no platform toolset upgrade required. Platform Toolset is 'v143'.
Windows Debug and Release	Build a compatible Premake 5	2026-10-01T15:42:55.3934166Z Upgrading project 'Premake5'...
Windows Debug and Release	Build a compatible Premake 5	2026-10-01T15:42:55.3936765Z 	Configuration 'Debug|x64': no platform toolset upgrade required. Platform Toolset is 'v143'.
Windows Debug and Release	Build a compatible Premake 5	2026-10-01T15:42:55.3939043Z 	Configuration 'Release|x64': no platform toolset upgrade required. Platform Toolset is 'v143'.
Windows Debug and Release	Build a compatible Premake 5	2026-10-01T15:42:55.4707828Z Upgrading project 'Web'...
Windows Debug and Release	Build a compatible Premake 5	2026-10-01T15:42:55.4710237Z 	Configuration 'Debug|x64': no platform toolset upgrade required. Platform Toolset is 'v143'.
Windows Debug and Release	Build a compatible Premake 5	2026-10-01T15:42:55.4712880Z 	Configuration 'Release|x64': no platform toolset upgrade required. Platform Toolset is 'v143'.
Windows Debug and Release	Build a compatible Premake 5	2026-10-01T15:42:55.5491060Z Upgrading project 'lua-lib'...
Windows Debug and Release	Build a compatible Premake 5	2026-10-01T15:42:55.5493840Z 	Configuration 'Debug|x64': no platform toolset upgrade required. Platform Toolset is 'v143'.
Windows Debug and Release	Build a compatible Premake 5	2026-10-01T15:42:55.5496318Z 	Configuration 'Release|x64': no platform toolset upgrade required. Platform Toolset is 'v143'.
Windows Debug and Release	Build a compatible Premake 5	2026-10-01T15:42:55.6285857Z Upgrading project 'luashim-lib'...
Windows Debug and Release	Build a compatible Premake 5	2026-10-01T15:42:55.6288828Z 	Configuration 'Debug|x64': no platform toolset upgrade required. Platform Toolset is 'v143'.
Windows Debug and Release	Build a compatible Premake 5	2026-10-01T15:42:55.6291401Z 	Configuration 'Release|x64': no platform toolset upgrade required. Platform Toolset is 'v143'.
Windows Debug and Release	Build a compatible Premake 5	2026-10-01T15:42:55.7023693Z Upgrading project 'zip-lib'...
Windows Debug and Release	Build a compatible Premake 5	2026-10-01T15:42:55.7026078Z 	Configuration 'Debug|x64': no platform toolset upgrade required. Platform Toolset is 'v143'.
Windows Debug and Release	Build a compatible Premake 5	2026-10-01T15:42:55.7028703Z 	Configuration 'Release|x64': no platform toolset upgrade required. Platform Toolset is 'v143'.
Windows Debug and Release	Build a compatible Premake 5	2026-10-01T15:42:55.7742729Z Upgrading project 'zlib-lib'...
Windows Debug and Release	Build a compatible Premake 5	2026-10-01T15:42:55.7745437Z 	Configuration 'Debug|x64': no platform toolset upgrade required. Platform Toolset is 'v143'.
Windows Debug and Release	Build a compatible Premake 5	2026-10-01T15:42:55.7748098Z 	Configuration 'Release|x64': no platform toolset upgrade required. Platform Toolset is 'v143'.
Windows Debug and Release	Build a compatible Premake 5	2026-10-01T15:42:58.6149797Z 	devenv .\build\bootstrap\Premake5.sln /Build "release|x64"
Windows Debug and Release	Build a compatible Premake 5	2026-10-01T15:43:03.3256369Z 
Windows Debug and Release	Build a compatible Premake 5	2026-10-01T15:43:03.3257321Z Microsoft Visual Studio 2022 Version 17.14.41 (September 2026).
Windows Debug and Release	Build a compatible Premake 5	2026-10-01T15:43:03.3258096Z Copyright (C) Microsoft Corp. All rights reserved.
Windows Debug and Release	Build a compatible Premake 5	2026-10-01T15:43:03.3258656Z Build started at 3:43 PM...
Windows Debug and Release	Build a compatible Premake 5	2026-10-01T15:43:04.0268317Z 1>------ Build started: Project: zlib-lib, Configuration: Release x64 ------
Windows Debug and Release	Build a compatible Premake 5	2026-10-01T15:43:05.8857209Z 2>------ Build started: Project: zip-lib, Configuration: Release x64 ------
Windows Debug and Release	Build a compatible Premake 5	2026-10-01T15:43:07.1411712Z 3>------ Build started: Project: luashim-lib, Configuration: Release x64 ------
Windows Debug and Release	Build a compatible Premake 5	2026-10-01T15:43:07.2600849Z 4>------ Build started: Project: lua-lib, Configuration: Release x64 ------
Windows Debug and Release	Build a compatible Premake 5	2026-10-01T15:43:08.4398734Z 2>mkstemp.c
Windows Debug and Release	Build a compatible Premake 5	2026-10-01T15:43:08.4582602Z 2>zip_add.c
Windows Debug and Release	Build a compatible Premake 5	2026-10-01T15:43:08.4619786Z 2>zip_add_dir.c
Windows Debug and Release	Build a compatible Premake 5	2026-10-01T15:43:08.4629189Z 3>luashim.c
Windows Debug and Release	Build a compatible Premake 5	2026-10-01T15:43:08.4631363Z 4>lapi.c
Windows Debug and Release	Build a compatible Premake 5	2026-10-01T15:43:08.4633035Z 4>lauxlib.c
Windows Debug and Release	Build a compatible Premake 5	2026-10-01T15:43:08.4633379Z 4>lbaselib.c
Windows Debug and Release	Build a compatible Premake 5	2026-10-01T15:43:08.4633686Z 4>lbitlib.c
Windows Debug and Release	Build a compatible Premake 5	2026-10-01T15:43:08.4633988Z 1>adler32.c
Windows Debug and Release	Build a compatible Premake 5	2026-10-01T15:43:08.4914563Z 1>compress.c
Windows Debug and Release	Build a compatible Premake 5	2026-10-01T15:43:08.4918445Z 1>crc32.c
Windows Debug and Release	Build a compatible Premake 5	2026-10-01T15:43:08.4924091Z 1>deflate.c
Windows Debug and Release	Build a compatible Premake 5	2026-10-01T15:43:08.4927179Z 2>zip_add_entry.c
Windows Debug and Release	Build a compatible Premake 5	2026-10-01T15:43:08.7258212Z 3>luashim-lib.vcxproj -> D:\a\_temp\premake-core\build\bootstrap\bin\x64\Release\luashim-lib.lib
Windows Debug and Release	Build a compatible Premake 5	2026-10-01T15:43:09.2836806Z 1>gzclose.c
Windows Debug and Release	Build a compatible Premake 5	2026-10-01T15:43:09.6637410Z 4>lcode.c
Windows Debug and Release	Build a compatible Premake 5	2026-10-01T15:43:09.9862051Z 2>zip_close.c
Windows Debug and Release	Build a compatible Premake 5	2026-10-01T15:43:10.3299869Z 1>gzlib.c
Windows Debug and Release	Build a compatible Premake 5	2026-10-01T15:43:10.7357737Z 4>lcorolib.c
Windows Debug and Release	Build a compatible Premake 5	2026-10-01T15:43:10.9515883Z 2>zip_delete.c
Windows Debug and Release	Build a compatible Premake 5	2026-10-01T15:43:11.1923661Z 1>gzread.c
Windows Debug and Release	Build a compatible Premake 5	2026-10-01T15:43:11.3494839Z 4>lctype.c
Windows Debug and Release	Build a compatible Premake 5	2026-10-01T15:43:11.5693651Z 2>zip_dir_add.c
Windows Debug and Release	Build a compatible Premake 5	2026-10-01T15:43:11.7269818Z 1>gzwrite.c
Windows Debug and Release	Build a compatible Premake 5	2026-10-01T15:43:11.8409498Z 4>ldblib.c
Windows Debug and Release	Build a compatible Premake 5	2026-10-01T15:43:12.0631773Z 2>zip_dirent.c
Windows Debug and Release	Build a compatible Premake 5	2026-10-01T15:43:12.3502299Z 1>infback.c
Windows Debug and Release	Build a compatible Premake 5	2026-10-01T15:43:12.5405544Z 4>ldebug.c
Windows Debug and Release	Build a compatible Premake 5	2026-10-01T15:43:12.7539726Z 2>zip_discard.c
Windows Debug and Release	Build a compatible Premake 5	2026-10-01T15:43:12.8132423Z 1>inffast.c
Windows Debug and Release	Build a compatible Premake 5	2026-10-01T15:43:12.9310977Z 1>inflate.c
Windows Debug and Release	Build a compatible Premake 5	2026-10-01T15:43:13.0411282Z 4>ldo.c
Windows Debug and Release	Build a compatible Premake 5	2026-10-01T15:43:13.1183840Z 2>zip_entry.c
Windows Debug and Release	Build a compatible Premake 5	2026-10-01T15:43:13.2150025Z 1>inftrees.c
Windows Debug and Release	Build a compatible Premake 5	2026-10-01T15:43:13.2614586Z 4>ldump.c
Windows Debug and Release	Build a compatible Premake 5	2026-10-01T15:43:13.4130200Z 4>lfunc.c
Windows Debug and Release	Build a compatible Premake 5	2026-10-01T15:43:13.5272258Z 2>zip_err_str.c
Windows Debug and Release	Build a compatible Premake 5	2026-10-01T15:43:13.5412552Z 1>trees.c
Windows Debug and Release	Build a compatible Premake 5	2026-10-01T15:43:13.5826771Z 1>uncompr.c
Windows Debug and Release	Build a compatible Premake 5	2026-10-01T15:43:13.5843249Z 1>zutil.c
Windows Debug and Release	Build a compatible Premake 5	2026-10-01T15:43:13.5868048Z 1>zlib-lib.vcxproj -> D:\a\_temp\premake-core\build\bootstrap\bin\x64\Release\zlib-lib.lib
Windows Debug and Release	Build a compatible Premake 5	2026-10-01T15:43:13.5886706Z 4>lgc.c
Windows Debug and Release	Build a compatible Premake 5	2026-10-01T15:43:13.6165512Z 4>linit.c
Windows Debug and Release	Build a compatible Premake 5	2026-10-01T15:43:13.7344672Z 4>liolib.c
Windows Debug and Release	Build a compatible Premake 5	2026-10-01T15:43:13.8490727Z 2>zip_error.c
Windows Debug and Release	Build a compatible Premake 5	2026-10-01T15:43:14.0712080Z 5>------ Build started: Project: luasocket, Configuration: Release x64 ------
Windows Debug and Release	Build a compatible Premake 5	2026-10-01T15:43:14.1034943Z 4>llex.c
Windows Debug and Release	Build a compatible Premake 5	2026-10-01T15:43:14.2364475Z 4>lmathlib.c
Windows Debug and Release	Build a compatible Premake 5	2026-10-01T15:43:14.3283888Z 2>zip_error_clear.c
Windows Debug and Release	Build a compatible Premake 5	2026-10-01T15:43:14.3991325Z 4>lmem.c
Windows Debug and Release	Build a compatible Premake 5	2026-10-01T15:43:14.5212274Z 4>loadlib.c
Windows Debug and Release	Build a compatible Premake 5	2026-10-01T15:43:14.5737892Z 2>zip_error_get.c
Windows Debug and Release	Build a compatible Premake 5	2026-10-01T15:43:14.7143318Z 4>lobject.c
Windows Debug and Release	Build a compatible Premake 5	2026-10-01T15:43:14.8311695Z 2>zip_error_get_sys_type.c
Windows Debug and Release	Build a compatible Premake 5	2026-10-01T15:43:15.0730448Z 4>lopcodes.c
Windows Debug and Release	Build a compatible Premake 5	2026-10-01T15:43:15.1111078Z 4>loslib.c
Windows Debug and Release	Build a compatible Premake 5	2026-10-01T15:43:15.1258682Z 4>lparser.c
Windows Debug and Release	Build a compatible Premake 5	2026-10-01T15:43:15.1738104Z 4>lstate.c
Windows Debug and Release	Build a compatible Premake 5	2026-10-01T15:43:15.1747757Z 2>zip_error_strerror.c
Windows Debug and Release	Build a compatible Premake 5	2026-10-01T15:43:15.1792716Z 2>zip_error_to_str.c
Windows Debug and Release	Build a compatible Premake 5	2026-10-01T15:43:15.1822635Z 2>zip_extra_field.c
Windows Debug and Release	Build a compatible Premake 5	2026-10-01T15:43:15.1823365Z 2>zip_extra_field_api.c
Windows Debug and Release	Build a compatible Premake 5	2026-10-01T15:43:15.1938439Z 2>zip_fclose.c
Windows Debug and Release	Build a compatible Premake 5	2026-10-01T15:43:15.2011326Z 2>zip_fdopen.c
Windows Debug and Release	Build a compatible Premake 5	2026-10-01T15:43:15.2742765Z 2>zip_file_add.c
Windows Debug and Release	Build a compatible Premake 5	2026-10-01T15:43:15.3367199Z 2>zip_file_error_clear.c
Windows Debug and Release	Build a compatible Premake 5	2026-10-01T15:43:15.3753717Z 2>zip_file_error_get.c
Windows Debug and Release	Build a compatible Premake 5	2026-10-01T15:43:15.3856746Z 2>zip_file_get_comment.c
Windows Debug and Release	Build a compatible Premake 5	2026-10-01T15:43:15.4149191Z 2>zip_file_get_external_attributes.c
Windows Debug and Release	Build a compatible Premake 5	2026-10-01T15:43:15.4388385Z 2>zip_file_get_offset.c
Windows Debug and Release	Build a compatible Premake 5	2026-10-01T15:43:15.4504711Z 2>zip_file_rename.c
Windows Debug and Release	Build a compatible Premake 5	2026-10-01T15:43:15.5231676Z 2>zip_file_replace.c
Windows Debug and Release	Build a compatible Premake 5	2026-10-01T15:43:15.5592483Z 2>zip_file_set_comment.c
Windows Debug and Release	Build a compatible Premake 5	2026-10-01T15:43:15.6443781Z 2>zip_file_set_external_attributes.c
Windows Debug and Release	Build a compatible Premake 5	2026-10-01T15:43:15.6607276Z 2>zip_file_strerror.c
Windows Debug and Release	Build a compatible Premake 5	2026-10-01T15:43:15.7755960Z 2>zip_filerange_crc.c
Windows Debug and Release	Build a compatible Premake 5	2026-10-01T15:43:15.7902989Z 2>zip_fopen.c
Windows Debug and Release	Build a compatible Premake 5	2026-10-01T15:43:15.8452440Z 2>zip_fopen_encrypted.c
Windows Debug and Release	Build a compatible Premake 5	2026-10-01T15:43:15.8969712Z 2>zip_fopen_index.c
Windows Debug and Release	Build a compatible Premake 5	2026-10-01T15:43:15.9430723Z 2>zip_fopen_index_encrypted.c
Windows Debug and Release	Build a compatible Premake 5	2026-10-01T15:43:16.0142875Z 2>zip_fread.c
Windows Debug and Release	Build a compatible Premake 5	2026-10-01T15:43:16.0244377Z 2>zip_get_archive_comment.c
Windows Debug and Release	Build a compatible Premake 5	2026-10-01T15:43:16.1578034Z 2>zip_get_archive_flag.c
Windows Debug and Release	Build a compatible Premake 5	2026-10-01T15:43:16.3092768Z 2>zip_get_compression_implementation.c
Windows Debug and Release	Build a compatible Premake 5	2026-10-01T15:43:16.3634048Z 2>zip_get_encryption_implementation.c
Windows Debug and Release	Build a compatible Premake 5	2026-10-01T15:43:16.4353074Z 2>zip_get_file_comment.c
Windows Debug and Release	Build a compatible Premake 5	2026-10-01T15:43:16.4638770Z 2>zip_get_name.c
Windows Debug and Release	Build a compatible Premake 5	2026-10-01T15:43:16.4739271Z 2>zip_get_num_entries.c
Windows Debug and Release	Build a compatible Premake 5	2026-10-01T15:43:16.5085735Z 2>zip_get_num_files.c
Windows Debug and Release	Build a compatible Premake 5	2026-10-01T15:43:16.6686927Z 2>zip_memdup.c
Windows Debug and Release	Build a compatible Premake 5	2026-10-01T15:43:16.7941537Z 2>zip_name_locate.c
Windows Debug and Release	Build a compatible Premake 5	2026-10-01T15:43:16.8858930Z 2>zip_new.c
Windows Debug and Release	Build a compatible Premake 5	2026-10-01T15:43:17.0009446Z 2>zip_open.c
Windows Debug and Release	Build a compatible Premake 5	2026-10-01T15:43:17.0917094Z 2>zip_rename.c
Windows Debug and Release	Build a compatible Premake 5	2026-10-01T15:43:17.1391482Z 2>zip_replace.c
Windows Debug and Release	Build a compatible Premake 5	2026-10-01T15:43:17.2067336Z 2>zip_set_archive_comment.c
Windows Debug and Release	Build a compatible Premake 5	2026-10-01T15:43:17.2654366Z 2>zip_set_archive_flag.c
Windows Debug and Release	Build a compatible Premake 5	2026-10-01T15:43:17.3153712Z 2>zip_set_default_password.c
Windows Debug and Release	Build a compatible Premake 5	2026-10-01T15:43:17.3412248Z 2>zip_set_file_comment.c
Windows Debug and Release	Build a compatible Premake 5	2026-10-01T15:43:17.3570283Z 2>zip_set_file_compression.c
Windows Debug and Release	Build a compatible Premake 5	2026-10-01T15:43:17.3853933Z 2>zip_set_name.c
Windows Debug and Release	Build a compatible Premake 5	2026-10-01T15:43:17.3857313Z 2>zip_source_buffer.c
Windows Debug and Release	Build a compatible Premake 5	2026-10-01T15:43:17.4050670Z 2>zip_source_close.c
Windows Debug and Release	Build a compatible Premake 5	2026-10-01T15:43:17.4396658Z 2>zip_source_crc.c
Windows Debug and Release	Build a compatible Premake 5	2026-10-01T15:43:17.4926793Z 2>zip_source_deflate.c
Windows Debug and Release	Build a compatible Premake 5	2026-10-01T15:43:17.5276910Z 2>zip_source_error.c
Windows Debug and Release	Build a compatible Premake 5	2026-10-01T15:43:17.5378258Z 2>zip_source_file.c
Windows Debug and Release	Build a compatible Premake 5	2026-10-01T15:43:17.5429579Z 2>zip_source_filep.c
Windows Debug and Release	Build a compatible Premake 5	2026-10-01T15:43:17.5456505Z 2>zip_source_free.c
Windows Debug and Release	Build a compatible Premake 5	2026-10-01T15:43:17.5460039Z 2>zip_source_function.c
Windows Debug and Release	Build a compatible Premake 5	2026-10-01T15:43:17.5462570Z 2>zip_source_layered.c
Windows Debug and Release	Build a compatible Premake 5	2026-10-01T15:43:17.5463616Z 4>lstring.c
Windows Debug and Release	Build a compatible Premake 5	2026-10-01T15:43:17.5465126Z 4>lstrlib.c
Windows Debug and Release	Build a compatible Premake 5	2026-10-01T15:43:17.5466029Z 4>ltable.c
Windows Debug and Release	Build a compatible Premake 5	2026-10-01T15:43:17.5468812Z 4>ltablib.c
Windows Debug and Release	Build a compatible Premake 5	2026-10-01T15:43:17.5470978Z 4>ltm.c
Windows Debug and Release	Build a compatible Premake 5	2026-10-01T15:43:17.5472635Z 4>lundump.c
Windows Debug and Release	Build a compatible Premake 5	2026-10-01T15:43:17.5473559Z 4>lutf8lib.c
Windows Debug and Release	Build a compatible Premake 5	2026-10-01T15:43:17.5474984Z 4>lvm.c
Windows Debug and Release	Build a compatible Premake 5	2026-10-01T15:43:17.5476352Z 4>lzio.c
Windows Debug and Release	Build a compatible Premake 5	2026-10-01T15:43:17.5479174Z 4>lua-lib.vcxproj -> D:\a\_temp\premake-core\build\bootstrap\bin\x64\Release\lua-lib.lib
Windows Debug and Release	Build a compatible Premake 5	2026-10-01T15:43:17.5481702Z 2>zip_source_open.c
Windows Debug and Release	Build a compatible Premake 5	2026-10-01T15:43:17.5483456Z 2>zip_source_pkware.c
Windows Debug and Release	Build a compatible Premake 5	2026-10-01T15:43:17.5484780Z 6>------ Build started: Project: example, Configuration: Release x64 ------
Windows Debug and Release	Build a compatible Premake 5	2026-10-01T15:43:17.5486747Z 2>zip_source_pop.c
Windows Debug and Release	Build a compatible Premake 5	2026-10-01T15:43:17.5488367Z 2>zip_source_read.c
Windows Debug and Release	Build a compatible Premake 5	2026-10-01T15:43:17.5491543Z 5>main.c
Windows Debug and Release	Build a compatible Premake 5	2026-10-01T15:43:17.5494510Z 7>------ Skipped Build: Project: Web, Configuration: Release x64 ------
Windows Debug and Release	Build a compatible Premake 5	2026-10-01T15:43:17.5497612Z 7>Project not selected to build for this solution configuration 
Windows Debug and Release	Build a compatible Premake 5	2026-10-01T15:43:17.5499723Z 2>zip_source_stat.c
Windows Debug and Release	Build a compatible Premake 5	2026-10-01T15:43:17.5503798Z 5>auxiliar.c
Windows Debug and Release	Build a compatible Premake 5	2026-10-01T15:43:17.5504575Z 5>buffer.c
Windows Debug and Release	Build a compatible Premake 5	2026-10-01T15:43:17.5506471Z 5>compat.c
Windows Debug and Release	Build a compatible Premake 5	2026-10-01T15:43:17.5508094Z 5>except.c
Windows Debug and Release	Build a compatible Premake 5	2026-10-01T15:43:17.5512409Z 5>inet.c
Windows Debug and Release	Build a compatible Premake 5	2026-10-01T15:43:17.5517761Z 5>io.c
Windows Debug and Release	Build a compatible Premake 5	2026-10-01T15:43:17.5524132Z 5>luasocket.c
Windows Debug and Release	Build a compatible Premake 5	2026-10-01T15:43:17.5530674Z 5>mime.c
Windows Debug and Release	Build a compatible Premake 5	2026-10-01T15:43:17.5537365Z 5>options.c
Windows Debug and Release	Build a compatible Premake 5	2026-10-01T15:43:17.5543823Z 5>select.c
Windows Debug and Release	Build a compatible Premake 5	2026-10-01T15:43:17.5550556Z 5>tcp.c
Windows Debug and Release	Build a compatible Premake 5	2026-10-01T15:43:17.5557038Z 5>timeout.c
Windows Debug and Release	Build a compatible Premake 5	2026-10-01T15:43:17.5563644Z 5>udp.c
Windows Debug and Release	Build a compatible Premake 5	2026-10-01T15:43:17.5574150Z 5>wsocket.c
Windows Debug and Release	Build a compatible Premake 5	2026-10-01T15:43:17.5580898Z 2>zip_source_window.c
Windows Debug and Release	Build a compatible Premake 5	2026-10-01T15:43:17.5587010Z 2>zip_source_zip.c
Windows Debug and Release	Build a compatible Premake 5	2026-10-01T15:43:17.5611733Z 2>zip_source_zip_new.c
Windows Debug and Release	Build a compatible Premake 5	2026-10-01T15:43:17.5618753Z 2>zip_stat.c
Windows Debug and Release	Build a compatible Premake 5	2026-10-01T15:43:17.5625727Z 2>zip_stat_index.c
Windows Debug and Release	Build a compatible Premake 5	2026-10-01T15:43:17.5632261Z 2>zip_stat_init.c
Windows Debug and Release	Build a compatible Premake 5	2026-10-01T15:43:17.5639115Z 2>zip_strerror.c
Windows Debug and Release	Build a compatible Premake 5	2026-10-01T15:43:17.5645696Z 2>zip_string.c
Windows Debug and Release	Build a compatible Premake 5	2026-10-01T15:43:17.5652647Z 2>zip_unchange.c
Windows Debug and Release	Build a compatible Premake 5	2026-10-01T15:43:17.5659804Z 2>zip_unchange_all.c
Windows Debug and Release	Build a compatible Premake 5	2026-10-01T15:43:17.5666310Z 2>zip_unchange_archive.c
Windows Debug and Release	Build a compatible Premake 5	2026-10-01T15:43:17.5672650Z 2>zip_unchange_data.c
Windows Debug and Release	Build a compatible Premake 5	2026-10-01T15:43:17.5679701Z 2>zip_utf-8.c
Windows Debug and Release	Build a compatible Premake 5	2026-10-01T15:43:17.6692338Z 6>main.c
Windows Debug and Release	Build a compatible Premake 5	2026-10-01T15:43:18.0224750Z 6>   Creating library ..\..\bin\release\example.lib and object ..\..\bin\release\example.exp
Windows Debug and Release	Build a compatible Premake 5	2026-10-01T15:43:18.0227429Z 5>   Creating library ..\..\bin\release\luasocket.lib and object ..\..\bin\release\luasocket.exp
Windows Debug and Release	Build a compatible Premake 5	2026-10-01T15:43:18.0821012Z 5>Generating code
Windows Debug and Release	Build a compatible Premake 5	2026-10-01T15:43:18.0823047Z 6>Generating code
Windows Debug and Release	Build a compatible Premake 5	2026-10-01T15:43:18.1929970Z 6>Finished generating code
Windows Debug and Release	Build a compatible Premake 5	2026-10-01T15:43:18.3591119Z 8>------ Skipped Build: Project: Github, Configuration: Release x64 ------
Windows Debug and Release	Build a compatible Premake 5	2026-10-01T15:43:18.3737347Z 8>Project not selected to build for this solution configuration 
Windows Debug and Release	Build a compatible Premake 5	2026-10-01T15:43:18.4158337Z 2>zip-lib.vcxproj -> D:\a\_temp\premake-core\build\bootstrap\bin\x64\Release\zip-lib.lib
Windows Debug and Release	Build a compatible Premake 5	2026-10-01T15:43:18.4453873Z 5>Finished generating code
Windows Debug and Release	Build a compatible Premake 5	2026-10-01T15:43:18.5915405Z 6>example.vcxproj -> D:\a\_temp\premake-core\bin\release\example.dll
Windows Debug and Release	Build a compatible Premake 5	2026-10-01T15:43:18.5916421Z 5>luasocket.vcxproj -> D:\a\_temp\premake-core\bin\release\luasocket.dll
Windows Debug and Release	Build a compatible Premake 5	2026-10-01T15:43:18.6217916Z 9>------ Build started: Project: Premake5, Configuration: Release x64 ------
Windows Debug and Release	Build a compatible Premake 5	2026-10-01T15:43:18.8011099Z 9>buffered_io.c
Windows Debug and Release	Build a compatible Premake 5	2026-10-01T15:43:18.8013730Z 9>criteria_matches.c
Windows Debug and Release	Build a compatible Premake 5	2026-10-01T15:43:18.8021249Z 9>curl_utils.c
Windows Debug and Release	Build a compatible Premake 5	2026-10-01T15:43:18.8023980Z 9>debug_prompt.c
Windows Debug and Release	Build a compatible Premake 5	2026-10-01T15:43:18.8591399Z 9>http_download.c
Windows Debug and Release	Build a compatible Premake 5	2026-10-01T15:43:19.0425236Z 9>http_get.c
Windows Debug and Release	Build a compatible Premake 5	2026-10-01T15:43:19.0472086Z 9>http_post.c
Windows Debug and Release	Build a compatible Premake 5	2026-10-01T15:43:19.1096314Z 9>lua_auxlib.c
Windows Debug and Release	Build a compatible Premake 5	2026-10-01T15:43:19.1096758Z 9>os_chdir.c
Windows Debug and Release	Build a compatible Premake 5	2026-10-01T15:43:19.2580127Z 9>D:\a\_temp\premake-core\src\host\curl_utils.c(217,1): warning C4206: nonstandard extension used: translation unit is empty
Windows Debug and Release	Build a compatible Premake 5	2026-10-01T15:43:19.2593713Z 9>os_chmod.c
Windows Debug and Release	Build a compatible Premake 5	2026-10-01T15:43:19.3287992Z 9>os_comparefiles.c
Windows Debug and Release	Build a compatible Premake 5	2026-10-01T15:43:19.3288797Z 9>os_compile.c
Windows Debug and Release	Build a compatible Premake 5	2026-10-01T15:43:19.3289305Z 9>os_copyfile.c
Windows Debug and Release	Build a compatible Premake 5	2026-10-01T15:43:19.4925534Z 9>os_getWindowsRegistry.c
Windows Debug and Release	Build a compatible Premake 5	2026-10-01T15:43:19.5477322Z 9>os_getcwd.c
Windows Debug and Release	Build a compatible Premake 5	2026-10-01T15:43:19.5478071Z 9>os_getnumcpus.c
Windows Debug and Release	Build a compatible Premake 5	2026-10-01T15:43:19.5478594Z 9>os_getpass.c
Windows Debug and Release	Build a compatible Premake 5	2026-10-01T15:43:19.6986405Z 9>os_getversion.c
Windows Debug and Release	Build a compatible Premake 5	2026-10-01T15:43:19.7687430Z 9>os_host.c
Windows Debug and Release	Build a compatible Premake 5	2026-10-01T15:43:19.7690044Z 9>os_hostarch.c
Windows Debug and Release	Build a compatible Premake 5	2026-10-01T15:43:19.7692380Z 9>os_is64bit.c
Windows Debug and Release	Build a compatible Premake 5	2026-10-01T15:43:19.9279089Z 9>os_isdir.c
Windows Debug and Release	Build a compatible Premake 5	2026-10-01T15:43:19.9856652Z 9>os_isfile.c
Windows Debug and Release	Build a compatible Premake 5	2026-10-01T15:43:19.9859023Z 9>os_islink.c
Windows Debug and Release	Build a compatible Premake 5	2026-10-01T15:43:19.9861765Z 9>os_linkdir.c
Windows Debug and Release	Build a compatible Premake 5	2026-10-01T15:43:20.1405996Z 9>os_linkfile.c
Windows Debug and Release	Build a compatible Premake 5	2026-10-01T15:43:20.2059418Z 9>os_listWindowsRegistry.c
Windows Debug and Release	Build a compatible Premake 5	2026-10-01T15:43:20.2060315Z 9>os_locate.c
Windows Debug and Release	Build a compatible Premake 5	2026-10-01T15:43:20.2062739Z 9>os_match.c
Windows Debug and Release	Build a compatible Premake 5	2026-10-01T15:43:20.3629344Z 9>os_mkdir.c
Windows Debug and Release	Build a compatible Premake 5	2026-10-01T15:43:20.4231476Z 9>os_pathsearch.c
Windows Debug and Release	Build a compatible Premake 5	2026-10-01T15:43:20.4232894Z 9>os_realpath.c
Windows Debug and Release	Build a compatible Premake 5	2026-10-01T15:43:20.4235091Z 9>os_remove.c
Windows Debug and Release	Build a compatible Premake 5	2026-10-01T15:43:20.5883843Z 9>os_rename.c
Windows Debug and Release	Build a compatible Premake 5	2026-10-01T15:43:20.5886729Z 9>os_rmdir.c
Windows Debug and Release	Build a compatible Premake 5	2026-10-01T15:43:20.6462026Z 9>os_stat.c
Windows Debug and Release	Build a compatible Premake 5	2026-10-01T15:43:20.6463978Z 9>os_touchfile.c
Windows Debug and Release	Build a compatible Premake 5	2026-10-01T15:43:20.8034021Z 9>os_uuid.c
Windows Debug and Release	Build a compatible Premake 5	2026-10-01T15:43:20.8050392Z 9>os_writefile_ifnotequal.c
Windows Debug and Release	Build a compatible Premake 5	2026-10-01T15:43:20.8662498Z 9>path_getabsolute.c
Windows Debug and Release	Build a compatible Premake 5	2026-10-01T15:43:20.8663338Z 9>path_getrelative.c
Windows Debug and Release	Build a compatible Premake 5	2026-10-01T15:43:21.0336679Z 9>path_isabsolute.c
Windows Debug and Release	Build a compatible Premake 5	2026-10-01T15:43:21.1558807Z 9>path_join.c
Windows Debug and Release	Build a compatible Premake 5	2026-10-01T15:43:21.1560849Z 9>path_normalize.c
Windows Debug and Release	Build a compatible Premake 5	2026-10-01T15:43:21.1561393Z 9>path_translate.c
Windows Debug and Release	Build a compatible Premake 5	2026-10-01T15:43:21.2424057Z 9>path_wildcards.c
Windows Debug and Release	Build a compatible Premake 5	2026-10-01T15:43:21.3060483Z 9>premake.c
Windows Debug and Release	Build a compatible Premake 5	2026-10-01T15:43:21.3061260Z 9>premake_main.c
Windows Debug and Release	Build a compatible Premake 5	2026-10-01T15:43:21.3740132Z 9>string_endswith.c
Windows Debug and Release	Build a compatible Premake 5	2026-10-01T15:43:21.4768438Z 9>string_hash.c
Windows Debug and Release	Build a compatible Premake 5	2026-10-01T15:43:21.5923020Z 9>string_sha1.c
Windows Debug and Release	Build a compatible Premake 5	2026-10-01T15:43:21.5924985Z 9>string_startswith.c
Windows Debug and Release	Build a compatible Premake 5	2026-10-01T15:43:21.5925583Z 9>term_textColor.c
Windows Debug and Release	Build a compatible Premake 5	2026-10-01T15:43:21.6828145Z 9>zip_extract.c
Windows Debug and Release	Build a compatible Premake 5	2026-10-01T15:43:21.7412043Z 9>zip_list.c
Windows Debug and Release	Build a compatible Premake 5	2026-10-01T15:43:21.7412782Z 9>scripts.c
Windows Debug and Release	Build a compatible Premake 5	2026-10-01T15:43:22.7605725Z 9>Generating code
Windows Debug and Release	Build a compatible Premake 5	2026-10-01T15:43:27.1172436Z 9>Finished generating code
Windows Debug and Release	Build a compatible Premake 5	2026-10-01T15:43:27.2744845Z 9>Premake5.vcxproj -> D:\a\_temp\premake-core\bin\release\premake5.exe
Windows Debug and Release	Build a compatible Premake 5	2026-10-01T15:43:27.3117718Z 9>Done building project "Premake5.vcxproj".
Windows Debug and Release	Build a compatible Premake 5	2026-10-01T15:43:27.3433878Z ========== Build: 7 succeeded, 0 failed, 0 up-to-date, 2 skipped ==========
Windows Debug and Release	Build a compatible Premake 5	2026-10-01T15:43:27.3435764Z ========== Build completed at 3:43 PM and took 24.792 seconds ==========
Windows Debug and Release	Add MSBuild to PATH	﻿2026-10-01T15:43:27.6210818Z ##[group]Run microsoft/setup-msbuild@v2
Windows Debug and Release	Add MSBuild to PATH	2026-10-01T15:43:27.6211371Z with:
Windows Debug and Release	Add MSBuild to PATH	2026-10-01T15:43:27.6211692Z   msbuild-architecture: x86
Windows Debug and Release	Add MSBuild to PATH	2026-10-01T15:43:27.6212064Z ##[endgroup]
Windows Debug and Release	Add MSBuild to PATH	2026-10-01T15:43:27.8161734Z [command]C:\ProgramData\Chocolatey\bin\vswhere.exe -products * -requires Microsoft.Component.MSBuild -property installationPath -latest
Windows Debug and Release	Add MSBuild to PATH	2026-10-01T15:43:27.9540861Z C:\Program Files\Microsoft Visual Studio\2022\Enterprise
Windows Debug and Release	Restore pinned shader libraries	﻿2026-10-01T15:43:28.1085596Z ##[group]Run actions/cache@v4
Windows Debug and Release	Restore pinned shader libraries	2026-10-01T15:43:28.1086004Z with:
Windows Debug and Release	Restore pinned shader libraries	2026-10-01T15:43:28.1086276Z   path: build/dependencies/install
Windows Debug and Release	Restore pinned shader libraries	2026-10-01T15:43:28.1086981Z   key: shader-tools-windows2022-msvc143-927a9f86c3dfdac8cb1691d3ac3d07022330b7cb7d1ce2355ad7acb379625b9d
Windows Debug and Release	Restore pinned shader libraries	2026-10-01T15:43:28.1087725Z   enableCrossOsArchive: false
Windows Debug and Release	Restore pinned shader libraries	2026-10-01T15:43:28.1088025Z   fail-on-cache-miss: false
Windows Debug and Release	Restore pinned shader libraries	2026-10-01T15:43:28.1088293Z   lookup-only: false
Windows Debug and Release	Restore pinned shader libraries	2026-10-01T15:43:28.1088544Z   save-always: false
Windows Debug and Release	Restore pinned shader libraries	2026-10-01T15:43:28.1088775Z ##[endgroup]
Windows Debug and Release	Restore pinned shader libraries	2026-10-01T15:43:28.2382451Z (node:2116) [DEP0040] DeprecationWarning: The `punycode` module is deprecated. Please use a userland alternative instead.
Windows Debug and Release	Restore pinned shader libraries	2026-10-01T15:43:28.2383483Z (Use `node --trace-deprecation ...` to show where the warning was created)
Windows Debug and Release	Restore pinned shader libraries	2026-10-01T15:43:28.6760732Z Cache hit for: shader-tools-windows2022-msvc143-927a9f86c3dfdac8cb1691d3ac3d07022330b7cb7d1ce2355ad7acb379625b9d
Windows Debug and Release	Restore pinned shader libraries	2026-10-01T15:43:28.6893984Z (node:2116) [DEP0169] DeprecationWarning: `url.parse()` behavior is not standardized and prone to errors that have security implications. Use the WHATWG URL API instead. CVEs are not issued for `url.parse()` vulnerabilities.
Windows Debug and Release	Restore pinned shader libraries	2026-10-01T15:43:29.9865233Z Received 37748736 of 69223065 (54.5%), 35.9 MBs/sec
Windows Debug and Release	Restore pinned shader libraries	2026-10-01T15:43:30.1457069Z Received 69223065 of 69223065 (100.0%), 56.9 MBs/sec
Windows Debug and Release	Restore pinned shader libraries	2026-10-01T15:43:30.1462206Z Cache Size: ~66 MB (69223065 B)
Windows Debug and Release	Restore pinned shader libraries	2026-10-01T15:43:30.1554441Z [command]"C:\Program Files\Git\usr\bin\tar.exe" -xf D:/a/_temp/b9b65fd7-b965-47e1-9d43-d41ee7c90afc/cache.tzst -P -C D:/a/Hazel/Hazel --force-local --use-compress-program "zstd -d"
Windows Debug and Release	Restore pinned shader libraries	2026-10-01T15:43:31.0578797Z Cache restored successfully
Windows Debug and Release	Restore pinned shader libraries	2026-10-01T15:43:31.0828652Z Cache restored from key: shader-tools-windows2022-msvc143-927a9f86c3dfdac8cb1691d3ac3d07022330b7cb7d1ce2355ad7acb379625b9d
Windows Debug and Release	Generate Visual Studio projects	﻿2026-10-01T15:43:31.1126129Z ##[group]Run premake5 --migration-tests --shader-tools vs2022
Windows Debug and Release	Generate Visual Studio projects	2026-10-01T15:43:31.1126689Z ^[[36;1mpremake5 --migration-tests --shader-tools vs2022^[[0m
Windows Debug and Release	Generate Visual Studio projects	2026-10-01T15:43:31.1218457Z shell: C:\Program Files\PowerShell\7\pwsh.EXE -command ". '{0}'"
Windows Debug and Release	Generate Visual Studio projects	2026-10-01T15:43:31.1218897Z ##[endgroup]
Windows Debug and Release	Generate Visual Studio projects	2026-10-01T15:43:31.4587695Z Building configurations...
Windows Debug and Release	Generate Visual Studio projects	2026-10-01T15:43:31.5916048Z Running action 'vs2022'...
Windows Debug and Release	Generate Visual Studio projects	2026-10-01T15:43:31.5966924Z Generated Hazel.sln...
Windows Debug and Release	Generate Visual Studio projects	2026-10-01T15:43:31.6087178Z Generated Hazel/vendor/GLFW/GLFW.vcxproj...
Windows Debug and Release	Generate Visual Studio projects	2026-10-01T15:43:31.6100596Z Generated Hazel/vendor/GLFW/GLFW.vcxproj.filters...
Windows Debug and Release	Generate Visual Studio projects	2026-10-01T15:43:31.6137286Z Generated Hazel/vendor/Glad/Glad.vcxproj...
Windows Debug and Release	Generate Visual Studio projects	2026-10-01T15:43:31.6142332Z Generated Hazel/vendor/Glad/Glad.vcxproj.filters...
Windows Debug and Release	Generate Visual Studio projects	2026-10-01T15:43:31.6434303Z Generated Hazel/Hazel.vcxproj...
Windows Debug and Release	Generate Visual Studio projects	2026-10-01T15:43:31.6449176Z Generated Hazel/Hazel.vcxproj.filters...
Windows Debug and Release	Generate Visual Studio projects	2026-10-01T15:43:31.6511629Z Generated build/ImGui/ImGui.vcxproj...
Windows Debug and Release	Generate Visual Studio projects	2026-10-01T15:43:31.6516686Z Generated build/ImGui/ImGui.vcxproj.filters...
Windows Debug and Release	Generate Visual Studio projects	2026-10-01T15:43:31.6558858Z Generated build/MigrationCoreSmoke/MigrationCoreSmoke.vcxproj...
Windows Debug and Release	Generate Visual Studio projects	2026-10-01T15:43:31.6601504Z Generated build/MigrationRendererFeaturesSmoke/MigrationRendererFeaturesSmoke.vcxproj...
Windows Debug and Release	Generate Visual Studio projects	2026-10-01T15:43:31.6651114Z Generated build/MigrationRendererSmoke/MigrationRendererSmoke.vcxproj...
Windows Debug and Release	Generate Visual Studio projects	2026-10-01T15:43:31.6707126Z Generated build/MigrationSceneFoundationSmoke/MigrationSceneFoundationSmoke.vcxproj...
Windows Debug and Release	Generate Visual Studio projects	2026-10-01T15:43:31.6743968Z Generated build/MigrationShaderToolsSmoke/MigrationShaderToolsSmoke.vcxproj...
Windows Debug and Release	Generate Visual Studio projects	2026-10-01T15:43:31.6794126Z Generated Sandbox/Sandbox.vcxproj...
Windows Debug and Release	Generate Visual Studio projects	2026-10-01T15:43:31.6798322Z Generated Sandbox/Sandbox.vcxproj.user...
Windows Debug and Release	Generate Visual Studio projects	2026-10-01T15:43:31.7191816Z Generated build/yaml-cpp/yaml-cpp.vcxproj...
Windows Debug and Release	Generate Visual Studio projects	2026-10-01T15:43:31.7214054Z Generated build/yaml-cpp/yaml-cpp.vcxproj.filters...
Windows Debug and Release	Generate Visual Studio projects	2026-10-01T15:43:31.7214749Z Done (293ms).
Windows Debug and Release	Build Debug	﻿2026-10-01T15:43:31.8559456Z ##[group]Run msbuild Hazel.sln /m:2 /p:Configuration=Debug /p:Platform=x64 /verbosity:minimal
Windows Debug and Release	Build Debug	2026-10-01T15:43:31.8560228Z ^[[36;1mmsbuild Hazel.sln /m:2 /p:Configuration=Debug /p:Platform=x64 /verbosity:minimal^[[0m
Windows Debug and Release	Build Debug	2026-10-01T15:43:31.8600470Z shell: C:\Program Files\PowerShell\7\pwsh.EXE -command ". '{0}'"
Windows Debug and Release	Build Debug	2026-10-01T15:43:31.8600862Z ##[endgroup]
Windows Debug and Release	Build Debug	2026-10-01T15:43:34.9047377Z MSBuild version 17.14.60+43b635718 for .NET Framework
Windows Debug and Release	Build Debug	2026-10-01T15:43:35.9980934Z 
Windows Debug and Release	Build Debug	2026-10-01T15:43:38.5583659Z   imgui_impl_glfw.cpp
Windows Debug and Release	Build Debug	2026-10-01T15:43:38.5584050Z   context.c
Windows Debug and Release	Build Debug	2026-10-01T15:43:38.5588339Z   hzpch.cpp
Windows Debug and Release	Build Debug	2026-10-01T15:43:39.4205864Z   egl_context.c
Windows Debug and Release	Build Debug	2026-10-01T15:43:39.6038265Z   init.c
Windows Debug and Release	Build Debug	2026-10-01T15:43:39.8132065Z   input.c
Windows Debug and Release	Build Debug	2026-10-01T15:43:40.0356352Z   imgui_impl_opengl3.cpp
Windows Debug and Release	Build Debug	2026-10-01T15:43:40.0483009Z   monitor.c
Windows Debug and Release	Build Debug	2026-10-01T15:43:40.2591473Z   null_init.c
Windows Debug and Release	Build Debug	2026-10-01T15:43:40.3803824Z   imgui.cpp
Windows Debug and Release	Build Debug	2026-10-01T15:43:40.4939820Z   null_joystick.c
Windows Debug and Release	Build Debug	2026-10-01T15:43:40.7048692Z   null_monitor.c
Windows Debug and Release	Build Debug	2026-10-01T15:43:40.9123945Z   null_window.c
Windows Debug and Release	Build Debug	2026-10-01T15:43:41.1519489Z   osmesa_context.c
Windows Debug and Release	Build Debug	2026-10-01T15:43:41.2066861Z   imgui_demo.cpp
Windows Debug and Release	Build Debug	2026-10-01T15:43:41.3711885Z   platform.c
Windows Debug and Release	Build Debug	2026-10-01T15:43:41.4604232Z   imgui_draw.cpp
Windows Debug and Release	Build Debug	2026-10-01T15:43:41.5925026Z   vulkan.c
Windows Debug and Release	Build Debug	2026-10-01T15:43:41.8320090Z   wgl_context.c
Windows Debug and Release	Build Debug	2026-10-01T15:43:41.8885195Z   imgui_tables.cpp
Windows Debug and Release	Build Debug	2026-10-01T15:43:42.0372776Z   win32_init.c
Windows Debug and Release	Build Debug	2026-10-01T15:43:42.2520232Z   imgui_widgets.cpp
Windows Debug and Release	Build Debug	2026-10-01T15:43:42.2561310Z   win32_joystick.c
Windows Debug and Release	Build Debug	2026-10-01T15:43:42.5001923Z   win32_module.c
Windows Debug and Release	Build Debug	2026-10-01T15:43:42.7081131Z   win32_monitor.c
Windows Debug and Release	Build Debug	2026-10-01T15:43:42.7499052Z   Generating Code...
Windows Debug and Release	Build Debug	2026-10-01T15:43:42.9435974Z   win32_thread.c
Windows Debug and Release	Build Debug	2026-10-01T15:43:43.1341803Z   win32_time.c
Windows Debug and Release	Build Debug	2026-10-01T15:43:43.4106504Z   win32_window.c
Windows Debug and Release	Build Debug	2026-10-01T15:43:43.9621468Z   Generating Code...
Windows Debug and Release	Build Debug	2026-10-01T15:43:44.1929558Z   Compiling...
Windows Debug and Release	Build Debug	2026-10-01T15:43:44.1929997Z   window.c
Windows Debug and Release	Build Debug	2026-10-01T15:43:44.3317502Z   ImGui.vcxproj -> D:\a\Hazel\Hazel\bin\Debug-windows-x86_64\ImGui\ImGui.lib
Windows Debug and Release	Build Debug	2026-10-01T15:43:44.4355238Z   Generating Code...
Windows Debug and Release	Build Debug	2026-10-01T15:43:44.4864649Z   glad.c
Windows Debug and Release	Build Debug	2026-10-01T15:43:44.6267214Z   Application.cpp
Windows Debug and Release	Build Debug	2026-10-01T15:43:44.6620010Z   GLFW.vcxproj -> D:\a\Hazel\Hazel\Hazel\vendor\GLFW\bin\Debug-windows-x86_64\GLFW\GLFW.lib
Windows Debug and Release	Build Debug	2026-10-01T15:43:44.6962886Z   binary.cpp
Windows Debug and Release	Build Debug	2026-10-01T15:43:44.7603690Z   graphbuilder.cpp
Windows Debug and Release	Build Debug	2026-10-01T15:43:44.7825716Z   Glad.vcxproj -> D:\a\Hazel\Hazel\bin\Debug-windows-x86_64\Glad\Glad.lib
Windows Debug and Release	Build Debug	2026-10-01T15:43:44.7938471Z   graphbuilderadapter.cpp
Windows Debug and Release	Build Debug	2026-10-01T15:43:44.8259032Z   convert.cpp
Windows Debug and Release	Build Debug	2026-10-01T15:43:44.8519146Z   depthguard.cpp
Windows Debug and Release	Build Debug	2026-10-01T15:43:44.8839804Z   directives.cpp
Windows Debug and Release	Build Debug	2026-10-01T15:43:44.9179412Z   emit.cpp
Windows Debug and Release	Build Debug	2026-10-01T15:43:44.9399286Z   emitfromevents.cpp
Windows Debug and Release	Build Debug	2026-10-01T15:43:44.9647394Z   emitter.cpp
Windows Debug and Release	Build Debug	2026-10-01T15:43:44.9915838Z   emitterstate.cpp
Windows Debug and Release	Build Debug	2026-10-01T15:43:45.0166737Z   emitterutils.cpp
Windows Debug and Release	Build Debug	2026-10-01T15:43:45.1238300Z   FileSystem.cpp
Windows Debug and Release	Build Debug	2026-10-01T15:43:45.1768954Z   Layer.cpp
Windows Debug and Release	Build Debug	2026-10-01T15:43:45.2023692Z   LayerStack.cpp
Windows Debug and Release	Build Debug	2026-10-01T15:43:45.2052963Z   exceptions.cpp
Windows Debug and Release	Build Debug	2026-10-01T15:43:45.2308464Z   exp.cpp
Windows Debug and Release	Build Debug	2026-10-01T15:43:45.2525427Z   memory.cpp
Windows Debug and Release	Build Debug	2026-10-01T15:43:45.2752322Z   node.cpp
Windows Debug and Release	Build Debug	2026-10-01T15:43:45.2818071Z   Log.cpp
Windows Debug and Release	Build Debug	2026-10-01T15:43:45.2983365Z   node_data.cpp
Windows Debug and Release	Build Debug	2026-10-01T15:43:45.3253105Z   nodebuilder.cpp
Windows Debug and Release	Build Debug	2026-10-01T15:43:45.3479512Z   nodeevents.cpp
Windows Debug and Release	Build Debug	2026-10-01T15:43:45.3760503Z   null.cpp
Windows Debug and Release	Build Debug	2026-10-01T15:43:45.3846857Z   UUID.cpp
Windows Debug and Release	Build Debug	2026-10-01T15:43:45.4003108Z   ostream_wrapper.cpp
Windows Debug and Release	Build Debug	2026-10-01T15:43:45.4224874Z   Generating Code...
Windows Debug and Release	Build Debug	2026-10-01T15:43:45.4225667Z   Compiling...
Windows Debug and Release	Build Debug	2026-10-01T15:43:45.4226194Z   parse.cpp
Windows Debug and Release	Build Debug	2026-10-01T15:43:45.4505656Z   parser.cpp
Windows Debug and Release	Build Debug	2026-10-01T15:43:45.4853091Z   regex_yaml.cpp
Windows Debug and Release	Build Debug	2026-10-01T15:43:45.5497011Z   scanner.cpp
Windows Debug and Release	Build Debug	2026-10-01T15:43:45.5498743Z   scanscalar.cpp
Windows Debug and Release	Build Debug	2026-10-01T15:43:45.5664858Z   scantag.cpp
Windows Debug and Release	Build Debug	2026-10-01T15:43:45.5744425Z   ImGuiLayer.cpp
Windows Debug and Release	Build Debug	2026-10-01T15:43:45.5994418Z   scantoken.cpp
Windows Debug and Release	Build Debug	2026-10-01T15:43:45.6264863Z   simplekey.cpp
Windows Debug and Release	Build Debug	2026-10-01T15:43:45.6275322Z   ShaderToolsSmoke.cpp
Windows Debug and Release	Build Debug	2026-10-01T15:43:45.6565904Z D:\a\Hazel\Hazel\Hazel\vendor\yaml-cpp\src\binary.cpp(1,1): error C1083: Cannot open include file: '..\..\scripts\dependencies\yaml-compat.h': No such file or directory [D:\a\Hazel\Hazel\build\yaml-cpp\yaml-cpp.vcxproj]
Windows Debug and Release	Build Debug	2026-10-01T15:43:45.6570902Z D:\a\Hazel\Hazel\Hazel\vendor\yaml-cpp\src\contrib\graphbuilder.cpp(1,1): error C1083: Cannot open include file: '..\..\scripts\dependencies\yaml-compat.h': No such file or directory [D:\a\Hazel\Hazel\build\yaml-cpp\yaml-cpp.vcxproj]
Windows Debug and Release	Build Debug	2026-10-01T15:43:45.6574793Z D:\a\Hazel\Hazel\Hazel\vendor\yaml-cpp\src\contrib\graphbuilderadapter.cpp(1,1): error C1083: Cannot open include file: '..\..\scripts\dependencies\yaml-compat.h': No such file or directory [D:\a\Hazel\Hazel\build\yaml-cpp\yaml-cpp.vcxproj]
Windows Debug and Release	Build Debug	2026-10-01T15:43:45.6578477Z D:\a\Hazel\Hazel\Hazel\vendor\yaml-cpp\src\convert.cpp(1,1): error C1083: Cannot open include file: '..\..\scripts\dependencies\yaml-compat.h': No such file or directory [D:\a\Hazel\Hazel\build\yaml-cpp\yaml-cpp.vcxproj]
Windows Debug and Release	Build Debug	2026-10-01T15:43:45.6583336Z D:\a\Hazel\Hazel\Hazel\vendor\yaml-cpp\src\depthguard.cpp(1,1): error C1083: Cannot open include file: '..\..\scripts\dependencies\yaml-compat.h': No such file or directory [D:\a\Hazel\Hazel\build\yaml-cpp\yaml-cpp.vcxproj]
Windows Debug and Release	Build Debug	2026-10-01T15:43:45.6586594Z D:\a\Hazel\Hazel\Hazel\vendor\yaml-cpp\src\directives.cpp(1,1): error C1083: Cannot open include file: '..\..\scripts\dependencies\yaml-compat.h': No such file or directory [D:\a\Hazel\Hazel\build\yaml-cpp\yaml-cpp.vcxproj]
Windows Debug and Release	Build Debug	2026-10-01T15:43:45.6589589Z D:\a\Hazel\Hazel\Hazel\vendor\yaml-cpp\src\emit.cpp(1,1): error C1083: Cannot open include file: '..\..\scripts\dependencies\yaml-compat.h': No such file or directory [D:\a\Hazel\Hazel\build\yaml-cpp\yaml-cpp.vcxproj]
Windows Debug and Release	Build Debug	2026-10-01T15:43:45.6592254Z D:\a\Hazel\Hazel\Hazel\vendor\yaml-cpp\src\emitfromevents.cpp(1,1): error C1083: Cannot open include file: '..\..\scripts\dependencies\yaml-compat.h': No such file or directory [D:\a\Hazel\Hazel\build\yaml-cpp\yaml-cpp.vcxproj]
Windows Debug and Release	Build Debug	2026-10-01T15:43:45.6594995Z D:\a\Hazel\Hazel\Hazel\vendor\yaml-cpp\src\emitter.cpp(1,1): error C1083: Cannot open include file: '..\..\scripts\dependencies\yaml-compat.h': No such file or directory [D:\a\Hazel\Hazel\build\yaml-cpp\yaml-cpp.vcxproj]
Windows Debug and Release	Build Debug	2026-10-01T15:43:45.6599276Z D:\a\Hazel\Hazel\Hazel\vendor\yaml-cpp\src\emitterstate.cpp(1,1): error C1083: Cannot open include file: '..\..\scripts\dependencies\yaml-compat.h': No such file or directory [D:\a\Hazel\Hazel\build\yaml-cpp\yaml-cpp.vcxproj]
Windows Debug and Release	Build Debug	2026-10-01T15:43:45.6602127Z D:\a\Hazel\Hazel\Hazel\vendor\yaml-cpp\src\emitterutils.cpp(1,1): error C1083: Cannot open include file: '..\..\scripts\dependencies\yaml-compat.h': No such file or directory [D:\a\Hazel\Hazel\build\yaml-cpp\yaml-cpp.vcxproj]
Windows Debug and Release	Build Debug	2026-10-01T15:43:45.6604851Z D:\a\Hazel\Hazel\Hazel\vendor\yaml-cpp\src\exceptions.cpp(1,1): error C1083: Cannot open include file: '..\..\scripts\dependencies\yaml-compat.h': No such file or directory [D:\a\Hazel\Hazel\build\yaml-cpp\yaml-cpp.vcxproj]
Windows Debug and Release	Build Debug	2026-10-01T15:43:45.6607527Z D:\a\Hazel\Hazel\Hazel\vendor\yaml-cpp\src\exp.cpp(1,1): error C1083: Cannot open include file: '..\..\scripts\dependencies\yaml-compat.h': No such file or directory [D:\a\Hazel\Hazel\build\yaml-cpp\yaml-cpp.vcxproj]
Windows Debug and Release	Build Debug	2026-10-01T15:43:45.6610069Z D:\a\Hazel\Hazel\Hazel\vendor\yaml-cpp\src\memory.cpp(1,1): error C1083: Cannot open include file: '..\..\scripts\dependencies\yaml-compat.h': No such file or directory [D:\a\Hazel\Hazel\build\yaml-cpp\yaml-cpp.vcxproj]
Windows Debug and Release	Build Debug	2026-10-01T15:43:45.6612711Z D:\a\Hazel\Hazel\Hazel\vendor\yaml-cpp\src\node.cpp(1,1): error C1083: Cannot open include file: '..\..\scripts\dependencies\yaml-compat.h': No such file or directory [D:\a\Hazel\Hazel\build\yaml-cpp\yaml-cpp.vcxproj]
Windows Debug and Release	Build Debug	2026-10-01T15:43:45.6615200Z D:\a\Hazel\Hazel\Hazel\vendor\yaml-cpp\src\node_data.cpp(1,1): error C1083: Cannot open include file: '..\..\scripts\dependencies\yaml-compat.h': No such file or directory [D:\a\Hazel\Hazel\build\yaml-cpp\yaml-cpp.vcxproj]
Windows Debug and Release	Build Debug	2026-10-01T15:43:45.6618826Z D:\a\Hazel\Hazel\Hazel\vendor\yaml-cpp\src\nodebuilder.cpp(1,1): error C1083: Cannot open include file: '..\..\scripts\dependencies\yaml-compat.h': No such file or directory [D:\a\Hazel\Hazel\build\yaml-cpp\yaml-cpp.vcxproj]
Windows Debug and Release	Build Debug	2026-10-01T15:43:45.6621374Z D:\a\Hazel\Hazel\Hazel\vendor\yaml-cpp\src\nodeevents.cpp(1,1): error C1083: Cannot open include file: '..\..\scripts\dependencies\yaml-compat.h': No such file or directory [D:\a\Hazel\Hazel\build\yaml-cpp\yaml-cpp.vcxproj]
Windows Debug and Release	Build Debug	2026-10-01T15:43:45.6623832Z D:\a\Hazel\Hazel\Hazel\vendor\yaml-cpp\src\null.cpp(1,1): error C1083: Cannot open include file: '..\..\scripts\dependencies\yaml-compat.h': No such file or directory [D:\a\Hazel\Hazel\build\yaml-cpp\yaml-cpp.vcxproj]
Windows Debug and Release	Build Debug	2026-10-01T15:43:45.6626529Z D:\a\Hazel\Hazel\Hazel\vendor\yaml-cpp\src\ostream_wrapper.cpp(1,1): error C1083: Cannot open include file: '..\..\scripts\dependencies\yaml-compat.h': No such file or directory [D:\a\Hazel\Hazel\build\yaml-cpp\yaml-cpp.vcxproj]
Windows Debug and Release	Build Debug	2026-10-01T15:43:45.6630114Z D:\a\Hazel\Hazel\Hazel\vendor\yaml-cpp\src\parse.cpp(1,1): error C1083: Cannot open include file: '..\..\scripts\dependencies\yaml-compat.h': No such file or directory [D:\a\Hazel\Hazel\build\yaml-cpp\yaml-cpp.vcxproj]
Windows Debug and Release	Build Debug	2026-10-01T15:43:45.6633405Z D:\a\Hazel\Hazel\Hazel\vendor\yaml-cpp\src\parser.cpp(1,1): error C1083: Cannot open include file: '..\..\scripts\dependencies\yaml-compat.h': No such file or directory [D:\a\Hazel\Hazel\build\yaml-cpp\yaml-cpp.vcxproj]
Windows Debug and Release	Build Debug	2026-10-01T15:43:45.6636496Z D:\a\Hazel\Hazel\Hazel\vendor\yaml-cpp\src\regex_yaml.cpp(1,1): error C1083: Cannot open include file: '..\..\scripts\dependencies\yaml-compat.h': No such file or directory [D:\a\Hazel\Hazel\build\yaml-cpp\yaml-cpp.vcxproj]
Windows Debug and Release	Build Debug	2026-10-01T15:43:45.6639428Z D:\a\Hazel\Hazel\Hazel\vendor\yaml-cpp\src\scanner.cpp(1,1): error C1083: Cannot open include file: '..\..\scripts\dependencies\yaml-compat.h': No such file or directory [D:\a\Hazel\Hazel\build\yaml-cpp\yaml-cpp.vcxproj]
Windows Debug and Release	Build Debug	2026-10-01T15:43:45.6642097Z D:\a\Hazel\Hazel\Hazel\vendor\yaml-cpp\src\scanscalar.cpp(1,1): error C1083: Cannot open include file: '..\..\scripts\dependencies\yaml-compat.h': No such file or directory [D:\a\Hazel\Hazel\build\yaml-cpp\yaml-cpp.vcxproj]
Windows Debug and Release	Build Debug	2026-10-01T15:43:45.6644777Z D:\a\Hazel\Hazel\Hazel\vendor\yaml-cpp\src\scantag.cpp(1,1): error C1083: Cannot open include file: '..\..\scripts\dependencies\yaml-compat.h': No such file or directory [D:\a\Hazel\Hazel\build\yaml-cpp\yaml-cpp.vcxproj]
Windows Debug and Release	Build Debug	2026-10-01T15:43:45.6647432Z D:\a\Hazel\Hazel\Hazel\vendor\yaml-cpp\src\scantoken.cpp(1,1): error C1083: Cannot open include file: '..\..\scripts\dependencies\yaml-compat.h': No such file or directory [D:\a\Hazel\Hazel\build\yaml-cpp\yaml-cpp.vcxproj]
Windows Debug and Release	Build Debug	2026-10-01T15:43:45.6650220Z D:\a\Hazel\Hazel\Hazel\vendor\yaml-cpp\src\simplekey.cpp(1,1): error C1083: Cannot open include file: '..\..\scripts\dependencies\yaml-compat.h': No such file or directory [D:\a\Hazel\Hazel\build\yaml-cpp\yaml-cpp.vcxproj]
Windows Debug and Release	Build Debug	2026-10-01T15:43:45.6651931Z   singledocparser.cpp
Windows Debug and Release	Build Debug	2026-10-01T15:43:45.6793390Z D:\a\Hazel\Hazel\Hazel\vendor\yaml-cpp\src\singledocparser.cpp(1,1): error C1083: Cannot open include file: '..\..\scripts\dependencies\yaml-compat.h': No such file or directory [D:\a\Hazel\Hazel\build\yaml-cpp\yaml-cpp.vcxproj]
Windows Debug and Release	Build Debug	2026-10-01T15:43:45.6813926Z   stream.cpp
Windows Debug and Release	Build Debug	2026-10-01T15:43:45.7005312Z D:\a\Hazel\Hazel\Hazel\vendor\yaml-cpp\src\stream.cpp(1,1): error C1083: Cannot open include file: '..\..\scripts\dependencies\yaml-compat.h': No such file or directory [D:\a\Hazel\Hazel\build\yaml-cpp\yaml-cpp.vcxproj]
Windows Debug and Release	Build Debug	2026-10-01T15:43:45.7025797Z   tag.cpp
Windows Debug and Release	Build Debug	2026-10-01T15:43:45.7385472Z D:\a\Hazel\Hazel\Hazel\vendor\yaml-cpp\src\tag.cpp(1,1): error C1083: Cannot open include file: '..\..\scripts\dependencies\yaml-compat.h': No such file or directory [D:\a\Hazel\Hazel\build\yaml-cpp\yaml-cpp.vcxproj]
Windows Debug and Release	Build Debug	2026-10-01T15:43:45.7387315Z   Generating Code...
Windows Debug and Release	Build Debug	2026-10-01T15:43:45.7814416Z   Math.cpp
Windows Debug and Release	Build Debug	2026-10-01T15:43:46.0022144Z   Buffer.cpp
Windows Debug and Release	Build Debug	2026-10-01T15:43:46.3144085Z   EditorCamera.cpp
Windows Debug and Release	Build Debug	2026-10-01T15:43:46.6333026Z   Framebuffer.cpp
Windows Debug and Release	Build Debug	2026-10-01T15:43:46.9661181Z   GraphicsContext.cpp
Windows Debug and Release	Build Debug	2026-10-01T15:43:47.3376110Z   OrthographicCamera.cpp
Windows Debug and Release	Build Debug	2026-10-01T15:43:47.6006395Z   OrthographicCameraController.cpp
Windows Debug and Release	Build Debug	2026-10-01T15:43:47.8381359Z   RenderCommand.cpp
Windows Debug and Release	Build Debug	2026-10-01T15:43:48.1182795Z   Renderer.cpp
Windows Debug and Release	Build Debug	2026-10-01T15:43:48.5136242Z   Renderer2D.cpp
Windows Debug and Release	Build Debug	2026-10-01T15:43:48.8670148Z   RendererAPI.cpp
Windows Debug and Release	Build Debug	2026-10-01T15:43:49.1183990Z   Shader.cpp
Windows Debug and Release	Build Debug	2026-10-01T15:43:49.4947452Z shaderc_combined.lib(shaderc.obj) : warning LNK4099: PDB 'shaderc.pdb' was not found with 'shaderc_combined.lib(shaderc.obj)' or at 'D:\a\Hazel\Hazel\bin\Debug-windows-x86_64\MigrationShaderToolsSmoke\shaderc.pdb'; linking object as if no debug info [D:\a\Hazel\Hazel\build\MigrationShaderToolsSmoke\MigrationShaderToolsSmoke.vcxproj]
Windows Debug and Release	Build Debug	2026-10-01T15:43:49.4953843Z shaderc_combined.lib(version_profile.obj) : warning LNK4099: PDB 'shaderc_util.pdb' was not found with 'shaderc_combined.lib(version_profile.obj)' or at 'D:\a\Hazel\Hazel\bin\Debug-windows-x86_64\MigrationShaderToolsSmoke\shaderc_util.pdb'; linking object as if no debug info [D:\a\Hazel\Hazel\build\MigrationShaderToolsSmoke\MigrationShaderToolsSmoke.vcxproj]
Windows Debug and Release	Build Debug	2026-10-01T15:43:49.4958653Z shaderc_combined.lib(spirv_tools_wrapper.obj) : warning LNK4099: PDB 'shaderc_util.pdb' was not found with 'shaderc_combined.lib(spirv_tools_wrapper.obj)' or at 'D:\a\Hazel\Hazel\bin\Debug-windows-x86_64\MigrationShaderToolsSmoke\shaderc_util.pdb'; linking object as if no debug info [D:\a\Hazel\Hazel\build\MigrationShaderToolsSmoke\MigrationShaderToolsSmoke.vcxproj]
Windows Debug and Release	Build Debug	2026-10-01T15:43:49.4962638Z shaderc_combined.lib(shader_stage.obj) : warning LNK4099: PDB '' was not found with 'shaderc_combined.lib(shader_stage.obj)' or at ''; linking object as if no debug info [D:\a\Hazel\Hazel\build\MigrationShaderToolsSmoke\MigrationShaderToolsSmoke.vcxproj]
Windows Debug and Release	Build Debug	2026-10-01T15:43:49.4966484Z shaderc_combined.lib(resources.obj) : warning LNK4099: PDB 'shaderc_util.pdb' was not found with 'shaderc_combined.lib(resources.obj)' or at 'D:\a\Hazel\Hazel\bin\Debug-windows-x86_64\MigrationShaderToolsSmoke\shaderc_util.pdb'; linking object as if no debug info [D:\a\Hazel\Hazel\build\MigrationShaderToolsSmoke\MigrationShaderToolsSmoke.vcxproj]
Windows Debug and Release	Build Debug	2026-10-01T15:43:49.4970890Z shaderc_combined.lib(message.obj) : warning LNK4099: PDB 'shaderc_util.pdb' was not found with 'shaderc_combined.lib(message.obj)' or at 'D:\a\Hazel\Hazel\bin\Debug-windows-x86_64\MigrationShaderToolsSmoke\shaderc_util.pdb'; linking object as if no debug info [D:\a\Hazel\Hazel\build\MigrationShaderToolsSmoke\MigrationShaderToolsSmoke.vcxproj]
Windows Debug and Release	Build Debug	2026-10-01T15:43:49.4979824Z shaderc_combined.lib(compiler.obj) : warning LNK4099: PDB 'shaderc_util.pdb' was not found with 'shaderc_combined.lib(compiler.obj)' or at 'D:\a\Hazel\Hazel\bin\Debug-windows-x86_64\MigrationShaderToolsSmoke\shaderc_util.pdb'; linking object as if no debug info [D:\a\Hazel\Hazel\build\MigrationShaderToolsSmoke\MigrationShaderToolsSmoke.vcxproj]
Windows Debug and Release	Build Debug	2026-10-01T15:43:49.4988301Z shaderc_combined.lib(SpvTools.obj) : warning LNK4099: PDB 'SPIRVd.pdb' was not found with 'shaderc_combined.lib(SpvTools.obj)' or at 'D:\a\Hazel\Hazel\bin\Debug-windows-x86_64\MigrationShaderToolsSmoke\SPIRVd.pdb'; linking object as if no debug info [D:\a\Hazel\Hazel\build\MigrationShaderToolsSmoke\MigrationShaderToolsSmoke.vcxproj]
Windows Debug and Release	Build Debug	2026-10-01T15:43:49.4993400Z shaderc_combined.lib(SpvPostProcess.obj) : warning LNK4099: PDB 'SPIRVd.pdb' was not found with 'shaderc_combined.lib(SpvPostProcess.obj)' or at 'D:\a\Hazel\Hazel\bin\Debug-windows-x86_64\MigrationShaderToolsSmoke\SPIRVd.pdb'; linking object as if no debug info [D:\a\Hazel\Hazel\build\MigrationShaderToolsSmoke\MigrationShaderToolsSmoke.vcxproj]
Windows Debug and Release	Build Debug	2026-10-01T15:43:49.5011808Z shaderc_combined.lib(SpvBuilder.obj) : warning LNK4099: PDB '' was not found with 'shaderc_combined.lib(SpvBuilder.obj)' or at ''; linking object as if no debug info [D:\a\Hazel\Hazel\build\MigrationShaderToolsSmoke\MigrationShaderToolsSmoke.vcxproj]
Windows Debug and Release	Build Debug	2026-10-01T15:43:49.5015619Z shaderc_combined.lib(Logger.obj) : warning LNK4099: PDB 'SPIRVd.pdb' was not found with 'shaderc_combined.lib(Logger.obj)' or at 'D:\a\Hazel\Hazel\bin\Debug-windows-x86_64\MigrationShaderToolsSmoke\SPIRVd.pdb'; linking object as if no debug info [D:\a\Hazel\Hazel\build\MigrationShaderToolsSmoke\MigrationShaderToolsSmoke.vcxproj]
Windows Debug and Release	Build Debug	2026-10-01T15:43:49.5020969Z shaderc_combined.lib(InReadableOrder.obj) : warning LNK4099: PDB 'SPIRVd.pdb' was not found with 'shaderc_combined.lib(InReadableOrder.obj)' or at 'D:\a\Hazel\Hazel\bin\Debug-windows-x86_64\MigrationShaderToolsSmoke\SPIRVd.pdb'; linking object as if no debug info [D:\a\Hazel\Hazel\build\MigrationShaderToolsSmoke\MigrationShaderToolsSmoke.vcxproj]
Windows Debug and Release	Build Debug	2026-10-01T15:43:49.5025548Z shaderc_combined.lib(GlslangToSpv.obj) : warning LNK4099: PDB 'SPIRVd.pdb' was not found with 'shaderc_combined.lib(GlslangToSpv.obj)' or at 'D:\a\Hazel\Hazel\bin\Debug-windows-x86_64\MigrationShaderToolsSmoke\SPIRVd.pdb'; linking object as if no debug info [D:\a\Hazel\Hazel\build\MigrationShaderToolsSmoke\MigrationShaderToolsSmoke.vcxproj]
Windows Debug and Release	Build Debug	2026-10-01T15:43:49.5107039Z shaderc_combined.lib(hlslParseables.obj) : warning LNK4099: PDB 'MachineIndependentd.pdb' was not found with 'shaderc_combined.lib(hlslParseables.obj)' or at 'D:\a\Hazel\Hazel\bin\Debug-windows-x86_64\MigrationShaderToolsSmoke\MachineIndependentd.pdb'; linking object as if no debug info [D:\a\Hazel\Hazel\build\MigrationShaderToolsSmoke\MigrationShaderToolsSmoke.vcxproj]
Windows Debug and Release	Build Debug	2026-10-01T15:43:49.5115325Z shaderc_combined.lib(hlslGrammar.obj) : warning LNK4099: PDB 'MachineIndependentd.pdb' was not found with 'shaderc_combined.lib(hlslGrammar.obj)' or at 'D:\a\Hazel\Hazel\bin\Debug-windows-x86_64\MigrationShaderToolsSmoke\MachineIndependentd.pdb'; linking object as if no debug info [D:\a\Hazel\Hazel\build\MigrationShaderToolsSmoke\MigrationShaderToolsSmoke.vcxproj]
Windows Debug and Release	Build Debug	2026-10-01T15:43:49.5124165Z   Texture.cpp
Windows Debug and Release	Build Debug	2026-10-01T15:43:49.5131216Z shaderc_combined.lib(hlslTokenStream.obj) : warning LNK4099: PDB 'MachineIndependentd.pdb' was not found with 'shaderc_combined.lib(hlslTokenStream.obj)' or at 'D:\a\Hazel\Hazel\bin\Debug-windows-x86_64\MigrationShaderToolsSmoke\MachineIndependentd.pdb'; linking object as if no debug info [D:\a\Hazel\Hazel\build\MigrationShaderToolsSmoke\MigrationShaderToolsSmoke.vcxproj]
Windows Debug and Release	Build Debug	2026-10-01T15:43:49.5143905Z shaderc_combined.lib(hlslOpMap.obj) : warning LNK4099: PDB 'MachineIndependentd.pdb' was not found with 'shaderc_combined.lib(hlslOpMap.obj)' or at 'D:\a\Hazel\Hazel\bin\Debug-windows-x86_64\MigrationShaderToolsSmoke\MachineIndependentd.pdb'; linking object as if no debug info [D:\a\Hazel\Hazel\build\MigrationShaderToolsSmoke\MigrationShaderToolsSmoke.vcxproj]
Windows Debug and Release	Build Debug	2026-10-01T15:43:49.5149636Z shaderc_combined.lib(hlslScanContext.obj) : warning LNK4099: PDB 'MachineIndependentd.pdb' was not found with 'shaderc_combined.lib(hlslScanContext.obj)' or at 'D:\a\Hazel\Hazel\bin\Debug-windows-x86_64\MigrationShaderToolsSmoke\MachineIndependentd.pdb'; linking object as if no debug info [D:\a\Hazel\Hazel\build\MigrationShaderToolsSmoke\MigrationShaderToolsSmoke.vcxproj]
Windows Debug and Release	Build Debug	2026-10-01T15:43:49.5161064Z shaderc_combined.lib(hlslParseHelper.obj) : warning LNK4099: PDB 'MachineIndependentd.pdb' was not found with 'shaderc_combined.lib(hlslParseHelper.obj)' or at 'D:\a\Hazel\Hazel\bin\Debug-windows-x86_64\MigrationShaderToolsSmoke\MachineIndependentd.pdb'; linking object as if no debug info [D:\a\Hazel\Hazel\build\MigrationShaderToolsSmoke\MigrationShaderToolsSmoke.vcxproj]
Windows Debug and Release	Build Debug	2026-10-01T15:43:49.5436503Z shaderc_combined.lib(hlslAttributes.obj) : warning LNK4099: PDB 'MachineIndependentd.pdb' was not found with 'shaderc_combined.lib(hlslAttributes.obj)' or at 'D:\a\Hazel\Hazel\bin\Debug-windows-x86_64\MigrationShaderToolsSmoke\MachineIndependentd.pdb'; linking object as if no debug info [D:\a\Hazel\Hazel\build\MigrationShaderToolsSmoke\MigrationShaderToolsSmoke.vcxproj]
Windows Debug and Release	Build Debug	2026-10-01T15:43:49.5445056Z shaderc_combined.lib(propagateNoContraction.obj) : warning LNK4099: PDB 'MachineIndependentd.pdb' was not found with 'shaderc_combined.lib(propagateNoContraction.obj)' or at 'D:\a\Hazel\Hazel\bin\Debug-windows-x86_64\MigrationShaderToolsSmoke\MachineIndependentd.pdb'; linking object as if no debug info [D:\a\Hazel\Hazel\build\MigrationShaderToolsSmoke\MigrationShaderToolsSmoke.vcxproj]
Windows Debug and Release	Build Debug	2026-10-01T15:43:49.5463137Z shaderc_combined.lib(PpTokens.obj) : warning LNK4099: PDB 'MachineIndependentd.pdb' was not found with 'shaderc_combined.lib(PpTokens.obj)' or at 'D:\a\Hazel\Hazel\bin\Debug-windows-x86_64\MigrationShaderToolsSmoke\MachineIndependentd.pdb'; linking object as if no debug info [D:\a\Hazel\Hazel\build\MigrationShaderToolsSmoke\MigrationShaderToolsSmoke.vcxproj]
Windows Debug and Release	Build Debug	2026-10-01T15:43:49.5472593Z shaderc_combined.lib(PpScanner.obj) : warning LNK4099: PDB 'MachineIndependentd.pdb' was not found with 'shaderc_combined.lib(PpScanner.obj)' or at 'D:\a\Hazel\Hazel\bin\Debug-windows-x86_64\MigrationShaderToolsSmoke\MachineIndependentd.pdb'; linking object as if no debug info [D:\a\Hazel\Hazel\build\MigrationShaderToolsSmoke\MigrationShaderToolsSmoke.vcxproj]
Windows Debug and Release	Build Debug	2026-10-01T15:43:49.5479665Z shaderc_combined.lib(PpContext.obj) : warning LNK4099: PDB 'MachineIndependentd.pdb' was not found with 'shaderc_combined.lib(PpContext.obj)' or at 'D:\a\Hazel\Hazel\bin\Debug-windows-x86_64\MigrationShaderToolsSmoke\MachineIndependentd.pdb'; linking object as if no debug info [D:\a\Hazel\Hazel\build\MigrationShaderToolsSmoke\MigrationShaderToolsSmoke.vcxproj]
Windows Debug and Release	Build Debug	2026-10-01T15:43:49.5486831Z shaderc_combined.lib(PpAtom.obj) : warning LNK4099: PDB 'MachineIndependentd.pdb' was not found with 'shaderc_combined.lib(PpAtom.obj)' or at 'D:\a\Hazel\Hazel\bin\Debug-windows-x86_64\MigrationShaderToolsSmoke\MachineIndependentd.pdb'; linking object as if no debug info [D:\a\Hazel\Hazel\build\MigrationShaderToolsSmoke\MigrationShaderToolsSmoke.vcxproj]
Windows Debug and Release	Build Debug	2026-10-01T15:43:49.5492231Z shaderc_combined.lib(Pp.obj) : warning LNK4099: PDB 'MachineIndependentd.pdb' was not found with 'shaderc_combined.lib(Pp.obj)' or at 'D:\a\Hazel\Hazel\bin\Debug-windows-x86_64\MigrationShaderToolsSmoke\MachineIndependentd.pdb'; linking object as if no debug info [D:\a\Hazel\Hazel\build\MigrationShaderToolsSmoke\MigrationShaderToolsSmoke.vcxproj]
Windows Debug and Release	Build Debug	2026-10-01T15:43:49.5512925Z shaderc_combined.lib(reflection.obj) : warning LNK4099: PDB 'MachineIndependentd.pdb' was not found with 'shaderc_combined.lib(reflection.obj)' or at 'D:\a\Hazel\Hazel\bin\Debug-windows-x86_64\MigrationShaderToolsSmoke\MachineIndependentd.pdb'; linking object as if no debug info [D:\a\Hazel\Hazel\build\MigrationShaderToolsSmoke\MigrationShaderToolsSmoke.vcxproj]
Windows Debug and Release	Build Debug	2026-10-01T15:43:49.5535976Z shaderc_combined.lib(parseConst.obj) : warning LNK4099: PDB 'MachineIndependentd.pdb' was not found with 'shaderc_combined.lib(parseConst.obj)' or at 'D:\a\Hazel\Hazel\bin\Debug-windows-x86_64\MigrationShaderToolsSmoke\MachineIndependentd.pdb'; linking object as if no debug info [D:\a\Hazel\Hazel\build\MigrationShaderToolsSmoke\MigrationShaderToolsSmoke.vcxproj]
Windows Debug and Release	Build Debug	2026-10-01T15:43:49.5545795Z shaderc_combined.lib(linkValidate.obj) : warning LNK4099: PDB 'MachineIndependentd.pdb' was not found with 'shaderc_combined.lib(linkValidate.obj)' or at 'D:\a\Hazel\Hazel\bin\Debug-windows-x86_64\MigrationShaderToolsSmoke\MachineIndependentd.pdb'; linking object as if no debug info [D:\a\Hazel\Hazel\build\MigrationShaderToolsSmoke\MigrationShaderToolsSmoke.vcxproj]
Windows Debug and Release	Build Debug	2026-10-01T15:43:49.5597746Z shaderc_combined.lib(limits.obj) : warning LNK4099: PDB 'MachineIndependentd.pdb' was not found with 'shaderc_combined.lib(limits.obj)' or at 'D:\a\Hazel\Hazel\bin\Debug-windows-x86_64\MigrationShaderToolsSmoke\MachineIndependentd.pdb'; linking object as if no debug info [D:\a\Hazel\Hazel\build\MigrationShaderToolsSmoke\MigrationShaderToolsSmoke.vcxproj]
Windows Debug and Release	Build Debug	2026-10-01T15:43:49.5604432Z shaderc_combined.lib(intermOut.obj) : warning LNK4099: PDB 'MachineIndependentd.pdb' was not found with 'shaderc_combined.lib(intermOut.obj)' or at 'D:\a\Hazel\Hazel\bin\Debug-windows-x86_64\MigrationShaderToolsSmoke\MachineIndependentd.pdb'; linking object as if no debug info [D:\a\Hazel\Hazel\build\MigrationShaderToolsSmoke\MigrationShaderToolsSmoke.vcxproj]
Windows Debug and Release	Build Debug	2026-10-01T15:43:49.5613894Z shaderc_combined.lib(Versions.obj) : warning LNK4099: PDB 'MachineIndependentd.pdb' was not found with 'shaderc_combined.lib(Versions.obj)' or at 'D:\a\Hazel\Hazel\bin\Debug-windows-x86_64\MigrationShaderToolsSmoke\MachineIndependentd.pdb'; linking object as if no debug info [D:\a\Hazel\Hazel\build\MigrationShaderToolsSmoke\MigrationShaderToolsSmoke.vcxproj]
Windows Debug and Release	Build Debug	2026-10-01T15:43:49.5632366Z shaderc_combined.lib(SymbolTable.obj) : warning LNK4099: PDB 'MachineIndependentd.pdb' was not found with 'shaderc_combined.lib(SymbolTable.obj)' or at 'D:\a\Hazel\Hazel\bin\Debug-windows-x86_64\MigrationShaderToolsSmoke\MachineIndependentd.pdb'; linking object as if no debug info [D:\a\Hazel\Hazel\build\MigrationShaderToolsSmoke\MigrationShaderToolsSmoke.vcxproj]
Windows Debug and Release	Build Debug	2026-10-01T15:43:49.5668919Z shaderc_combined.lib(SpirvIntrinsics.obj) : warning LNK4099: PDB 'MachineIndependentd.pdb' was not found with 'shaderc_combined.lib(SpirvIntrinsics.obj)' or at 'D:\a\Hazel\Hazel\bin\Debug-windows-x86_64\MigrationShaderToolsSmoke\MachineIndependentd.pdb'; linking object as if no debug info [D:\a\Hazel\Hazel\build\MigrationShaderToolsSmoke\MigrationShaderToolsSmoke.vcxproj]
Windows Debug and Release	Build Debug	2026-10-01T15:43:49.5688668Z shaderc_combined.lib(ShaderLang.obj) : warning LNK4099: PDB 'MachineIndependentd.pdb' was not found with 'shaderc_combined.lib(ShaderLang.obj)' or at 'D:\a\Hazel\Hazel\bin\Debug-windows-x86_64\MigrationShaderToolsSmoke\MachineIndependentd.pdb'; linking object as if no debug info [D:\a\Hazel\Hazel\build\MigrationShaderToolsSmoke\MigrationShaderToolsSmoke.vcxproj]
Windows Debug and Release	Build Debug	2026-10-01T15:43:49.5740270Z shaderc_combined.lib(Scan.obj) : warning LNK4099: PDB 'MachineIndependentd.pdb' was not found with 'shaderc_combined.lib(Scan.obj)' or at 'D:\a\Hazel\Hazel\bin\Debug-windows-x86_64\MigrationShaderToolsSmoke\MachineIndependentd.pdb'; linking object as if no debug info [D:\a\Hazel\Hazel\build\MigrationShaderToolsSmoke\MigrationShaderToolsSmoke.vcxproj]
Windows Debug and Release	Build Debug	2026-10-01T15:43:49.5756176Z shaderc_combined.lib(RemoveTree.obj) : warning LNK4099: PDB 'MachineIndependentd.pdb' was not found with 'shaderc_combined.lib(RemoveTree.obj)' or at 'D:\a\Hazel\Hazel\bin\Debug-windows-x86_64\MigrationShaderToolsSmoke\MachineIndependentd.pdb'; linking object as if no debug info [D:\a\Hazel\Hazel\build\MigrationShaderToolsSmoke\MigrationShaderToolsSmoke.vcxproj]
Windows Debug and Release	Build Debug	2026-10-01T15:43:49.5760772Z shaderc_combined.lib(PoolAlloc.obj) : warning LNK4099: PDB 'MachineIndependentd.pdb' was not found with 'shaderc_combined.lib(PoolAlloc.obj)' or at 'D:\a\Hazel\Hazel\bin\Debug-windows-x86_64\MigrationShaderToolsSmoke\MachineIndependentd.pdb'; linking object as if no debug info [D:\a\Hazel\Hazel\build\MigrationShaderToolsSmoke\MigrationShaderToolsSmoke.vcxproj]
Windows Debug and Release	Build Debug	2026-10-01T15:43:49.5772192Z shaderc_combined.lib(ParseHelper.obj) : warning LNK4099: PDB 'MachineIndependentd.pdb' was not found with 'shaderc_combined.lib(ParseHelper.obj)' or at 'D:\a\Hazel\Hazel\bin\Debug-windows-x86_64\MigrationShaderToolsSmoke\MachineIndependentd.pdb'; linking object as if no debug info [D:\a\Hazel\Hazel\build\MigrationShaderToolsSmoke\MigrationShaderToolsSmoke.vcxproj]
Windows Debug and Release	Build Debug	2026-10-01T15:43:49.5836684Z shaderc_combined.lib(ParseContextBase.obj) : warning LNK4099: PDB 'MachineIndependentd.pdb' was not found with 'shaderc_combined.lib(ParseContextBase.obj)' or at 'D:\a\Hazel\Hazel\bin\Debug-windows-x86_64\MigrationShaderToolsSmoke\MachineIndependentd.pdb'; linking object as if no debug info [D:\a\Hazel\Hazel\build\MigrationShaderToolsSmoke\MigrationShaderToolsSmoke.vcxproj]
Windows Debug and Release	Build Debug	2026-10-01T15:43:49.5850373Z shaderc_combined.lib(Intermediate.obj) : warning LNK4099: PDB 'MachineIndependentd.pdb' was not found with 'shaderc_combined.lib(Intermediate.obj)' or at 'D:\a\Hazel\Hazel\bin\Debug-windows-x86_64\MigrationShaderToolsSmoke\MachineIndependentd.pdb'; linking object as if no debug info [D:\a\Hazel\Hazel\build\MigrationShaderToolsSmoke\MigrationShaderToolsSmoke.vcxproj]
Windows Debug and Release	Build Debug	2026-10-01T15:43:49.5874169Z shaderc_combined.lib(IntermTraverse.obj) : warning LNK4099: PDB 'MachineIndependentd.pdb' was not found with 'shaderc_combined.lib(IntermTraverse.obj)' or at 'D:\a\Hazel\Hazel\bin\Debug-windows-x86_64\MigrationShaderToolsSmoke\MachineIndependentd.pdb'; linking object as if no debug info [D:\a\Hazel\Hazel\build\MigrationShaderToolsSmoke\MigrationShaderToolsSmoke.vcxproj]
Windows Debug and Release	Build Debug	2026-10-01T15:43:49.5880139Z shaderc_combined.lib(Initialize.obj) : warning LNK4099: PDB 'MachineIndependentd.pdb' was not found with 'shaderc_combined.lib(Initialize.obj)' or at 'D:\a\Hazel\Hazel\bin\Debug-windows-x86_64\MigrationShaderToolsSmoke\MachineIndependentd.pdb'; linking object as if no debug info [D:\a\Hazel\Hazel\build\MigrationShaderToolsSmoke\MigrationShaderToolsSmoke.vcxproj]
Windows Debug and Release	Build Debug	2026-10-01T15:43:49.5902682Z shaderc_combined.lib(InfoSink.obj) : warning LNK4099: PDB 'MachineIndependentd.pdb' was not found with 'shaderc_combined.lib(InfoSink.obj)' or at 'D:\a\Hazel\Hazel\bin\Debug-windows-x86_64\MigrationShaderToolsSmoke\MachineIndependentd.pdb'; linking object as if no debug info [D:\a\Hazel\Hazel\build\MigrationShaderToolsSmoke\MigrationShaderToolsSmoke.vcxproj]
Windows Debug and Release	Build Debug	2026-10-01T15:43:49.5912470Z shaderc_combined.lib(iomapper.obj) : warning LNK4099: PDB 'MachineIndependentd.pdb' was not found with 'shaderc_combined.lib(iomapper.obj)' or at 'D:\a\Hazel\Hazel\bin\Debug-windows-x86_64\MigrationShaderToolsSmoke\MachineIndependentd.pdb'; linking object as if no debug info [D:\a\Hazel\Hazel\build\MigrationShaderToolsSmoke\MigrationShaderToolsSmoke.vcxproj]
Windows Debug and Release	Build Debug	2026-10-01T15:43:49.5950585Z shaderc_combined.lib(Constant.obj) : warning LNK4099: PDB 'MachineIndependentd.pdb' was not found with 'shaderc_combined.lib(Constant.obj)' or at 'D:\a\Hazel\Hazel\bin\Debug-windows-x86_64\MigrationShaderToolsSmoke\MachineIndependentd.pdb'; linking object as if no debug info [D:\a\Hazel\Hazel\build\MigrationShaderToolsSmoke\MigrationShaderToolsSmoke.vcxproj]
Windows Debug and Release	Build Debug	2026-10-01T15:43:49.5958753Z shaderc_combined.lib(attribute.obj) : warning LNK4099: PDB 'MachineIndependentd.pdb' was not found with 'shaderc_combined.lib(attribute.obj)' or at 'D:\a\Hazel\Hazel\bin\Debug-windows-x86_64\MigrationShaderToolsSmoke\MachineIndependentd.pdb'; linking object as if no debug info [D:\a\Hazel\Hazel\build\MigrationShaderToolsSmoke\MigrationShaderToolsSmoke.vcxproj]
Windows Debug and Release	Build Debug	2026-10-01T15:43:49.5967586Z shaderc_combined.lib(glslang_tab.obj) : warning LNK4099: PDB 'MachineIndependentd.pdb' was not found with 'shaderc_combined.lib(glslang_tab.obj)' or at 'D:\a\Hazel\Hazel\bin\Debug-windows-x86_64\MigrationShaderToolsSmoke\MachineIndependentd.pdb'; linking object as if no debug info [D:\a\Hazel\Hazel\build\MigrationShaderToolsSmoke\MigrationShaderToolsSmoke.vcxproj]
Windows Debug and Release	Build Debug	2026-10-01T15:43:49.5989539Z shaderc_combined.lib(cmake_pch.obj) : warning LNK4099: PDB 'MachineIndependentd.pdb' was not found with 'shaderc_combined.lib(cmake_pch.obj)' or at 'D:\a\Hazel\Hazel\bin\Debug-windows-x86_64\MigrationShaderToolsSmoke\MachineIndependentd.pdb'; linking object as if no debug info [D:\a\Hazel\Hazel\build\MigrationShaderToolsSmoke\MigrationShaderToolsSmoke.vcxproj]
Windows Debug and Release	Build Debug	2026-10-01T15:43:49.5999313Z shaderc_combined.lib(Link.obj) : warning LNK4099: PDB 'GenericCodeGend.pdb' was not found with 'shaderc_combined.lib(Link.obj)' or at 'D:\a\Hazel\Hazel\bin\Debug-windows-x86_64\MigrationShaderToolsSmoke\GenericCodeGend.pdb'; linking object as if no debug info [D:\a\Hazel\Hazel\build\MigrationShaderToolsSmoke\MigrationShaderToolsSmoke.vcxproj]
Windows Debug and Release	Build Debug	2026-10-01T15:43:49.6006114Z shaderc_combined.lib(CodeGen.obj) : warning LNK4099: PDB 'GenericCodeGend.pdb' was not found with 'shaderc_combined.lib(CodeGen.obj)' or at 'D:\a\Hazel\Hazel\bin\Debug-windows-x86_64\MigrationShaderToolsSmoke\GenericCodeGend.pdb'; linking object as if no debug info [D:\a\Hazel\Hazel\build\MigrationShaderToolsSmoke\MigrationShaderToolsSmoke.vcxproj]
Windows Debug and Release	Build Debug	2026-10-01T15:43:49.6012320Z shaderc_combined.lib(pch_source_opt.obj) : warning LNK4099: PDB 'SPIRV-Tools-opt.pdb' was not found with 'shaderc_combined.lib(pch_source_opt.obj)' or at 'D:\a\Hazel\Hazel\bin\Debug-windows-x86_64\MigrationShaderToolsSmoke\SPIRV-Tools-opt.pdb'; linking object as if no debug info [D:\a\Hazel\Hazel\build\MigrationShaderToolsSmoke\MigrationShaderToolsSmoke.vcxproj]
Windows Debug and Release	Build Debug	2026-10-01T15:43:49.6017347Z shaderc_combined.lib(wrap_opkill.obj) : warning LNK4099: PDB 'SPIRV-Tools-opt.pdb' was not found with 'shaderc_combined.lib(wrap_opkill.obj)' or at 'D:\a\Hazel\Hazel\bin\Debug-windows-x86_64\MigrationShaderToolsSmoke\SPIRV-Tools-opt.pdb'; linking object as if no debug info [D:\a\Hazel\Hazel\build\MigrationShaderToolsSmoke\MigrationShaderToolsSmoke.vcxproj]
Windows Debug and Release	Build Debug	2026-10-01T15:43:49.6034611Z shaderc_combined.lib(workaround1209.obj) : warning LNK4099: PDB 'SPIRV-Tools-opt.pdb' was not found with 'shaderc_combined.lib(workaround1209.obj)' or at 'D:\a\Hazel\Hazel\bin\Debug-windows-x86_64\MigrationShaderToolsSmoke\SPIRV-Tools-opt.pdb'; linking object as if no debug info [D:\a\Hazel\Hazel\build\MigrationShaderToolsSmoke\MigrationShaderToolsSmoke.vcxproj]
Windows Debug and Release	Build Debug	2026-10-01T15:43:49.6045648Z shaderc_combined.lib(vector_dce.obj) : warning LNK4099: PDB 'SPIRV-Tools-opt.pdb' was not found with 'shaderc_combined.lib(vector_dce.obj)' or at 'D:\a\Hazel\Hazel\bin\Debug-windows-x86_64\MigrationShaderToolsSmoke\SPIRV-Tools-opt.pdb'; linking object as if no debug info [D:\a\Hazel\Hazel\build\MigrationShaderToolsSmoke\MigrationShaderToolsSmoke.vcxproj]
Windows Debug and Release	Build Debug	2026-10-01T15:43:49.6074474Z shaderc_combined.lib(value_number_table.obj) : warning LNK4099: PDB 'SPIRV-Tools-opt.pdb' was not found with 'shaderc_combined.lib(value_number_table.obj)' or at 'D:\a\Hazel\Hazel\bin\Debug-windows-x86_64\MigrationShaderToolsSmoke\SPIRV-Tools-opt.pdb'; linking object as if no debug info [D:\a\Hazel\Hazel\build\MigrationShaderToolsSmoke\MigrationShaderToolsSmoke.vcxproj]
Windows Debug and Release	Build Debug	2026-10-01T15:43:49.6093303Z shaderc_combined.lib(upgrade_memory_model.obj) : warning LNK4099: PDB 'SPIRV-Tools-opt.pdb' was not found with 'shaderc_combined.lib(upgrade_memory_model.obj)' or at 'D:\a\Hazel\Hazel\bin\Debug-windows-x86_64\MigrationShaderToolsSmoke\SPIRV-Tools-opt.pdb'; linking object as if no debug info [D:\a\Hazel\Hazel\build\MigrationShaderToolsSmoke\MigrationShaderToolsSmoke.vcxproj]
Windows Debug and Release	Build Debug	2026-10-01T15:43:49.6129215Z shaderc_combined.lib(unify_const_pass.obj) : warning LNK4099: PDB 'SPIRV-Tools-opt.pdb' was not found with 'shaderc_combined.lib(unify_const_pass.obj)' or at 'D:\a\Hazel\Hazel\bin\Debug-windows-x86_64\MigrationShaderToolsSmoke\SPIRV-Tools-opt.pdb'; linking object as if no debug info [D:\a\Hazel\Hazel\build\MigrationShaderToolsSmoke\MigrationShaderToolsSmoke.vcxproj]
Windows Debug and Release	Build Debug	2026-10-01T15:43:49.6136266Z shaderc_combined.lib(types.obj) : warning LNK4099: PDB 'SPIRV-Tools-opt.pdb' was not found with 'shaderc_combined.lib(types.obj)' or at 'D:\a\Hazel\Hazel\bin\Debug-windows-x86_64\MigrationShaderToolsSmoke\SPIRV-Tools-opt.pdb'; linking object as if no debug info [D:\a\Hazel\Hazel\build\MigrationShaderToolsSmoke\MigrationShaderToolsSmoke.vcxproj]
Windows Debug and Release	Build Debug	2026-10-01T15:43:49.6173385Z shaderc_combined.lib(type_manager.obj) : warning LNK4099: PDB 'SPIRV-Tools-opt.pdb' was not found with 'shaderc_combined.lib(type_manager.obj)' or at 'D:\a\Hazel\Hazel\bin\Debug-windows-x86_64\MigrationShaderToolsSmoke\SPIRV-Tools-opt.pdb'; linking object as if no debug info [D:\a\Hazel\Hazel\build\MigrationShaderToolsSmoke\MigrationShaderToolsSmoke.vcxproj]
Windows Debug and Release	Build Debug	2026-10-01T15:43:49.6211895Z shaderc_combined.lib(trim_capabilities_pass.obj) : warning LNK4099: PDB 'SPIRV-Tools-opt.pdb' was not found with 'shaderc_combined.lib(trim_capabilities_pass.obj)' or at 'D:\a\Hazel\Hazel\bin\Debug-windows-x86_64\MigrationShaderToolsSmoke\SPIRV-Tools-opt.pdb'; linking object as if no debug info [D:\a\Hazel\Hazel\build\MigrationShaderToolsSmoke\MigrationShaderToolsSmoke.vcxproj]
Windows Debug and Release	Build Debug	2026-10-01T15:43:49.6235195Z shaderc_combined.lib(struct_cfg_analysis.obj) : warning LNK4099: PDB 'SPIRV-Tools-opt.pdb' was not found with 'shaderc_combined.lib(struct_cfg_analysis.obj)' or at 'D:\a\Hazel\Hazel\bin\Debug-windows-x86_64\MigrationShaderToolsSmoke\SPIRV-Tools-opt.pdb'; linking object as if no debug info [D:\a\Hazel\Hazel\build\MigrationShaderToolsSmoke\MigrationShaderToolsSmoke.vcxproj]
Windows Debug and Release	Build Debug	2026-10-01T15:43:49.6255379Z shaderc_combined.lib(strip_nonsemantic_info_pass.obj) : warning LNK4099: PDB 'SPIRV-Tools-opt.pdb' was not found with 'shaderc_combined.lib(strip_nonsemantic_info_pass.obj)' or at 'D:\a\Hazel\Hazel\bin\Debug-windows-x86_64\MigrationShaderToolsSmoke\SPIRV-Tools-opt.pdb'; linking object as if no debug info [D:\a\Hazel\Hazel\build\MigrationShaderToolsSmoke\MigrationShaderToolsSmoke.vcxproj]
Windows Debug and Release	Build Debug	2026-10-01T15:43:49.6259734Z shaderc_combined.lib(strip_debug_info_pass.obj) : warning LNK4099: PDB '' was not found with 'shaderc_combined.lib(strip_debug_info_pass.obj)' or at ''; linking object as if no debug info [D:\a\Hazel\Hazel\build\MigrationShaderToolsSmoke\MigrationShaderToolsSmoke.vcxproj]
Windows Debug and Release	Build Debug	2026-10-01T15:43:49.6267500Z shaderc_combined.lib(strength_reduction_pass.obj) : warning LNK4099: PDB 'SPIRV-Tools-opt.pdb' was not found with 'shaderc_combined.lib(strength_reduction_pass.obj)' or at 'D:\a\Hazel\Hazel\bin\Debug-windows-x86_64\MigrationShaderToolsSmoke\SPIRV-Tools-opt.pdb'; linking object as if no debug info [D:\a\Hazel\Hazel\build\MigrationShaderToolsSmoke\MigrationShaderToolsSmoke.vcxproj]
Windows Debug and Release	Build Debug	2026-10-01T15:43:49.6279256Z shaderc_combined.lib(ssa_rewrite_pass.obj) : warning LNK4099: PDB 'SPIRV-Tools-opt.pdb' was not found with 'shaderc_combined.lib(ssa_rewrite_pass.obj)' or at 'D:\a\Hazel\Hazel\bin\Debug-windows-x86_64\MigrationShaderToolsSmoke\SPIRV-Tools-opt.pdb'; linking object as if no debug info [D:\a\Hazel\Hazel\build\MigrationShaderToolsSmoke\MigrationShaderToolsSmoke.vcxproj]
Windows Debug and Release	Build Debug	2026-10-01T15:43:49.6386505Z shaderc_combined.lib(spread_volatile_semantics.obj) : warning LNK4099: PDB 'SPIRV-Tools-opt.pdb' was not found with 'shaderc_combined.lib(spread_volatile_semantics.obj)' or at 'D:\a\Hazel\Hazel\bin\Debug-windows-x86_64\MigrationShaderToolsSmoke\SPIRV-Tools-opt.pdb'; linking object as if no debug info [D:\a\Hazel\Hazel\build\MigrationShaderToolsSmoke\MigrationShaderToolsSmoke.vcxproj]
Windows Debug and Release	Build Debug	2026-10-01T15:43:49.6392523Z shaderc_combined.lib(simplification_pass.obj) : warning LNK4099: PDB 'SPIRV-Tools-opt.pdb' was not found with 'shaderc_combined.lib(simplification_pass.obj)' or at 'D:\a\Hazel\Hazel\bin\Debug-windows-x86_64\MigrationShaderToolsSmoke\SPIRV-Tools-opt.pdb'; linking object as if no debug info [D:\a\Hazel\Hazel\build\MigrationShaderToolsSmoke\MigrationShaderToolsSmoke.vcxproj]
Windows Debug and Release	Build Debug	2026-10-01T15:43:49.6400900Z shaderc_combined.lib(set_spec_constant_default_value_pass.obj) : warning LNK4099: PDB 'SPIRV-Tools-opt.pdb' was not found with 'shaderc_combined.lib(set_spec_constant_default_value_pass.obj)' or at 'D:\a\Hazel\Hazel\bin\Debug-windows-x86_64\MigrationShaderToolsSmoke\SPIRV-Tools-opt.pdb'; linking object as if no debug info [D:\a\Hazel\Hazel\build\MigrationShaderToolsSmoke\MigrationShaderToolsSmoke.vcxproj]
Windows Debug and Release	Build Debug	2026-10-01T15:43:49.6406095Z shaderc_combined.lib(scalar_replacement_pass.obj) : warning LNK4099: PDB 'SPIRV-Tools-opt.pdb' was not found with 'shaderc_combined.lib(scalar_replacement_pass.obj)' or at 'D:\a\Hazel\Hazel\bin\Debug-windows-x86_64\MigrationShaderToolsSmoke\SPIRV-Tools-opt.pdb'; linking object as if no debug info [D:\a\Hazel\Hazel\build\MigrationShaderToolsSmoke\MigrationShaderToolsSmoke.vcxproj]
Windows Debug and Release	Build Debug	2026-10-01T15:43:49.6413355Z shaderc_combined.lib(scalar_analysis_simplification.obj) : warning LNK4099: PDB 'SPIRV-Tools-opt.pdb' was not found with 'shaderc_combined.lib(scalar_analysis_simplification.obj)' or at 'D:\a\Hazel\Hazel\bin\Debug-windows-x86_64\MigrationShaderToolsSmoke\SPIRV-Tools-opt.pdb'; linking object as if no debug info [D:\a\Hazel\Hazel\build\MigrationShaderToolsSmoke\MigrationShaderToolsSmoke.vcxproj]
Windows Debug and Release	Build Debug	2026-10-01T15:43:49.6421085Z shaderc_combined.lib(scalar_analysis.obj) : warning LNK4099: PDB '' was not found with 'shaderc_combined.lib(scalar_analysis.obj)' or at ''; linking object as if no debug info [D:\a\Hazel\Hazel\build\MigrationShaderToolsSmoke\MigrationShaderToolsSmoke.vcxproj]
Windows Debug and Release	Build Debug	2026-10-01T15:43:49.6457162Z shaderc_combined.lib(replace_invalid_opc.obj) : warning LNK4099: PDB 'SPIRV-Tools-opt.pdb' was not found with 'shaderc_combined.lib(replace_invalid_opc.obj)' or at 'D:\a\Hazel\Hazel\bin\Debug-windows-x86_64\MigrationShaderToolsSmoke\SPIRV-Tools-opt.pdb'; linking object as if no debug info [D:\a\Hazel\Hazel\build\MigrationShaderToolsSmoke\MigrationShaderToolsSmoke.vcxproj]
Windows Debug and Release	Build Debug	2026-10-01T15:43:49.6470865Z shaderc_combined.lib(replace_desc_array_access_using_var_index.obj) : warning LNK4099: PDB 'SPIRV-Tools-opt.pdb' was not found with 'shaderc_combined.lib(replace_desc_array_access_using_var_index.obj)' or at 'D:\a\Hazel\Hazel\bin\Debug-windows-x86_64\MigrationShaderToolsSmoke\SPIRV-Tools-opt.pdb'; linking object as if no debug info [D:\a\Hazel\Hazel\build\MigrationShaderToolsSmoke\MigrationShaderToolsSmoke.vcxproj]
Windows Debug and Release	Build Debug	2026-10-01T15:43:49.6493815Z shaderc_combined.lib(remove_unused_interface_variables_pass.obj) : warning LNK4099: PDB 'SPIRV-Tools-opt.pdb' was not found with 'shaderc_combined.lib(remove_unused_interface_variables_pass.obj)' or at 'D:\a\Hazel\Hazel\bin\Debug-windows-x86_64\MigrationShaderToolsSmoke\SPIRV-Tools-opt.pdb'; linking object as if no debug info [D:\a\Hazel\Hazel\build\MigrationShaderToolsSmoke\MigrationShaderToolsSmoke.vcxproj]
Windows Debug and Release	Build Debug	2026-10-01T15:43:49.6508285Z shaderc_combined.lib(remove_duplicates_pass.obj) : warning LNK4099: PDB 'SPIRV-Tools-opt.pdb' was not found with 'shaderc_combined.lib(remove_duplicates_pass.obj)' or at 'D:\a\Hazel\Hazel\bin\Debug-windows-x86_64\MigrationShaderToolsSmoke\SPIRV-Tools-opt.pdb'; linking object as if no debug info [D:\a\Hazel\Hazel\build\MigrationShaderToolsSmoke\MigrationShaderToolsSmoke.vcxproj]
Windows Debug and Release	Build Debug	2026-10-01T15:43:49.6522249Z shaderc_combined.lib(remove_dontinline_pass.obj) : warning LNK4099: PDB 'SPIRV-Tools-opt.pdb' was not found with 'shaderc_combined.lib(remove_dontinline_pass.obj)' or at 'D:\a\Hazel\Hazel\bin\Debug-windows-x86_64\MigrationShaderToolsSmoke\SPIRV-Tools-opt.pdb'; linking object as if no debug info [D:\a\Hazel\Hazel\build\MigrationShaderToolsSmoke\MigrationShaderToolsSmoke.vcxproj]
Windows Debug and Release	Build Debug	2026-10-01T15:43:49.6528457Z shaderc_combined.lib(relax_float_ops_pass.obj) : warning LNK4099: PDB 'SPIRV-Tools-opt.pdb' was not found with 'shaderc_combined.lib(relax_float_ops_pass.obj)' or at 'D:\a\Hazel\Hazel\bin\Debug-windows-x86_64\MigrationShaderToolsSmoke\SPIRV-Tools-opt.pdb'; linking object as if no debug info [D:\a\Hazel\Hazel\build\MigrationShaderToolsSmoke\MigrationShaderToolsSmoke.vcxproj]
Windows Debug and Release	Build Debug	2026-10-01T15:43:49.6544717Z shaderc_combined.lib(register_pressure.obj) : warning LNK4099: PDB 'SPIRV-Tools-opt.pdb' was not found with 'shaderc_combined.lib(register_pressure.obj)' or at 'D:\a\Hazel\Hazel\bin\Debug-windows-x86_64\MigrationShaderToolsSmoke\SPIRV-Tools-opt.pdb'; linking object as if no debug info [D:\a\Hazel\Hazel\build\MigrationShaderToolsSmoke\MigrationShaderToolsSmoke.vcxproj]
Windows Debug and Release	Build Debug	2026-10-01T15:43:49.6578532Z shaderc_combined.lib(redundancy_elimination.obj) : warning LNK4099: PDB 'SPIRV-Tools-opt.pdb' was not found with 'shaderc_combined.lib(redundancy_elimination.obj)' or at 'D:\a\Hazel\Hazel\bin\Debug-windows-x86_64\MigrationShaderToolsSmoke\SPIRV-Tools-opt.pdb'; linking object as if no debug info [D:\a\Hazel\Hazel\build\MigrationShaderToolsSmoke\MigrationShaderToolsSmoke.vcxproj]
Windows Debug and Release	Build Debug	2026-10-01T15:43:49.6586565Z shaderc_combined.lib(reduce_load_size.obj) : warning LNK4099: PDB 'SPIRV-Tools-opt.pdb' was not found with 'shaderc_combined.lib(reduce_load_size.obj)' or at 'D:\a\Hazel\Hazel\bin\Debug-windows-x86_64\MigrationShaderToolsSmoke\SPIRV-Tools-opt.pdb'; linking object as if no debug info [D:\a\Hazel\Hazel\build\MigrationShaderToolsSmoke\MigrationShaderToolsSmoke.vcxproj]
Windows Debug and Release	Build Debug	2026-10-01T15:43:49.6602788Z shaderc_combined.lib(propagator.obj) : warning LNK4099: PDB 'SPIRV-Tools-opt.pdb' was not found with 'shaderc_combined.lib(propagator.obj)' or at 'D:\a\Hazel\Hazel\bin\Debug-windows-x86_64\MigrationShaderToolsSmoke\SPIRV-Tools-opt.pdb'; linking object as if no debug info [D:\a\Hazel\Hazel\build\MigrationShaderToolsSmoke\MigrationShaderToolsSmoke.vcxproj]
Windows Debug and Release	Build Debug	2026-10-01T15:43:49.6626276Z shaderc_combined.lib(private_to_local_pass.obj) : warning LNK4099: PDB 'SPIRV-Tools-opt.pdb' was not found with 'shaderc_combined.lib(private_to_local_pass.obj)' or at 'D:\a\Hazel\Hazel\bin\Debug-windows-x86_64\MigrationShaderToolsSmoke\SPIRV-Tools-opt.pdb'; linking object as if no debug info [D:\a\Hazel\Hazel\build\MigrationShaderToolsSmoke\MigrationShaderToolsSmoke.vcxproj]
Windows Debug and Release	Build Debug	2026-10-01T15:43:49.6642152Z shaderc_combined.lib(pass_manager.obj) : warning LNK4099: PDB '' was not found with 'shaderc_combined.lib(pass_manager.obj)' or at ''; linking object as if no debug info [D:\a\Hazel\Hazel\build\MigrationShaderToolsSmoke\MigrationShaderToolsSmoke.vcxproj]
Windows Debug and Release	Build Debug	2026-10-01T15:43:49.6650254Z shaderc_combined.lib(pass.obj) : warning LNK4099: PDB 'SPIRV-Tools-opt.pdb' was not found with 'shaderc_combined.lib(pass.obj)' or at 'D:\a\Hazel\Hazel\bin\Debug-windows-x86_64\MigrationShaderToolsSmoke\SPIRV-Tools-opt.pdb'; linking object as if no debug info [D:\a\Hazel\Hazel\build\MigrationShaderToolsSmoke\MigrationShaderToolsSmoke.vcxproj]
Windows Debug and Release	Build Debug	2026-10-01T15:43:49.6675964Z shaderc_combined.lib(optimizer.obj) : warning LNK4099: PDB 'SPIRV-Tools-opt.pdb' was not found with 'shaderc_combined.lib(optimizer.obj)' or at 'D:\a\Hazel\Hazel\bin\Debug-windows-x86_64\MigrationShaderToolsSmoke\SPIRV-Tools-opt.pdb'; linking object as if no debug info [D:\a\Hazel\Hazel\build\MigrationShaderToolsSmoke\MigrationShaderToolsSmoke.vcxproj]
Windows Debug and Release	Build Debug	2026-10-01T15:43:49.6780725Z shaderc_combined.lib(module.obj) : warning LNK4099: PDB 'SPIRV-Tools-opt.pdb' was not found with 'shaderc_combined.lib(module.obj)' or at 'D:\a\Hazel\Hazel\bin\Debug-windows-x86_64\MigrationShaderToolsSmoke\SPIRV-Tools-opt.pdb'; linking object as if no debug info [D:\a\Hazel\Hazel\build\MigrationShaderToolsSmoke\MigrationShaderToolsSmoke.vcxproj]
Windows Debug and Release	Build Debug	2026-10-01T15:43:49.6808516Z shaderc_combined.lib(merge_return_pass.obj) : warning LNK4099: PDB 'SPIRV-Tools-opt.pdb' was not found with 'shaderc_combined.lib(merge_return_pass.obj)' or at 'D:\a\Hazel\Hazel\bin\Debug-windows-x86_64\MigrationShaderToolsSmoke\SPIRV-Tools-opt.pdb'; linking object as if no debug info [D:\a\Hazel\Hazel\build\MigrationShaderToolsSmoke\MigrationShaderToolsSmoke.vcxproj]
Windows Debug and Release	Build Debug	2026-10-01T15:43:49.6843716Z shaderc_combined.lib(mem_pass.obj) : warning LNK4099: PDB 'SPIRV-Tools-opt.pdb' was not found with 'shaderc_combined.lib(mem_pass.obj)' or at 'D:\a\Hazel\Hazel\bin\Debug-windows-x86_64\MigrationShaderToolsSmoke\SPIRV-Tools-opt.pdb'; linking object as if no debug info [D:\a\Hazel\Hazel\build\MigrationShaderToolsSmoke\MigrationShaderToolsSmoke.vcxproj]
Windows Debug and Release	Build Debug	2026-10-01T15:43:49.6875069Z shaderc_combined.lib(loop_unswitch_pass.obj) : warning LNK4099: PDB '' was not found with 'shaderc_combined.lib(loop_unswitch_pass.obj)' or at ''; linking object as if no debug info [D:\a\Hazel\Hazel\build\MigrationShaderToolsSmoke\MigrationShaderToolsSmoke.vcxproj]
Windows Debug and Release	Build Debug	2026-10-01T15:43:49.6928444Z shaderc_combined.lib(loop_unroller.obj) : warning LNK4099: PDB 'SPIRV-Tools-opt.pdb' was not found with 'shaderc_combined.lib(loop_unroller.obj)' or at 'D:\a\Hazel\Hazel\bin\Debug-windows-x86_64\MigrationShaderToolsSmoke\SPIRV-Tools-opt.pdb'; linking object as if no debug info [D:\a\Hazel\Hazel\build\MigrationShaderToolsSmoke\MigrationShaderToolsSmoke.vcxproj]
Windows Debug and Release	Build Debug	2026-10-01T15:43:49.6964416Z shaderc_combined.lib(loop_utils.obj) : warning LNK4099: PDB 'SPIRV-Tools-opt.pdb' was not found with 'shaderc_combined.lib(loop_utils.obj)' or at 'D:\a\Hazel\Hazel\bin\Debug-windows-x86_64\MigrationShaderToolsSmoke\SPIRV-Tools-opt.pdb'; linking object as if no debug info [D:\a\Hazel\Hazel\build\MigrationShaderToolsSmoke\MigrationShaderToolsSmoke.vcxproj]
Windows Debug and Release	Build Debug	2026-10-01T15:43:49.6998608Z shaderc_combined.lib(loop_peeling.obj) : warning LNK4099: PDB 'SPIRV-Tools-opt.pdb' was not found with 'shaderc_combined.lib(loop_peeling.obj)' or at 'D:\a\Hazel\Hazel\bin\Debug-windows-x86_64\MigrationShaderToolsSmoke\SPIRV-Tools-opt.pdb'; linking object as if no debug info [D:\a\Hazel\Hazel\build\MigrationShaderToolsSmoke\MigrationShaderToolsSmoke.vcxproj]
Windows Debug and Release	Build Debug	2026-10-01T15:43:49.7034629Z shaderc_combined.lib(loop_fusion_pass.obj) : warning LNK4099: PDB 'SPIRV-Tools-opt.pdb' was not found with 'shaderc_combined.lib(loop_fusion_pass.obj)' or at 'D:\a\Hazel\Hazel\bin\Debug-windows-x86_64\MigrationShaderToolsSmoke\SPIRV-Tools-opt.pdb'; linking object as if no debug info [D:\a\Hazel\Hazel\build\MigrationShaderToolsSmoke\MigrationShaderToolsSmoke.vcxproj]
Windows Debug and Release	Build Debug	2026-10-01T15:43:49.7043159Z shaderc_combined.lib(loop_fusion.obj) : warning LNK4099: PDB 'SPIRV-Tools-opt.pdb' was not found with 'shaderc_combined.lib(loop_fusion.obj)' or at 'D:\a\Hazel\Hazel\bin\Debug-windows-x86_64\MigrationShaderToolsSmoke\SPIRV-Tools-opt.pdb'; linking object as if no debug info [D:\a\Hazel\Hazel\build\MigrationShaderToolsSmoke\MigrationShaderToolsSmoke.vcxproj]
Windows Debug and Release	Build Debug	2026-10-01T15:43:49.7083320Z shaderc_combined.lib(loop_fission.obj) : warning LNK4099: PDB 'SPIRV-Tools-opt.pdb' was not found with 'shaderc_combined.lib(loop_fission.obj)' or at 'D:\a\Hazel\Hazel\bin\Debug-windows-x86_64\MigrationShaderToolsSmoke\SPIRV-Tools-opt.pdb'; linking object as if no debug info [D:\a\Hazel\Hazel\build\MigrationShaderToolsSmoke\MigrationShaderToolsSmoke.vcxproj]
Windows Debug and Release	Build Debug	2026-10-01T15:43:49.7129159Z shaderc_combined.lib(loop_descriptor.obj) : warning LNK4099: PDB 'SPIRV-Tools-opt.pdb' was not found with 'shaderc_combined.lib(loop_descriptor.obj)' or at 'D:\a\Hazel\Hazel\bin\Debug-windows-x86_64\MigrationShaderToolsSmoke\SPIRV-Tools-opt.pdb'; linking object as if no debug info [D:\a\Hazel\Hazel\build\MigrationShaderToolsSmoke\MigrationShaderToolsSmoke.vcxproj]
Windows Debug and Release	Build Debug	2026-10-01T15:43:49.7172596Z shaderc_combined.lib(loop_dependence_helpers.obj) : warning LNK4099: PDB 'SPIRV-Tools-opt.pdb' was not found with 'shaderc_combined.lib(loop_dependence_helpers.obj)' or at 'D:\a\Hazel\Hazel\bin\Debug-windows-x86_64\MigrationShaderToolsSmoke\SPIRV-Tools-opt.pdb'; linking object as if no debug info [D:\a\Hazel\Hazel\build\MigrationShaderToolsSmoke\MigrationShaderToolsSmoke.vcxproj]
Windows Debug and Release	Build Debug	2026-10-01T15:43:49.7189648Z shaderc_combined.lib(loop_dependence.obj) : warning LNK4099: PDB 'SPIRV-Tools-opt.pdb' was not found with 'shaderc_combined.lib(loop_dependence.obj)' or at 'D:\a\Hazel\Hazel\bin\Debug-windows-x86_64\MigrationShaderToolsSmoke\SPIRV-Tools-opt.pdb'; linking object as if no debug info [D:\a\Hazel\Hazel\build\MigrationShaderToolsSmoke\MigrationShaderToolsSmoke.vcxproj]
Windows Debug and Release	Build Debug	2026-10-01T15:43:49.7223661Z shaderc_combined.lib(local_single_store_elim_pass.obj) : warning LNK4099: PDB 'SPIRV-Tools-opt.pdb' was not found with 'shaderc_combined.lib(local_single_store_elim_pass.obj)' or at 'D:\a\Hazel\Hazel\bin\Debug-windows-x86_64\MigrationShaderToolsSmoke\SPIRV-Tools-opt.pdb'; linking object as if no debug info [D:\a\Hazel\Hazel\build\MigrationShaderToolsSmoke\MigrationShaderToolsSmoke.vcxproj]
Windows Debug and Release	Build Debug	2026-10-01T15:43:49.7238487Z shaderc_combined.lib(local_single_block_elim_pass.obj) : warning LNK4099: PDB 'SPIRV-Tools-opt.pdb' was not found with 'shaderc_combined.lib(local_single_block_elim_pass.obj)' or at 'D:\a\Hazel\Hazel\bin\Debug-windows-x86_64\MigrationShaderToolsSmoke\SPIRV-Tools-opt.pdb'; linking object as if no debug info [D:\a\Hazel\Hazel\build\MigrationShaderToolsSmoke\MigrationShaderToolsSmoke.vcxproj]
Windows Debug and Release	Build Debug	2026-10-01T15:43:49.7257139Z shaderc_combined.lib(local_redundancy_elimination.obj) : warning LNK4099: PDB 'SPIRV-Tools-opt.pdb' was not found with 'shaderc_combined.lib(local_redundancy_elimination.obj)' or at 'D:\a\Hazel\Hazel\bin\Debug-windows-x86_64\MigrationShaderToolsSmoke\SPIRV-Tools-opt.pdb'; linking object as if no debug info [D:\a\Hazel\Hazel\build\MigrationShaderToolsSmoke\MigrationShaderToolsSmoke.vcxproj]
Windows Debug and Release	Build Debug	2026-10-01T15:43:49.7266156Z shaderc_combined.lib(local_access_chain_convert_pass.obj) : warning LNK4099: PDB 'SPIRV-Tools-opt.pdb' was not found with 'shaderc_combined.lib(local_access_chain_convert_pass.obj)' or at 'D:\a\Hazel\Hazel\bin\Debug-windows-x86_64\MigrationShaderToolsSmoke\SPIRV-Tools-opt.pdb'; linking object as if no debug info [D:\a\Hazel\Hazel\build\MigrationShaderToolsSmoke\MigrationShaderToolsSmoke.vcxproj]
Windows Debug and Release	Build Debug	2026-10-01T15:43:49.7290255Z shaderc_combined.lib(liveness.obj) : warning LNK4099: PDB 'SPIRV-Tools-opt.pdb' was not found with 'shaderc_combined.lib(liveness.obj)' or at 'D:\a\Hazel\Hazel\bin\Debug-windows-x86_64\MigrationShaderToolsSmoke\SPIRV-Tools-opt.pdb'; linking object as if no debug info [D:\a\Hazel\Hazel\build\MigrationShaderToolsSmoke\MigrationShaderToolsSmoke.vcxproj]
Windows Debug and Release	Build Debug	2026-10-01T15:43:49.7302857Z shaderc_combined.lib(licm_pass.obj) : warning LNK4099: PDB 'SPIRV-Tools-opt.pdb' was not found with 'shaderc_combined.lib(licm_pass.obj)' or at 'D:\a\Hazel\Hazel\bin\Debug-windows-x86_64\MigrationShaderToolsSmoke\SPIRV-Tools-opt.pdb'; linking object as if no debug info [D:\a\Hazel\Hazel\build\MigrationShaderToolsSmoke\MigrationShaderToolsSmoke.vcxproj]
Windows Debug and Release	Build Debug	2026-10-01T15:43:49.7309659Z shaderc_combined.lib(ir_loader.obj) : warning LNK4099: PDB 'SPIRV-Tools-opt.pdb' was not found with 'shaderc_combined.lib(ir_loader.obj)' or at 'D:\a\Hazel\Hazel\bin\Debug-windows-x86_64\MigrationShaderToolsSmoke\SPIRV-Tools-opt.pdb'; linking object as if no debug info [D:\a\Hazel\Hazel\build\MigrationShaderToolsSmoke\MigrationShaderToolsSmoke.vcxproj]
Windows Debug and Release	Build Debug	2026-10-01T15:43:49.7327625Z shaderc_combined.lib(ir_context.obj) : warning LNK4099: PDB 'SPIRV-Tools-opt.pdb' was not found with 'shaderc_combined.lib(ir_context.obj)' or at 'D:\a\Hazel\Hazel\bin\Debug-windows-x86_64\MigrationShaderToolsSmoke\SPIRV-Tools-opt.pdb'; linking object as if no debug info [D:\a\Hazel\Hazel\build\MigrationShaderToolsSmoke\MigrationShaderToolsSmoke.vcxproj]
Windows Debug and Release	Build Debug	2026-10-01T15:43:49.7421790Z shaderc_combined.lib(interp_fixup_pass.obj) : warning LNK4099: PDB 'SPIRV-Tools-opt.pdb' was not found with 'shaderc_combined.lib(interp_fixup_pass.obj)' or at 'D:\a\Hazel\Hazel\bin\Debug-windows-x86_64\MigrationShaderToolsSmoke\SPIRV-Tools-opt.pdb'; linking object as if no debug info [D:\a\Hazel\Hazel\build\MigrationShaderToolsSmoke\MigrationShaderToolsSmoke.vcxproj]
Windows Debug and Release	Build Debug	2026-10-01T15:43:49.7428677Z shaderc_combined.lib(interface_var_sroa.obj) : warning LNK4099: PDB 'SPIRV-Tools-opt.pdb' was not found with 'shaderc_combined.lib(interface_var_sroa.obj)' or at 'D:\a\Hazel\Hazel\bin\Debug-windows-x86_64\MigrationShaderToolsSmoke\SPIRV-Tools-opt.pdb'; linking object as if no debug info [D:\a\Hazel\Hazel\build\MigrationShaderToolsSmoke\MigrationShaderToolsSmoke.vcxproj]
Windows Debug and Release	Build Debug	2026-10-01T15:43:49.7439922Z shaderc_combined.lib(instrument_pass.obj) : warning LNK4099: PDB 'SPIRV-Tools-opt.pdb' was not found with 'shaderc_combined.lib(instrument_pass.obj)' or at 'D:\a\Hazel\Hazel\bin\Debug-windows-x86_64\MigrationShaderToolsSmoke\SPIRV-Tools-opt.pdb'; linking object as if no debug info [D:\a\Hazel\Hazel\build\MigrationShaderToolsSmoke\MigrationShaderToolsSmoke.vcxproj]
Windows Debug and Release	Build Debug	2026-10-01T15:43:49.7487616Z shaderc_combined.lib(instruction_list.obj) : warning LNK4099: PDB 'SPIRV-Tools-opt.pdb' was not found with 'shaderc_combined.lib(instruction_list.obj)' or at 'D:\a\Hazel\Hazel\bin\Debug-windows-x86_64\MigrationShaderToolsSmoke\SPIRV-Tools-opt.pdb'; linking object as if no debug info [D:\a\Hazel\Hazel\build\MigrationShaderToolsSmoke\MigrationShaderToolsSmoke.vcxproj]
Windows Debug and Release	Build Debug	2026-10-01T15:43:49.7496818Z shaderc_combined.lib(instruction.obj) : warning LNK4099: PDB 'SPIRV-Tools-opt.pdb' was not found with 'shaderc_combined.lib(instruction.obj)' or at 'D:\a\Hazel\Hazel\bin\Debug-windows-x86_64\MigrationShaderToolsSmoke\SPIRV-Tools-opt.pdb'; linking object as if no debug info [D:\a\Hazel\Hazel\build\MigrationShaderToolsSmoke\MigrationShaderToolsSmoke.vcxproj]
Windows Debug and Release	Build Debug	2026-10-01T15:43:49.7529080Z shaderc_combined.lib(inst_debug_printf_pass.obj) : warning LNK4099: PDB 'SPIRV-Tools-opt.pdb' was not found with 'shaderc_combined.lib(inst_debug_printf_pass.obj)' or at 'D:\a\Hazel\Hazel\bin\Debug-windows-x86_64\MigrationShaderToolsSmoke\SPIRV-Tools-opt.pdb'; linking object as if no debug info [D:\a\Hazel\Hazel\build\MigrationShaderToolsSmoke\MigrationShaderToolsSmoke.vcxproj]
Windows Debug and Release	Build Debug	2026-10-01T15:43:49.7545800Z shaderc_combined.lib(inst_buff_addr_check_pass.obj) : warning LNK4099: PDB 'SPIRV-Tools-opt.pdb' was not found with 'shaderc_combined.lib(inst_buff_addr_check_pass.obj)' or at 'D:\a\Hazel\Hazel\bin\Debug-windows-x86_64\MigrationShaderToolsSmoke\SPIRV-Tools-opt.pdb'; linking object as if no debug info [D:\a\Hazel\Hazel\build\MigrationShaderToolsSmoke\MigrationShaderToolsSmoke.vcxproj]
Windows Debug and Release	Build Debug	2026-10-01T15:43:49.7567305Z shaderc_combined.lib(inst_bindless_check_pass.obj) : warning LNK4099: PDB 'SPIRV-Tools-opt.pdb' was not found with 'shaderc_combined.lib(inst_bindless_check_pass.obj)' or at 'D:\a\Hazel\Hazel\bin\Debug-windows-x86_64\MigrationShaderToolsSmoke\SPIRV-Tools-opt.pdb'; linking object as if no debug info [D:\a\Hazel\Hazel\build\MigrationShaderToolsSmoke\MigrationShaderToolsSmoke.vcxproj]
Windows Debug and Release	Build Debug	2026-10-01T15:43:49.7590289Z shaderc_combined.lib(inline_pass.obj) : warning LNK4099: PDB 'SPIRV-Tools-opt.pdb' was not found with 'shaderc_combined.lib(inline_pass.obj)' or at 'D:\a\Hazel\Hazel\bin\Debug-windows-x86_64\MigrationShaderToolsSmoke\SPIRV-Tools-opt.pdb'; linking object as if no debug info [D:\a\Hazel\Hazel\build\MigrationShaderToolsSmoke\MigrationShaderToolsSmoke.vcxproj]
Windows Debug and Release	Build Debug	2026-10-01T15:43:49.7616886Z shaderc_combined.lib(inline_opaque_pass.obj) : warning LNK4099: PDB 'SPIRV-Tools-opt.pdb' was not found with 'shaderc_combined.lib(inline_opaque_pass.obj)' or at 'D:\a\Hazel\Hazel\bin\Debug-windows-x86_64\MigrationShaderToolsSmoke\SPIRV-Tools-opt.pdb'; linking object as if no debug info [D:\a\Hazel\Hazel\build\MigrationShaderToolsSmoke\MigrationShaderToolsSmoke.vcxproj]
Windows Debug and Release	Build Debug	2026-10-01T15:43:49.7623168Z shaderc_combined.lib(inline_exhaustive_pass.obj) : warning LNK4099: PDB 'SPIRV-Tools-opt.pdb' was not found with 'shaderc_combined.lib(inline_exhaustive_pass.obj)' or at 'D:\a\Hazel\Hazel\bin\Debug-windows-x86_64\MigrationShaderToolsSmoke\SPIRV-Tools-opt.pdb'; linking object as if no debug info [D:\a\Hazel\Hazel\build\MigrationShaderToolsSmoke\MigrationShaderToolsSmoke.vcxproj]
Windows Debug and Release	Build Debug	2026-10-01T15:43:49.7632972Z shaderc_combined.lib(if_conversion.obj) : warning LNK4099: PDB 'SPIRV-Tools-opt.pdb' was not found with 'shaderc_combined.lib(if_conversion.obj)' or at 'D:\a\Hazel\Hazel\bin\Debug-windows-x86_64\MigrationShaderToolsSmoke\SPIRV-Tools-opt.pdb'; linking object as if no debug info [D:\a\Hazel\Hazel\build\MigrationShaderToolsSmoke\MigrationShaderToolsSmoke.vcxproj]
Windows Debug and Release	Build Debug	2026-10-01T15:43:49.7655880Z shaderc_combined.lib(graphics_robust_access_pass.obj) : warning LNK4099: PDB 'SPIRV-Tools-opt.pdb' was not found with 'shaderc_combined.lib(graphics_robust_access_pass.obj)' or at 'D:\a\Hazel\Hazel\bin\Debug-windows-x86_64\MigrationShaderToolsSmoke\SPIRV-Tools-opt.pdb'; linking object as if no debug info [D:\a\Hazel\Hazel\build\MigrationShaderToolsSmoke\MigrationShaderToolsSmoke.vcxproj]
Windows Debug and Release	Build Debug	2026-10-01T15:43:49.7675175Z shaderc_combined.lib(function.obj) : warning LNK4099: PDB 'SPIRV-Tools-opt.pdb' was not found with 'shaderc_combined.lib(function.obj)' or at 'D:\a\Hazel\Hazel\bin\Debug-windows-x86_64\MigrationShaderToolsSmoke\SPIRV-Tools-opt.pdb'; linking object as if no debug info [D:\a\Hazel\Hazel\build\MigrationShaderToolsSmoke\MigrationShaderToolsSmoke.vcxproj]
Windows Debug and Release	Build Debug	2026-10-01T15:43:49.7690034Z shaderc_combined.lib(freeze_spec_constant_value_pass.obj) : warning LNK4099: PDB 'SPIRV-Tools-opt.pdb' was not found with 'shaderc_combined.lib(freeze_spec_constant_value_pass.obj)' or at 'D:\a\Hazel\Hazel\bin\Debug-windows-x86_64\MigrationShaderToolsSmoke\SPIRV-Tools-opt.pdb'; linking object as if no debug info [D:\a\Hazel\Hazel\build\MigrationShaderToolsSmoke\MigrationShaderToolsSmoke.vcxproj]
Windows Debug and Release	Build Debug	2026-10-01T15:43:49.7697490Z shaderc_combined.lib(fold_spec_constant_op_and_composite_pass.obj) : warning LNK4099: PDB 'SPIRV-Tools-opt.pdb' was not found with 'shaderc_combined.lib(fold_spec_constant_op_and_composite_pass.obj)' or at 'D:\a\Hazel\Hazel\bin\Debug-windows-x86_64\MigrationShaderToolsSmoke\SPIRV-Tools-opt.pdb'; linking object as if no debug info [D:\a\Hazel\Hazel\build\MigrationShaderToolsSmoke\MigrationShaderToolsSmoke.vcxproj]
Windows Debug and Release	Build Debug	2026-10-01T15:43:49.7726163Z shaderc_combined.lib(folding_rules.obj) : warning LNK4099: PDB 'SPIRV-Tools-opt.pdb' was not found with 'shaderc_combined.lib(folding_rules.obj)' or at 'D:\a\Hazel\Hazel\bin\Debug-windows-x86_64\MigrationShaderToolsSmoke\SPIRV-Tools-opt.pdb'; linking object as if no debug info [D:\a\Hazel\Hazel\build\MigrationShaderToolsSmoke\MigrationShaderToolsSmoke.vcxproj]
Windows Debug and Release	Build Debug	2026-10-01T15:43:49.7769754Z shaderc_combined.lib(fold.obj) : warning LNK4099: PDB 'SPIRV-Tools-opt.pdb' was not found with 'shaderc_combined.lib(fold.obj)' or at 'D:\a\Hazel\Hazel\bin\Debug-windows-x86_64\MigrationShaderToolsSmoke\SPIRV-Tools-opt.pdb'; linking object as if no debug info [D:\a\Hazel\Hazel\build\MigrationShaderToolsSmoke\MigrationShaderToolsSmoke.vcxproj]
Windows Debug and Release	Build Debug	2026-10-01T15:43:49.7783340Z shaderc_combined.lib(flatten_decoration_pass.obj) : warning LNK4099: PDB 'SPIRV-Tools-opt.pdb' was not found with 'shaderc_combined.lib(flatten_decoration_pass.obj)' or at 'D:\a\Hazel\Hazel\bin\Debug-windows-x86_64\MigrationShaderToolsSmoke\SPIRV-Tools-opt.pdb'; linking object as if no debug info [D:\a\Hazel\Hazel\build\MigrationShaderToolsSmoke\MigrationShaderToolsSmoke.vcxproj]
Windows Debug and Release	Build Debug	2026-10-01T15:43:49.7793087Z shaderc_combined.lib(fix_storage_class.obj) : warning LNK4099: PDB 'SPIRV-Tools-opt.pdb' was not found with 'shaderc_combined.lib(fix_storage_class.obj)' or at 'D:\a\Hazel\Hazel\bin\Debug-windows-x86_64\MigrationShaderToolsSmoke\SPIRV-Tools-opt.pdb'; linking object as if no debug info [D:\a\Hazel\Hazel\build\MigrationShaderToolsSmoke\MigrationShaderToolsSmoke.vcxproj]
Windows Debug and Release	Build Debug	2026-10-01T15:43:49.7806671Z shaderc_combined.lib(feature_manager.obj) : warning LNK4099: PDB 'SPIRV-Tools-opt.pdb' was not found with 'shaderc_combined.lib(feature_manager.obj)' or at 'D:\a\Hazel\Hazel\bin\Debug-windows-x86_64\MigrationShaderToolsSmoke\SPIRV-Tools-opt.pdb'; linking object as if no debug info [D:\a\Hazel\Hazel\build\MigrationShaderToolsSmoke\MigrationShaderToolsSmoke.vcxproj]
Windows Debug and Release	Build Debug	2026-10-01T15:43:49.7815795Z shaderc_combined.lib(eliminate_dead_output_stores_pass.obj) : warning LNK4099: PDB 'SPIRV-Tools-opt.pdb' was not found with 'shaderc_combined.lib(eliminate_dead_output_stores_pass.obj)' or at 'D:\a\Hazel\Hazel\bin\Debug-windows-x86_64\MigrationShaderToolsSmoke\SPIRV-Tools-opt.pdb'; linking object as if no debug info [D:\a\Hazel\Hazel\build\MigrationShaderToolsSmoke\MigrationShaderToolsSmoke.vcxproj]
Windows Debug and Release	Build Debug	2026-10-01T15:43:49.7828493Z shaderc_combined.lib(eliminate_dead_members_pass.obj) : warning LNK4099: PDB 'SPIRV-Tools-opt.pdb' was not found with 'shaderc_combined.lib(eliminate_dead_members_pass.obj)' or at 'D:\a\Hazel\Hazel\bin\Debug-windows-x86_64\MigrationShaderToolsSmoke\SPIRV-Tools-opt.pdb'; linking object as if no debug info [D:\a\Hazel\Hazel\build\MigrationShaderToolsSmoke\MigrationShaderToolsSmoke.vcxproj]
Windows Debug and Release	Build Debug	2026-10-01T15:43:49.7849641Z shaderc_combined.lib(eliminate_dead_io_components_pass.obj) : warning LNK4099: PDB 'SPIRV-Tools-opt.pdb' was not found with 'shaderc_combined.lib(eliminate_dead_io_components_pass.obj)' or at 'D:\a\Hazel\Hazel\bin\Debug-windows-x86_64\MigrationShaderToolsSmoke\SPIRV-Tools-opt.pdb'; linking object as if no debug info [D:\a\Hazel\Hazel\build\MigrationShaderToolsSmoke\MigrationShaderToolsSmoke.vcxproj]
Windows Debug and Release	Build Debug	2026-10-01T15:43:49.7866921Z shaderc_combined.lib(eliminate_dead_functions_util.obj) : warning LNK4099: PDB '' was not found with 'shaderc_combined.lib(eliminate_dead_functions_util.obj)' or at ''; linking object as if no debug info [D:\a\Hazel\Hazel\build\MigrationShaderToolsSmoke\MigrationShaderToolsSmoke.vcxproj]
Windows Debug and Release	Build Debug	2026-10-01T15:43:49.7875762Z shaderc_combined.lib(eliminate_dead_functions_pass.obj) : warning LNK4099: PDB 'SPIRV-Tools-opt.pdb' was not found with 'shaderc_combined.lib(eliminate_dead_functions_pass.obj)' or at 'D:\a\Hazel\Hazel\bin\Debug-windows-x86_64\MigrationShaderToolsSmoke\SPIRV-Tools-opt.pdb'; linking object as if no debug info [D:\a\Hazel\Hazel\build\MigrationShaderToolsSmoke\MigrationShaderToolsSmoke.vcxproj]
Windows Debug and Release	Build Debug	2026-10-01T15:43:49.7880998Z shaderc_combined.lib(eliminate_dead_constant_pass.obj) : warning LNK4099: PDB 'SPIRV-Tools-opt.pdb' was not found with 'shaderc_combined.lib(eliminate_dead_constant_pass.obj)' or at 'D:\a\Hazel\Hazel\bin\Debug-windows-x86_64\MigrationShaderToolsSmoke\SPIRV-Tools-opt.pdb'; linking object as if no debug info [D:\a\Hazel\Hazel\build\MigrationShaderToolsSmoke\MigrationShaderToolsSmoke.vcxproj]
Windows Debug and Release	Build Debug	2026-10-01T15:43:49.7894250Z shaderc_combined.lib(dominator_tree.obj) : warning LNK4099: PDB 'SPIRV-Tools-opt.pdb' was not found with 'shaderc_combined.lib(dominator_tree.obj)' or at 'D:\a\Hazel\Hazel\bin\Debug-windows-x86_64\MigrationShaderToolsSmoke\SPIRV-Tools-opt.pdb'; linking object as if no debug info [D:\a\Hazel\Hazel\build\MigrationShaderToolsSmoke\MigrationShaderToolsSmoke.vcxproj]
Windows Debug and Release	Build Debug	2026-10-01T15:43:49.7944168Z shaderc_combined.lib(dominator_analysis.obj) : warning LNK4099: PDB 'SPIRV-Tools-opt.pdb' was not found with 'shaderc_combined.lib(dominator_analysis.obj)' or at 'D:\a\Hazel\Hazel\bin\Debug-windows-x86_64\MigrationShaderToolsSmoke\SPIRV-Tools-opt.pdb'; linking object as if no debug info [D:\a\Hazel\Hazel\build\MigrationShaderToolsSmoke\MigrationShaderToolsSmoke.vcxproj]
Windows Debug and Release	Build Debug	2026-10-01T15:43:49.7950217Z shaderc_combined.lib(desc_sroa_util.obj) : warning LNK4099: PDB 'SPIRV-Tools-opt.pdb' was not found with 'shaderc_combined.lib(desc_sroa_util.obj)' or at 'D:\a\Hazel\Hazel\bin\Debug-windows-x86_64\MigrationShaderToolsSmoke\SPIRV-Tools-opt.pdb'; linking object as if no debug info [D:\a\Hazel\Hazel\build\MigrationShaderToolsSmoke\MigrationShaderToolsSmoke.vcxproj]
Windows Debug and Release	Build Debug	2026-10-01T15:43:49.7954789Z shaderc_combined.lib(desc_sroa.obj) : warning LNK4099: PDB 'SPIRV-Tools-opt.pdb' was not found with 'shaderc_combined.lib(desc_sroa.obj)' or at 'D:\a\Hazel\Hazel\bin\Debug-windows-x86_64\MigrationShaderToolsSmoke\SPIRV-Tools-opt.pdb'; linking object as if no debug info [D:\a\Hazel\Hazel\build\MigrationShaderToolsSmoke\MigrationShaderToolsSmoke.vcxproj]
Windows Debug and Release	Build Debug	2026-10-01T15:43:49.7973280Z shaderc_combined.lib(def_use_manager.obj) : warning LNK4099: PDB 'SPIRV-Tools-opt.pdb' was not found with 'shaderc_combined.lib(def_use_manager.obj)' or at 'D:\a\Hazel\Hazel\bin\Debug-windows-x86_64\MigrationShaderToolsSmoke\SPIRV-Tools-opt.pdb'; linking object as if no debug info [D:\a\Hazel\Hazel\build\MigrationShaderToolsSmoke\MigrationShaderToolsSmoke.vcxproj]
Windows Debug and Release	Build Debug	2026-10-01T15:43:49.7992642Z shaderc_combined.lib(debug_info_manager.obj) : warning LNK4099: PDB '' was not found with 'shaderc_combined.lib(debug_info_manager.obj)' or at ''; linking object as if no debug info [D:\a\Hazel\Hazel\build\MigrationShaderToolsSmoke\MigrationShaderToolsSmoke.vcxproj]
Windows Debug and Release	Build Debug	2026-10-01T15:43:49.8028730Z shaderc_combined.lib(decoration_manager.obj) : warning LNK4099: PDB 'SPIRV-Tools-opt.pdb' was not found with 'shaderc_combined.lib(decoration_manager.obj)' or at 'D:\a\Hazel\Hazel\bin\Debug-windows-x86_64\MigrationShaderToolsSmoke\SPIRV-Tools-opt.pdb'; linking object as if no debug info [D:\a\Hazel\Hazel\build\MigrationShaderToolsSmoke\MigrationShaderToolsSmoke.vcxproj]
Windows Debug and Release	Build Debug	2026-10-01T15:43:49.8055386Z shaderc_combined.lib(dead_variable_elimination.obj) : warning LNK4099: PDB 'SPIRV-Tools-opt.pdb' was not found with 'shaderc_combined.lib(dead_variable_elimination.obj)' or at 'D:\a\Hazel\Hazel\bin\Debug-windows-x86_64\MigrationShaderToolsSmoke\SPIRV-Tools-opt.pdb'; linking object as if no debug info [D:\a\Hazel\Hazel\build\MigrationShaderToolsSmoke\MigrationShaderToolsSmoke.vcxproj]
Windows Debug and Release	Build Debug	2026-10-01T15:43:49.8066381Z shaderc_combined.lib(dead_insert_elim_pass.obj) : warning LNK4099: PDB 'SPIRV-Tools-opt.pdb' was not found with 'shaderc_combined.lib(dead_insert_elim_pass.obj)' or at 'D:\a\Hazel\Hazel\bin\Debug-windows-x86_64\MigrationShaderToolsSmoke\SPIRV-Tools-opt.pdb'; linking object as if no debug info [D:\a\Hazel\Hazel\build\MigrationShaderToolsSmoke\MigrationShaderToolsSmoke.vcxproj]
Windows Debug and Release	Build Debug	2026-10-01T15:43:49.8082524Z shaderc_combined.lib(dead_branch_elim_pass.obj) : warning LNK4099: PDB 'SPIRV-Tools-opt.pdb' was not found with 'shaderc_combined.lib(dead_branch_elim_pass.obj)' or at 'D:\a\Hazel\Hazel\bin\Debug-windows-x86_64\MigrationShaderToolsSmoke\SPIRV-Tools-opt.pdb'; linking object as if no debug info [D:\a\Hazel\Hazel\build\MigrationShaderToolsSmoke\MigrationShaderToolsSmoke.vcxproj]
Windows Debug and Release	Build Debug	2026-10-01T15:43:49.8116901Z shaderc_combined.lib(copy_prop_arrays.obj) : warning LNK4099: PDB 'SPIRV-Tools-opt.pdb' was not found with 'shaderc_combined.lib(copy_prop_arrays.obj)' or at 'D:\a\Hazel\Hazel\bin\Debug-windows-x86_64\MigrationShaderToolsSmoke\SPIRV-Tools-opt.pdb'; linking object as if no debug info [D:\a\Hazel\Hazel\build\MigrationShaderToolsSmoke\MigrationShaderToolsSmoke.vcxproj]
Windows Debug and Release	Build Debug	2026-10-01T15:43:49.8150862Z shaderc_combined.lib(convert_to_half_pass.obj) : warning LNK4099: PDB 'SPIRV-Tools-opt.pdb' was not found with 'shaderc_combined.lib(convert_to_half_pass.obj)' or at 'D:\a\Hazel\Hazel\bin\Debug-windows-x86_64\MigrationShaderToolsSmoke\SPIRV-Tools-opt.pdb'; linking object as if no debug info [D:\a\Hazel\Hazel\build\MigrationShaderToolsSmoke\MigrationShaderToolsSmoke.vcxproj]
Windows Debug and Release	Build Debug	2026-10-01T15:43:49.8174213Z shaderc_combined.lib(convert_to_sampled_image_pass.obj) : warning LNK4099: PDB 'SPIRV-Tools-opt.pdb' was not found with 'shaderc_combined.lib(convert_to_sampled_image_pass.obj)' or at 'D:\a\Hazel\Hazel\bin\Debug-windows-x86_64\MigrationShaderToolsSmoke\SPIRV-Tools-opt.pdb'; linking object as if no debug info [D:\a\Hazel\Hazel\build\MigrationShaderToolsSmoke\MigrationShaderToolsSmoke.vcxproj]
Windows Debug and Release	Build Debug	2026-10-01T15:43:49.8197451Z shaderc_combined.lib(constants.obj) : warning LNK4099: PDB 'SPIRV-Tools-opt.pdb' was not found with 'shaderc_combined.lib(constants.obj)' or at 'D:\a\Hazel\Hazel\bin\Debug-windows-x86_64\MigrationShaderToolsSmoke\SPIRV-Tools-opt.pdb'; linking object as if no debug info [D:\a\Hazel\Hazel\build\MigrationShaderToolsSmoke\MigrationShaderToolsSmoke.vcxproj]
Windows Debug and Release	Build Debug	2026-10-01T15:43:49.8229170Z shaderc_combined.lib(const_folding_rules.obj) : warning LNK4099: PDB 'SPIRV-Tools-opt.pdb' was not found with 'shaderc_combined.lib(const_folding_rules.obj)' or at 'D:\a\Hazel\Hazel\bin\Debug-windows-x86_64\MigrationShaderToolsSmoke\SPIRV-Tools-opt.pdb'; linking object as if no debug info [D:\a\Hazel\Hazel\build\MigrationShaderToolsSmoke\MigrationShaderToolsSmoke.vcxproj]
Windows Debug and Release	Build Debug	2026-10-01T15:43:49.8274629Z shaderc_combined.lib(composite.obj) : warning LNK4099: PDB 'SPIRV-Tools-opt.pdb' was not found with 'shaderc_combined.lib(composite.obj)' or at 'D:\a\Hazel\Hazel\bin\Debug-windows-x86_64\MigrationShaderToolsSmoke\SPIRV-Tools-opt.pdb'; linking object as if no debug info [D:\a\Hazel\Hazel\build\MigrationShaderToolsSmoke\MigrationShaderToolsSmoke.vcxproj]
Windows Debug and Release	Build Debug	2026-10-01T15:43:49.8281206Z shaderc_combined.lib(compact_ids_pass.obj) : warning LNK4099: PDB 'SPIRV-Tools-opt.pdb' was not found with 'shaderc_combined.lib(compact_ids_pass.obj)' or at 'D:\a\Hazel\Hazel\bin\Debug-windows-x86_64\MigrationShaderToolsSmoke\SPIRV-Tools-opt.pdb'; linking object as if no debug info [D:\a\Hazel\Hazel\build\MigrationShaderToolsSmoke\MigrationShaderToolsSmoke.vcxproj]
Windows Debug and Release	Build Debug	2026-10-01T15:43:49.8285808Z shaderc_combined.lib(combine_access_chains.obj) : warning LNK4099: PDB '' was not found with 'shaderc_combined.lib(combine_access_chains.obj)' or at ''; linking object as if no debug info [D:\a\Hazel\Hazel\build\MigrationShaderToolsSmoke\MigrationShaderToolsSmoke.vcxproj]
Windows Debug and Release	Build Debug	2026-10-01T15:43:49.8300789Z shaderc_combined.lib(code_sink.obj) : warning LNK4099: PDB 'SPIRV-Tools-opt.pdb' was not found with 'shaderc_combined.lib(code_sink.obj)' or at 'D:\a\Hazel\Hazel\bin\Debug-windows-x86_64\MigrationShaderToolsSmoke\SPIRV-Tools-opt.pdb'; linking object as if no debug info [D:\a\Hazel\Hazel\build\MigrationShaderToolsSmoke\MigrationShaderToolsSmoke.vcxproj]
Windows Debug and Release	Build Debug	2026-10-01T15:43:49.8319580Z shaderc_combined.lib(cfg.obj) : warning LNK4099: PDB 'SPIRV-Tools-opt.pdb' was not found with 'shaderc_combined.lib(cfg.obj)' or at 'D:\a\Hazel\Hazel\bin\Debug-windows-x86_64\MigrationShaderToolsSmoke\SPIRV-Tools-opt.pdb'; linking object as if no debug info [D:\a\Hazel\Hazel\build\MigrationShaderToolsSmoke\MigrationShaderToolsSmoke.vcxproj]
Windows Debug and Release	Build Debug	2026-10-01T15:43:49.8354591Z shaderc_combined.lib(cfg_cleanup_pass.obj) : warning LNK4099: PDB 'SPIRV-Tools-opt.pdb' was not found with 'shaderc_combined.lib(cfg_cleanup_pass.obj)' or at 'D:\a\Hazel\Hazel\bin\Debug-windows-x86_64\MigrationShaderToolsSmoke\SPIRV-Tools-opt.pdb'; linking object as if no debug info [D:\a\Hazel\Hazel\build\MigrationShaderToolsSmoke\MigrationShaderToolsSmoke.vcxproj]
Windows Debug and Release	Build Debug	2026-10-01T15:43:49.8362268Z shaderc_combined.lib(ccp_pass.obj) : warning LNK4099: PDB 'SPIRV-Tools-opt.pdb' was not found with 'shaderc_combined.lib(ccp_pass.obj)' or at 'D:\a\Hazel\Hazel\bin\Debug-windows-x86_64\MigrationShaderToolsSmoke\SPIRV-Tools-opt.pdb'; linking object as if no debug info [D:\a\Hazel\Hazel\build\MigrationShaderToolsSmoke\MigrationShaderToolsSmoke.vcxproj]
Windows Debug and Release	Build Debug	2026-10-01T15:43:49.8384029Z shaderc_combined.lib(build_module.obj) : warning LNK4099: PDB 'SPIRV-Tools-opt.pdb' was not found with 'shaderc_combined.lib(build_module.obj)' or at 'D:\a\Hazel\Hazel\bin\Debug-windows-x86_64\MigrationShaderToolsSmoke\SPIRV-Tools-opt.pdb'; linking object as if no debug info [D:\a\Hazel\Hazel\build\MigrationShaderToolsSmoke\MigrationShaderToolsSmoke.vcxproj]
Windows Debug and Release	Build Debug	2026-10-01T15:43:49.8401505Z shaderc_combined.lib(block_merge_util.obj) : warning LNK4099: PDB '' was not found with 'shaderc_combined.lib(block_merge_util.obj)' or at ''; linking object as if no debug info [D:\a\Hazel\Hazel\build\MigrationShaderToolsSmoke\MigrationShaderToolsSmoke.vcxproj]
Windows Debug and Release	Build Debug	2026-10-01T15:43:49.8416688Z shaderc_combined.lib(block_merge_pass.obj) : warning LNK4099: PDB 'SPIRV-Tools-opt.pdb' was not found with 'shaderc_combined.lib(block_merge_pass.obj)' or at 'D:\a\Hazel\Hazel\bin\Debug-windows-x86_64\MigrationShaderToolsSmoke\SPIRV-Tools-opt.pdb'; linking object as if no debug info [D:\a\Hazel\Hazel\build\MigrationShaderToolsSmoke\MigrationShaderToolsSmoke.vcxproj]
Windows Debug and Release	Build Debug	2026-10-01T15:43:49.8423419Z shaderc_combined.lib(basic_block.obj) : warning LNK4099: PDB 'SPIRV-Tools-opt.pdb' was not found with 'shaderc_combined.lib(basic_block.obj)' or at 'D:\a\Hazel\Hazel\bin\Debug-windows-x86_64\MigrationShaderToolsSmoke\SPIRV-Tools-opt.pdb'; linking object as if no debug info [D:\a\Hazel\Hazel\build\MigrationShaderToolsSmoke\MigrationShaderToolsSmoke.vcxproj]
Windows Debug and Release	Build Debug	2026-10-01T15:43:49.8438907Z shaderc_combined.lib(analyze_live_input_pass.obj) : warning LNK4099: PDB 'SPIRV-Tools-opt.pdb' was not found with 'shaderc_combined.lib(analyze_live_input_pass.obj)' or at 'D:\a\Hazel\Hazel\bin\Debug-windows-x86_64\MigrationShaderToolsSmoke\SPIRV-Tools-opt.pdb'; linking object as if no debug info [D:\a\Hazel\Hazel\build\MigrationShaderToolsSmoke\MigrationShaderToolsSmoke.vcxproj]
Windows Debug and Release	Build Debug	2026-10-01T15:43:49.8447791Z shaderc_combined.lib(amd_ext_to_khr.obj) : warning LNK4099: PDB 'SPIRV-Tools-opt.pdb' was not found with 'shaderc_combined.lib(amd_ext_to_khr.obj)' or at 'D:\a\Hazel\Hazel\bin\Debug-windows-x86_64\MigrationShaderToolsSmoke\SPIRV-Tools-opt.pdb'; linking object as if no debug info [D:\a\Hazel\Hazel\build\MigrationShaderToolsSmoke\MigrationShaderToolsSmoke.vcxproj]
Windows Debug and Release	Build Debug	2026-10-01T15:43:49.8495674Z shaderc_combined.lib(aggressive_dead_code_elim_pass.obj) : warning LNK4099: PDB 'SPIRV-Tools-opt.pdb' was not found with 'shaderc_combined.lib(aggressive_dead_code_elim_pass.obj)' or at 'D:\a\Hazel\Hazel\bin\Debug-windows-x86_64\MigrationShaderToolsSmoke\SPIRV-Tools-opt.pdb'; linking object as if no debug info [D:\a\Hazel\Hazel\build\MigrationShaderToolsSmoke\MigrationShaderToolsSmoke.vcxproj]
Windows Debug and Release	Build Debug	2026-10-01T15:43:49.8545488Z shaderc_combined.lib(fix_func_call_arguments.obj) : warning LNK4099: PDB 'SPIRV-Tools-opt.pdb' was not found with 'shaderc_combined.lib(fix_func_call_arguments.obj)' or at 'D:\a\Hazel\Hazel\bin\Debug-windows-x86_64\MigrationShaderToolsSmoke\SPIRV-Tools-opt.pdb'; linking object as if no debug info [D:\a\Hazel\Hazel\build\MigrationShaderToolsSmoke\MigrationShaderToolsSmoke.vcxproj]
Windows Debug and Release	Build Debug	2026-10-01T15:43:49.8549811Z shaderc_combined.lib(pch_source.obj) : warning LNK4099: PDB '' was not found with 'shaderc_combined.lib(pch_source.obj)' or at ''; linking object as if no debug info [D:\a\Hazel\Hazel\build\MigrationShaderToolsSmoke\MigrationShaderToolsSmoke.vcxproj]
Windows Debug and Release	Build Debug	2026-10-01T15:43:49.8561838Z shaderc_combined.lib(validation_state.obj) : warning LNK4099: PDB 'SPIRV-Tools.pdb' was not found with 'shaderc_combined.lib(validation_state.obj)' or at 'D:\a\Hazel\Hazel\bin\Debug-windows-x86_64\MigrationShaderToolsSmoke\SPIRV-Tools.pdb'; linking object as if no debug info [D:\a\Hazel\Hazel\build\MigrationShaderToolsSmoke\MigrationShaderToolsSmoke.vcxproj]
Windows Debug and Release	Build Debug	2026-10-01T15:43:49.8624697Z shaderc_combined.lib(instruction.obj) : warning LNK4099: PDB 'SPIRV-Tools.pdb' was not found with 'shaderc_combined.lib(instruction.obj)' or at 'D:\a\Hazel\Hazel\bin\Debug-windows-x86_64\MigrationShaderToolsSmoke\SPIRV-Tools.pdb'; linking object as if no debug info [D:\a\Hazel\Hazel\build\MigrationShaderToolsSmoke\MigrationShaderToolsSmoke.vcxproj]
Windows Debug and Release	Build Debug	2026-10-01T15:43:49.8632695Z shaderc_combined.lib(function.obj) : warning LNK4099: PDB 'SPIRV-Tools.pdb' was not found with 'shaderc_combined.lib(function.obj)' or at 'D:\a\Hazel\Hazel\bin\Debug-windows-x86_64\MigrationShaderToolsSmoke\SPIRV-Tools.pdb'; linking object as if no debug info [D:\a\Hazel\Hazel\build\MigrationShaderToolsSmoke\MigrationShaderToolsSmoke.vcxproj]
Windows Debug and Release	Build Debug	2026-10-01T15:43:49.8673295Z shaderc_combined.lib(construct.obj) : warning LNK4099: PDB 'SPIRV-Tools.pdb' was not found with 'shaderc_combined.lib(construct.obj)' or at 'D:\a\Hazel\Hazel\bin\Debug-windows-x86_64\MigrationShaderToolsSmoke\SPIRV-Tools.pdb'; linking object as if no debug info [D:\a\Hazel\Hazel\build\MigrationShaderToolsSmoke\MigrationShaderToolsSmoke.vcxproj]
Windows Debug and Release	Build Debug	2026-10-01T15:43:49.8679439Z shaderc_combined.lib(basic_block.obj) : warning LNK4099: PDB '' was not found with 'shaderc_combined.lib(basic_block.obj)' or at ''; linking object as if no debug info [D:\a\Hazel\Hazel\build\MigrationShaderToolsSmoke\MigrationShaderToolsSmoke.vcxproj]
Windows Debug and Release	Build Debug	2026-10-01T15:43:49.8684880Z shaderc_combined.lib(validate_type.obj) : warning LNK4099: PDB 'SPIRV-Tools.pdb' was not found with 'shaderc_combined.lib(validate_type.obj)' or at 'D:\a\Hazel\Hazel\bin\Debug-windows-x86_64\MigrationShaderToolsSmoke\SPIRV-Tools.pdb'; linking object as if no debug info [D:\a\Hazel\Hazel\build\MigrationShaderToolsSmoke\MigrationShaderToolsSmoke.vcxproj]
Windows Debug and Release	Build Debug	2026-10-01T15:43:49.8697667Z shaderc_combined.lib(validate_small_type_uses.obj) : warning LNK4099: PDB 'SPIRV-Tools.pdb' was not found with 'shaderc_combined.lib(validate_small_type_uses.obj)' or at 'D:\a\Hazel\Hazel\bin\Debug-windows-x86_64\MigrationShaderToolsSmoke\SPIRV-Tools.pdb'; linking object as if no debug info [D:\a\Hazel\Hazel\build\MigrationShaderToolsSmoke\MigrationShaderToolsSmoke.vcxproj]
Windows Debug and Release	Build Debug	2026-10-01T15:43:49.8709662Z shaderc_combined.lib(validate_scopes.obj) : warning LNK4099: PDB 'SPIRV-Tools.pdb' was not found with 'shaderc_combined.lib(validate_scopes.obj)' or at 'D:\a\Hazel\Hazel\bin\Debug-windows-x86_64\MigrationShaderToolsSmoke\SPIRV-Tools.pdb'; linking object as if no debug info [D:\a\Hazel\Hazel\build\MigrationShaderToolsSmoke\MigrationShaderToolsSmoke.vcxproj]
Windows Debug and Release	Build Debug	2026-10-01T15:43:49.8718633Z shaderc_combined.lib(validate_ray_tracing_reorder.obj) : warning LNK4099: PDB '' was not found with 'shaderc_combined.lib(validate_ray_tracing_reorder.obj)' or at ''; linking object as if no debug info [D:\a\Hazel\Hazel\build\MigrationShaderToolsSmoke\MigrationShaderToolsSmoke.vcxproj]
Windows Debug and Release	Build Debug	2026-10-01T15:43:49.8725729Z shaderc_combined.lib(validate_ray_tracing.obj) : warning LNK4099: PDB 'SPIRV-Tools.pdb' was not found with 'shaderc_combined.lib(validate_ray_tracing.obj)' or at 'D:\a\Hazel\Hazel\bin\Debug-windows-x86_64\MigrationShaderToolsSmoke\SPIRV-Tools.pdb'; linking object as if no debug info [D:\a\Hazel\Hazel\build\MigrationShaderToolsSmoke\MigrationShaderToolsSmoke.vcxproj]
Windows Debug and Release	Build Debug	2026-10-01T15:43:49.8733889Z shaderc_combined.lib(validate_ray_query.obj) : warning LNK4099: PDB '' was not found with 'shaderc_combined.lib(validate_ray_query.obj)' or at ''; linking object as if no debug info [D:\a\Hazel\Hazel\build\MigrationShaderToolsSmoke\MigrationShaderToolsSmoke.vcxproj]
Windows Debug and Release	Build Debug	2026-10-01T15:43:49.8741998Z shaderc_combined.lib(validate_primitives.obj) : warning LNK4099: PDB 'SPIRV-Tools.pdb' was not found with 'shaderc_combined.lib(validate_primitives.obj)' or at 'D:\a\Hazel\Hazel\bin\Debug-windows-x86_64\MigrationShaderToolsSmoke\SPIRV-Tools.pdb'; linking object as if no debug info [D:\a\Hazel\Hazel\build\MigrationShaderToolsSmoke\MigrationShaderToolsSmoke.vcxproj]
Windows Debug and Release	Build Debug	2026-10-01T15:43:49.8752984Z shaderc_combined.lib(validate_non_uniform.obj) : warning LNK4099: PDB 'SPIRV-Tools.pdb' was not found with 'shaderc_combined.lib(validate_non_uniform.obj)' or at 'D:\a\Hazel\Hazel\bin\Debug-windows-x86_64\MigrationShaderToolsSmoke\SPIRV-Tools.pdb'; linking object as if no debug info [D:\a\Hazel\Hazel\build\MigrationShaderToolsSmoke\MigrationShaderToolsSmoke.vcxproj]
Windows Debug and Release	Build Debug	2026-10-01T15:43:49.8759945Z shaderc_combined.lib(validate_mode_setting.obj) : warning LNK4099: PDB 'SPIRV-Tools.pdb' was not found with 'shaderc_combined.lib(validate_mode_setting.obj)' or at 'D:\a\Hazel\Hazel\bin\Debug-windows-x86_64\MigrationShaderToolsSmoke\SPIRV-Tools.pdb'; linking object as if no debug info [D:\a\Hazel\Hazel\build\MigrationShaderToolsSmoke\MigrationShaderToolsSmoke.vcxproj]
Windows Debug and Release	Build Debug	2026-10-01T15:43:49.8765352Z shaderc_combined.lib(validate_misc.obj) : warning LNK4099: PDB '' was not found with 'shaderc_combined.lib(validate_misc.obj)' or at ''; linking object as if no debug info [D:\a\Hazel\Hazel\build\MigrationShaderToolsSmoke\MigrationShaderToolsSmoke.vcxproj]
Windows Debug and Release	Build Debug	2026-10-01T15:43:49.8772437Z shaderc_combined.lib(validate_mesh_shading.obj) : warning LNK4099: PDB 'SPIRV-Tools.pdb' was not found with 'shaderc_combined.lib(validate_mesh_shading.obj)' or at 'D:\a\Hazel\Hazel\bin\Debug-windows-x86_64\MigrationShaderToolsSmoke\SPIRV-Tools.pdb'; linking object as if no debug info [D:\a\Hazel\Hazel\build\MigrationShaderToolsSmoke\MigrationShaderToolsSmoke.vcxproj]
Windows Debug and Release	Build Debug	2026-10-01T15:43:49.8778692Z shaderc_combined.lib(validate_memory_semantics.obj) : warning LNK4099: PDB '' was not found with 'shaderc_combined.lib(validate_memory_semantics.obj)' or at ''; linking object as if no debug info [D:\a\Hazel\Hazel\build\MigrationShaderToolsSmoke\MigrationShaderToolsSmoke.vcxproj]
Windows Debug and Release	Build Debug	2026-10-01T15:43:49.8787419Z shaderc_combined.lib(validate_memory.obj) : warning LNK4099: PDB 'SPIRV-Tools.pdb' was not found with 'shaderc_combined.lib(validate_memory.obj)' or at 'D:\a\Hazel\Hazel\bin\Debug-windows-x86_64\MigrationShaderToolsSmoke\SPIRV-Tools.pdb'; linking object as if no debug info [D:\a\Hazel\Hazel\build\MigrationShaderToolsSmoke\MigrationShaderToolsSmoke.vcxproj]
Windows Debug and Release	Build Debug	2026-10-01T15:43:49.8791294Z shaderc_combined.lib(validate_logicals.obj) : warning LNK4099: PDB '' was not found with 'shaderc_combined.lib(validate_logicals.obj)' or at ''; linking object as if no debug info [D:\a\Hazel\Hazel\build\MigrationShaderToolsSmoke\MigrationShaderToolsSmoke.vcxproj]
Windows Debug and Release	Build Debug	2026-10-01T15:43:49.8795052Z shaderc_combined.lib(validate_literals.obj) : warning LNK4099: PDB 'SPIRV-Tools.pdb' was not found with 'shaderc_combined.lib(validate_literals.obj)' or at 'D:\a\Hazel\Hazel\bin\Debug-windows-x86_64\MigrationShaderToolsSmoke\SPIRV-Tools.pdb'; linking object as if no debug info [D:\a\Hazel\Hazel\build\MigrationShaderToolsSmoke\MigrationShaderToolsSmoke.vcxproj]
Windows Debug and Release	Build Debug	2026-10-01T15:43:49.8801412Z shaderc_combined.lib(validate_layout.obj) : warning LNK4099: PDB 'SPIRV-Tools.pdb' was not found with 'shaderc_combined.lib(validate_layout.obj)' or at 'D:\a\Hazel\Hazel\bin\Debug-windows-x86_64\MigrationShaderToolsSmoke\SPIRV-Tools.pdb'; linking object as if no debug info [D:\a\Hazel\Hazel\build\MigrationShaderToolsSmoke\MigrationShaderToolsSmoke.vcxproj]
Windows Debug and Release	Build Debug	2026-10-01T15:43:49.8807372Z shaderc_combined.lib(validate_instruction.obj) : warning LNK4099: PDB 'SPIRV-Tools.pdb' was not found with 'shaderc_combined.lib(validate_instruction.obj)' or at 'D:\a\Hazel\Hazel\bin\Debug-windows-x86_64\MigrationShaderToolsSmoke\SPIRV-Tools.pdb'; linking object as if no debug info [D:\a\Hazel\Hazel\build\MigrationShaderToolsSmoke\MigrationShaderToolsSmoke.vcxproj]
Windows Debug and Release	Build Debug	2026-10-01T15:43:49.8811974Z shaderc_combined.lib(validate_interfaces.obj) : warning LNK4099: PDB 'SPIRV-Tools.pdb' was not found with 'shaderc_combined.lib(validate_interfaces.obj)' or at 'D:\a\Hazel\Hazel\bin\Debug-windows-x86_64\MigrationShaderToolsSmoke\SPIRV-Tools.pdb'; linking object as if no debug info [D:\a\Hazel\Hazel\build\MigrationShaderToolsSmoke\MigrationShaderToolsSmoke.vcxproj]
Windows Debug and Release	Build Debug	2026-10-01T15:43:49.8822443Z shaderc_combined.lib(validate_image.obj) : warning LNK4099: PDB 'SPIRV-Tools.pdb' was not found with 'shaderc_combined.lib(validate_image.obj)' or at 'D:\a\Hazel\Hazel\bin\Debug-windows-x86_64\MigrationShaderToolsSmoke\SPIRV-Tools.pdb'; linking object as if no debug info [D:\a\Hazel\Hazel\build\MigrationShaderToolsSmoke\MigrationShaderToolsSmoke.vcxproj]
Windows Debug and Release	Build Debug	2026-10-01T15:43:49.8834969Z shaderc_combined.lib(validate_id.obj) : warning LNK4099: PDB 'SPIRV-Tools.pdb' was not found with 'shaderc_combined.lib(validate_id.obj)' or at 'D:\a\Hazel\Hazel\bin\Debug-windows-x86_64\MigrationShaderToolsSmoke\SPIRV-Tools.pdb'; linking object as if no debug info [D:\a\Hazel\Hazel\build\MigrationShaderToolsSmoke\MigrationShaderToolsSmoke.vcxproj]
Windows Debug and Release	Build Debug	2026-10-01T15:43:49.8844098Z shaderc_combined.lib(validate_function.obj) : warning LNK4099: PDB 'SPIRV-Tools.pdb' was not found with 'shaderc_combined.lib(validate_function.obj)' or at 'D:\a\Hazel\Hazel\bin\Debug-windows-x86_64\MigrationShaderToolsSmoke\SPIRV-Tools.pdb'; linking object as if no debug info [D:\a\Hazel\Hazel\build\MigrationShaderToolsSmoke\MigrationShaderToolsSmoke.vcxproj]
Windows Debug and Release	Build Debug	2026-10-01T15:43:49.8852519Z shaderc_combined.lib(validate_execution_limitations.obj) : warning LNK4099: PDB '' was not found with 'shaderc_combined.lib(validate_execution_limitations.obj)' or at ''; linking object as if no debug info [D:\a\Hazel\Hazel\build\MigrationShaderToolsSmoke\MigrationShaderToolsSmoke.vcxproj]
Windows Debug and Release	Build Debug	2026-10-01T15:43:49.8856592Z shaderc_combined.lib(validate_extensions.obj) : warning LNK4099: PDB 'SPIRV-Tools.pdb' was not found with 'shaderc_combined.lib(validate_extensions.obj)' or at 'D:\a\Hazel\Hazel\bin\Debug-windows-x86_64\MigrationShaderToolsSmoke\SPIRV-Tools.pdb'; linking object as if no debug info [D:\a\Hazel\Hazel\build\MigrationShaderToolsSmoke\MigrationShaderToolsSmoke.vcxproj]
Windows Debug and Release	Build Debug	2026-10-01T15:43:49.8878250Z shaderc_combined.lib(validate_derivatives.obj) : warning LNK4099: PDB 'SPIRV-Tools.pdb' was not found with 'shaderc_combined.lib(validate_derivatives.obj)' or at 'D:\a\Hazel\Hazel\bin\Debug-windows-x86_64\MigrationShaderToolsSmoke\SPIRV-Tools.pdb'; linking object as if no debug info [D:\a\Hazel\Hazel\build\MigrationShaderToolsSmoke\MigrationShaderToolsSmoke.vcxproj]
Windows Debug and Release	Build Debug	2026-10-01T15:43:49.8886830Z shaderc_combined.lib(validate_decorations.obj) : warning LNK4099: PDB 'SPIRV-Tools.pdb' was not found with 'shaderc_combined.lib(validate_decorations.obj)' or at 'D:\a\Hazel\Hazel\bin\Debug-windows-x86_64\MigrationShaderToolsSmoke\SPIRV-Tools.pdb'; linking object as if no debug info [D:\a\Hazel\Hazel\build\MigrationShaderToolsSmoke\MigrationShaderToolsSmoke.vcxproj]
Windows Debug and Release	Build Debug	2026-10-01T15:43:49.8918711Z shaderc_combined.lib(validate_debug.obj) : warning LNK4099: PDB 'SPIRV-Tools.pdb' was not found with 'shaderc_combined.lib(validate_debug.obj)' or at 'D:\a\Hazel\Hazel\bin\Debug-windows-x86_64\MigrationShaderToolsSmoke\SPIRV-Tools.pdb'; linking object as if no debug info [D:\a\Hazel\Hazel\build\MigrationShaderToolsSmoke\MigrationShaderToolsSmoke.vcxproj]
Windows Debug and Release	Build Debug	2026-10-01T15:43:49.8932137Z shaderc_combined.lib(validate_conversion.obj) : warning LNK4099: PDB 'SPIRV-Tools.pdb' was not found with 'shaderc_combined.lib(validate_conversion.obj)' or at 'D:\a\Hazel\Hazel\bin\Debug-windows-x86_64\MigrationShaderToolsSmoke\SPIRV-Tools.pdb'; linking object as if no debug info [D:\a\Hazel\Hazel\build\MigrationShaderToolsSmoke\MigrationShaderToolsSmoke.vcxproj]
Windows Debug and Release	Build Debug	2026-10-01T15:43:49.8936441Z shaderc_combined.lib(validate_constants.obj) : warning LNK4099: PDB '' was not found with 'shaderc_combined.lib(validate_constants.obj)' or at ''; linking object as if no debug info [D:\a\Hazel\Hazel\build\MigrationShaderToolsSmoke\MigrationShaderToolsSmoke.vcxproj]
Windows Debug and Release	Build Debug	2026-10-01T15:43:49.8941912Z shaderc_combined.lib(validate_composites.obj) : warning LNK4099: PDB 'SPIRV-Tools.pdb' was not found with 'shaderc_combined.lib(validate_composites.obj)' or at 'D:\a\Hazel\Hazel\bin\Debug-windows-x86_64\MigrationShaderToolsSmoke\SPIRV-Tools.pdb'; linking object as if no debug info [D:\a\Hazel\Hazel\build\MigrationShaderToolsSmoke\MigrationShaderToolsSmoke.vcxproj]
Windows Debug and Release	Build Debug	2026-10-01T15:43:49.8946808Z shaderc_combined.lib(validate_cfg.obj) : warning LNK4099: PDB 'SPIRV-Tools.pdb' was not found with 'shaderc_combined.lib(validate_cfg.obj)' or at 'D:\a\Hazel\Hazel\bin\Debug-windows-x86_64\MigrationShaderToolsSmoke\SPIRV-Tools.pdb'; linking object as if no debug info [D:\a\Hazel\Hazel\build\MigrationShaderToolsSmoke\MigrationShaderToolsSmoke.vcxproj]
Windows Debug and Release	Build Debug	2026-10-01T15:43:49.8979018Z shaderc_combined.lib(validate_capability.obj) : warning LNK4099: PDB 'SPIRV-Tools.pdb' was not found with 'shaderc_combined.lib(validate_capability.obj)' or at 'D:\a\Hazel\Hazel\bin\Debug-windows-x86_64\MigrationShaderToolsSmoke\SPIRV-Tools.pdb'; linking object as if no debug info [D:\a\Hazel\Hazel\build\MigrationShaderToolsSmoke\MigrationShaderToolsSmoke.vcxproj]
Windows Debug and Release	Build Debug	2026-10-01T15:43:49.8990055Z shaderc_combined.lib(validate_builtins.obj) : warning LNK4099: PDB 'SPIRV-Tools.pdb' was not found with 'shaderc_combined.lib(validate_builtins.obj)' or at 'D:\a\Hazel\Hazel\bin\Debug-windows-x86_64\MigrationShaderToolsSmoke\SPIRV-Tools.pdb'; linking object as if no debug info [D:\a\Hazel\Hazel\build\MigrationShaderToolsSmoke\MigrationShaderToolsSmoke.vcxproj]
Windows Debug and Release	Build Debug	2026-10-01T15:43:49.9051373Z shaderc_combined.lib(validate_bitwise.obj) : warning LNK4099: PDB 'SPIRV-Tools.pdb' was not found with 'shaderc_combined.lib(validate_bitwise.obj)' or at 'D:\a\Hazel\Hazel\bin\Debug-windows-x86_64\MigrationShaderToolsSmoke\SPIRV-Tools.pdb'; linking object as if no debug info [D:\a\Hazel\Hazel\build\MigrationShaderToolsSmoke\MigrationShaderToolsSmoke.vcxproj]
Windows Debug and Release	Build Debug	2026-10-01T15:43:49.9062139Z shaderc_combined.lib(validate_barriers.obj) : warning LNK4099: PDB 'SPIRV-Tools.pdb' was not found with 'shaderc_combined.lib(validate_barriers.obj)' or at 'D:\a\Hazel\Hazel\bin\Debug-windows-x86_64\MigrationShaderToolsSmoke\SPIRV-Tools.pdb'; linking object as if no debug info [D:\a\Hazel\Hazel\build\MigrationShaderToolsSmoke\MigrationShaderToolsSmoke.vcxproj]
Windows Debug and Release	Build Debug	2026-10-01T15:43:49.9069119Z shaderc_combined.lib(validate_atomics.obj) : warning LNK4099: PDB 'SPIRV-Tools.pdb' was not found with 'shaderc_combined.lib(validate_atomics.obj)' or at 'D:\a\Hazel\Hazel\bin\Debug-windows-x86_64\MigrationShaderToolsSmoke\SPIRV-Tools.pdb'; linking object as if no debug info [D:\a\Hazel\Hazel\build\MigrationShaderToolsSmoke\MigrationShaderToolsSmoke.vcxproj]
Windows Debug and Release	Build Debug	2026-10-01T15:43:49.9075815Z shaderc_combined.lib(validate_arithmetics.obj) : warning LNK4099: PDB '' was not found with 'shaderc_combined.lib(validate_arithmetics.obj)' or at ''; linking object as if no debug info [D:\a\Hazel\Hazel\build\MigrationShaderToolsSmoke\MigrationShaderToolsSmoke.vcxproj]
Windows Debug and Release	Build Debug	2026-10-01T15:43:49.9085776Z shaderc_combined.lib(validate_annotation.obj) : warning LNK4099: PDB 'SPIRV-Tools.pdb' was not found with 'shaderc_combined.lib(validate_annotation.obj)' or at 'D:\a\Hazel\Hazel\bin\Debug-windows-x86_64\MigrationShaderToolsSmoke\SPIRV-Tools.pdb'; linking object as if no debug info [D:\a\Hazel\Hazel\build\MigrationShaderToolsSmoke\MigrationShaderToolsSmoke.vcxproj]
Windows Debug and Release	Build Debug	2026-10-01T15:43:49.9090374Z shaderc_combined.lib(validate_adjacency.obj) : warning LNK4099: PDB 'SPIRV-Tools.pdb' was not found with 'shaderc_combined.lib(validate_adjacency.obj)' or at 'D:\a\Hazel\Hazel\bin\Debug-windows-x86_64\MigrationShaderToolsSmoke\SPIRV-Tools.pdb'; linking object as if no debug info [D:\a\Hazel\Hazel\build\MigrationShaderToolsSmoke\MigrationShaderToolsSmoke.vcxproj]
Windows Debug and Release	Build Debug	2026-10-01T15:43:49.9096293Z shaderc_combined.lib(validate.obj) : warning LNK4099: PDB 'SPIRV-Tools.pdb' was not found with 'shaderc_combined.lib(validate.obj)' or at 'D:\a\Hazel\Hazel\bin\Debug-windows-x86_64\MigrationShaderToolsSmoke\SPIRV-Tools.pdb'; linking object as if no debug info [D:\a\Hazel\Hazel\build\MigrationShaderToolsSmoke\MigrationShaderToolsSmoke.vcxproj]
Windows Debug and Release	Build Debug	2026-10-01T15:43:49.9122299Z shaderc_combined.lib(text_handler.obj) : warning LNK4099: PDB 'SPIRV-Tools.pdb' was not found with 'shaderc_combined.lib(text_handler.obj)' or at 'D:\a\Hazel\Hazel\bin\Debug-windows-x86_64\MigrationShaderToolsSmoke\SPIRV-Tools.pdb'; linking object as if no debug info [D:\a\Hazel\Hazel\build\MigrationShaderToolsSmoke\MigrationShaderToolsSmoke.vcxproj]
Windows Debug and Release	Build Debug	2026-10-01T15:43:49.9136878Z shaderc_combined.lib(text.obj) : warning LNK4099: PDB 'SPIRV-Tools.pdb' was not found with 'shaderc_combined.lib(text.obj)' or at 'D:\a\Hazel\Hazel\bin\Debug-windows-x86_64\MigrationShaderToolsSmoke\SPIRV-Tools.pdb'; linking object as if no debug info [D:\a\Hazel\Hazel\build\MigrationShaderToolsSmoke\MigrationShaderToolsSmoke.vcxproj]
Windows Debug and Release	Build Debug	2026-10-01T15:43:49.9154167Z shaderc_combined.lib(table.obj) : warning LNK4099: PDB 'SPIRV-Tools.pdb' was not found with 'shaderc_combined.lib(table.obj)' or at 'D:\a\Hazel\Hazel\bin\Debug-windows-x86_64\MigrationShaderToolsSmoke\SPIRV-Tools.pdb'; linking object as if no debug info [D:\a\Hazel\Hazel\build\MigrationShaderToolsSmoke\MigrationShaderToolsSmoke.vcxproj]
Windows Debug and Release	Build Debug	2026-10-01T15:43:49.9162642Z shaderc_combined.lib(spirv_validator_options.obj) : warning LNK4099: PDB 'SPIRV-Tools.pdb' was not found with 'shaderc_combined.lib(spirv_validator_options.obj)' or at 'D:\a\Hazel\Hazel\bin\Debug-windows-x86_64\MigrationShaderToolsSmoke\SPIRV-Tools.pdb'; linking object as if no debug info [D:\a\Hazel\Hazel\build\MigrationShaderToolsSmoke\MigrationShaderToolsSmoke.vcxproj]
Windows Debug and Release	Build Debug	2026-10-01T15:43:49.9172276Z shaderc_combined.lib(spirv_target_env.obj) : warning LNK4099: PDB 'SPIRV-Tools.pdb' was not found with 'shaderc_combined.lib(spirv_target_env.obj)' or at 'D:\a\Hazel\Hazel\bin\Debug-windows-x86_64\MigrationShaderToolsSmoke\SPIRV-Tools.pdb'; linking object as if no debug info [D:\a\Hazel\Hazel\build\MigrationShaderToolsSmoke\MigrationShaderToolsSmoke.vcxproj]
Windows Debug and Release	Build Debug	2026-10-01T15:43:49.9178773Z shaderc_combined.lib(spirv_optimizer_options.obj) : warning LNK4099: PDB 'SPIRV-Tools.pdb' was not found with 'shaderc_combined.lib(spirv_optimizer_options.obj)' or at 'D:\a\Hazel\Hazel\bin\Debug-windows-x86_64\MigrationShaderToolsSmoke\SPIRV-Tools.pdb'; linking object as if no debug info [D:\a\Hazel\Hazel\build\MigrationShaderToolsSmoke\MigrationShaderToolsSmoke.vcxproj]
Windows Debug and Release	Build Debug	2026-10-01T15:43:49.9184856Z shaderc_combined.lib(spirv_endian.obj) : warning LNK4099: PDB 'SPIRV-Tools.pdb' was not found with 'shaderc_combined.lib(spirv_endian.obj)' or at 'D:\a\Hazel\Hazel\bin\Debug-windows-x86_64\MigrationShaderToolsSmoke\SPIRV-Tools.pdb'; linking object as if no debug info [D:\a\Hazel\Hazel\build\MigrationShaderToolsSmoke\MigrationShaderToolsSmoke.vcxproj]
Windows Debug and Release	Build Debug	2026-10-01T15:43:49.9189032Z shaderc_combined.lib(print.obj) : warning LNK4099: PDB 'SPIRV-Tools.pdb' was not found with 'shaderc_combined.lib(print.obj)' or at 'D:\a\Hazel\Hazel\bin\Debug-windows-x86_64\MigrationShaderToolsSmoke\SPIRV-Tools.pdb'; linking object as if no debug info [D:\a\Hazel\Hazel\build\MigrationShaderToolsSmoke\MigrationShaderToolsSmoke.vcxproj]
Windows Debug and Release	Build Debug	2026-10-01T15:43:49.9194267Z shaderc_combined.lib(parsed_operand.obj) : warning LNK4099: PDB '' was not found with 'shaderc_combined.lib(parsed_operand.obj)' or at ''; linking object as if no debug info [D:\a\Hazel\Hazel\build\MigrationShaderToolsSmoke\MigrationShaderToolsSmoke.vcxproj]
Windows Debug and Release	Build Debug	2026-10-01T15:43:49.9200953Z shaderc_combined.lib(operand.obj) : warning LNK4099: PDB 'SPIRV-Tools.pdb' was not found with 'shaderc_combined.lib(operand.obj)' or at 'D:\a\Hazel\Hazel\bin\Debug-windows-x86_64\MigrationShaderToolsSmoke\SPIRV-Tools.pdb'; linking object as if no debug info [D:\a\Hazel\Hazel\build\MigrationShaderToolsSmoke\MigrationShaderToolsSmoke.vcxproj]
Windows Debug and Release	Build Debug	2026-10-01T15:43:49.9207850Z shaderc_combined.lib(opcode.obj) : warning LNK4099: PDB 'SPIRV-Tools.pdb' was not found with 'shaderc_combined.lib(opcode.obj)' or at 'D:\a\Hazel\Hazel\bin\Debug-windows-x86_64\MigrationShaderToolsSmoke\SPIRV-Tools.pdb'; linking object as if no debug info [D:\a\Hazel\Hazel\build\MigrationShaderToolsSmoke\MigrationShaderToolsSmoke.vcxproj]
Windows Debug and Release	Build Debug	2026-10-01T15:43:49.9212898Z shaderc_combined.lib(name_mapper.obj) : warning LNK4099: PDB 'SPIRV-Tools.pdb' was not found with 'shaderc_combined.lib(name_mapper.obj)' or at 'D:\a\Hazel\Hazel\bin\Debug-windows-x86_64\MigrationShaderToolsSmoke\SPIRV-Tools.pdb'; linking object as if no debug info [D:\a\Hazel\Hazel\build\MigrationShaderToolsSmoke\MigrationShaderToolsSmoke.vcxproj]
Windows Debug and Release	Build Debug	2026-10-01T15:43:49.9221916Z shaderc_combined.lib(libspirv.obj) : warning LNK4099: PDB 'SPIRV-Tools.pdb' was not found with 'shaderc_combined.lib(libspirv.obj)' or at 'D:\a\Hazel\Hazel\bin\Debug-windows-x86_64\MigrationShaderToolsSmoke\SPIRV-Tools.pdb'; linking object as if no debug info [D:\a\Hazel\Hazel\build\MigrationShaderToolsSmoke\MigrationShaderToolsSmoke.vcxproj]
Windows Debug and Release	Build Debug	2026-10-01T15:43:49.9230891Z shaderc_combined.lib(extensions.obj) : warning LNK4099: PDB 'SPIRV-Tools.pdb' was not found with 'shaderc_combined.lib(extensions.obj)' or at 'D:\a\Hazel\Hazel\bin\Debug-windows-x86_64\MigrationShaderToolsSmoke\SPIRV-Tools.pdb'; linking object as if no debug info [D:\a\Hazel\Hazel\build\MigrationShaderToolsSmoke\MigrationShaderToolsSmoke.vcxproj]
Windows Debug and Release	Build Debug	2026-10-01T15:43:49.9239513Z shaderc_combined.lib(ext_inst.obj) : warning LNK4099: PDB 'SPIRV-Tools.pdb' was not found with 'shaderc_combined.lib(ext_inst.obj)' or at 'D:\a\Hazel\Hazel\bin\Debug-windows-x86_64\MigrationShaderToolsSmoke\SPIRV-Tools.pdb'; linking object as if no debug info [D:\a\Hazel\Hazel\build\MigrationShaderToolsSmoke\MigrationShaderToolsSmoke.vcxproj]
Windows Debug and Release	Build Debug	2026-10-01T15:43:49.9250615Z shaderc_combined.lib(enum_string_mapping.obj) : warning LNK4099: PDB 'SPIRV-Tools.pdb' was not found with 'shaderc_combined.lib(enum_string_mapping.obj)' or at 'D:\a\Hazel\Hazel\bin\Debug-windows-x86_64\MigrationShaderToolsSmoke\SPIRV-Tools.pdb'; linking object as if no debug info [D:\a\Hazel\Hazel\build\MigrationShaderToolsSmoke\MigrationShaderToolsSmoke.vcxproj]
Windows Debug and Release	Build Debug	2026-10-01T15:43:49.9256771Z shaderc_combined.lib(disassemble.obj) : warning LNK4099: PDB 'SPIRV-Tools.pdb' was not found with 'shaderc_combined.lib(disassemble.obj)' or at 'D:\a\Hazel\Hazel\bin\Debug-windows-x86_64\MigrationShaderToolsSmoke\SPIRV-Tools.pdb'; linking object as if no debug info [D:\a\Hazel\Hazel\build\MigrationShaderToolsSmoke\MigrationShaderToolsSmoke.vcxproj]
Windows Debug and Release	Build Debug	2026-10-01T15:43:49.9261229Z shaderc_combined.lib(diagnostic.obj) : warning LNK4099: PDB 'SPIRV-Tools.pdb' was not found with 'shaderc_combined.lib(diagnostic.obj)' or at 'D:\a\Hazel\Hazel\bin\Debug-windows-x86_64\MigrationShaderToolsSmoke\SPIRV-Tools.pdb'; linking object as if no debug info [D:\a\Hazel\Hazel\build\MigrationShaderToolsSmoke\MigrationShaderToolsSmoke.vcxproj]
Windows Debug and Release	Build Debug	2026-10-01T15:43:49.9265579Z shaderc_combined.lib(binary.obj) : warning LNK4099: PDB 'SPIRV-Tools.pdb' was not found with 'shaderc_combined.lib(binary.obj)' or at 'D:\a\Hazel\Hazel\bin\Debug-windows-x86_64\MigrationShaderToolsSmoke\SPIRV-Tools.pdb'; linking object as if no debug info [D:\a\Hazel\Hazel\build\MigrationShaderToolsSmoke\MigrationShaderToolsSmoke.vcxproj]
Windows Debug and Release	Build Debug	2026-10-01T15:43:49.9279187Z shaderc_combined.lib(assembly_grammar.obj) : warning LNK4099: PDB 'SPIRV-Tools.pdb' was not found with 'shaderc_combined.lib(assembly_grammar.obj)' or at 'D:\a\Hazel\Hazel\bin\Debug-windows-x86_64\MigrationShaderToolsSmoke\SPIRV-Tools.pdb'; linking object as if no debug info [D:\a\Hazel\Hazel\build\MigrationShaderToolsSmoke\MigrationShaderToolsSmoke.vcxproj]
Windows Debug and Release	Build Debug	2026-10-01T15:43:49.9288098Z shaderc_combined.lib(string_utils.obj) : warning LNK4099: PDB 'SPIRV-Tools.pdb' was not found with 'shaderc_combined.lib(string_utils.obj)' or at 'D:\a\Hazel\Hazel\bin\Debug-windows-x86_64\MigrationShaderToolsSmoke\SPIRV-Tools.pdb'; linking object as if no debug info [D:\a\Hazel\Hazel\build\MigrationShaderToolsSmoke\MigrationShaderToolsSmoke.vcxproj]
Windows Debug and Release	Build Debug	2026-10-01T15:43:49.9296804Z shaderc_combined.lib(parse_number.obj) : warning LNK4099: PDB 'SPIRV-Tools.pdb' was not found with 'shaderc_combined.lib(parse_number.obj)' or at 'D:\a\Hazel\Hazel\bin\Debug-windows-x86_64\MigrationShaderToolsSmoke\SPIRV-Tools.pdb'; linking object as if no debug info [D:\a\Hazel\Hazel\build\MigrationShaderToolsSmoke\MigrationShaderToolsSmoke.vcxproj]
Windows Debug and Release	Build Debug	2026-10-01T15:43:49.9301234Z shaderc_combined.lib(bit_vector.obj) : warning LNK4099: PDB 'SPIRV-Tools.pdb' was not found with 'shaderc_combined.lib(bit_vector.obj)' or at 'D:\a\Hazel\Hazel\bin\Debug-windows-x86_64\MigrationShaderToolsSmoke\SPIRV-Tools.pdb'; linking object as if no debug info [D:\a\Hazel\Hazel\build\MigrationShaderToolsSmoke\MigrationShaderToolsSmoke.vcxproj]
Windows Debug and Release	Build Debug	2026-10-01T15:43:49.9321751Z spirv-cross-glsl.lib(spirv_glsl.obj) : warning LNK4099: PDB 'spirv-cross-glsld.pdb' was not found with 'spirv-cross-glsl.lib(spirv_glsl.obj)' or at 'D:\a\Hazel\Hazel\bin\Debug-windows-x86_64\MigrationShaderToolsSmoke\spirv-cross-glsld.pdb'; linking object as if no debug info [D:\a\Hazel\Hazel\build\MigrationShaderToolsSmoke\MigrationShaderToolsSmoke.vcxproj]
Windows Debug and Release	Build Debug	2026-10-01T15:43:49.9490845Z spirv-cross-core.lib(spirv_cross.obj) : warning LNK4099: PDB 'spirv-cross-cored.pdb' was not found with 'spirv-cross-core.lib(spirv_cross.obj)' or at 'D:\a\Hazel\Hazel\bin\Debug-windows-x86_64\MigrationShaderToolsSmoke\spirv-cross-cored.pdb'; linking object as if no debug info [D:\a\Hazel\Hazel\build\MigrationShaderToolsSmoke\MigrationShaderToolsSmoke.vcxproj]
Windows Debug and Release	Build Debug	2026-10-01T15:43:49.9568801Z spirv-cross-core.lib(spirv_parser.obj) : warning LNK4099: PDB 'spirv-cross-cored.pdb' was not found with 'spirv-cross-core.lib(spirv_parser.obj)' or at 'D:\a\Hazel\Hazel\bin\Debug-windows-x86_64\MigrationShaderToolsSmoke\spirv-cross-cored.pdb'; linking object as if no debug info [D:\a\Hazel\Hazel\build\MigrationShaderToolsSmoke\MigrationShaderToolsSmoke.vcxproj]
Windows Debug and Release	Build Debug	2026-10-01T15:43:49.9601348Z spirv-cross-core.lib(spirv_cross_parsed_ir.obj) : warning LNK4099: PDB 'spirv-cross-cored.pdb' was not found with 'spirv-cross-core.lib(spirv_cross_parsed_ir.obj)' or at 'D:\a\Hazel\Hazel\bin\Debug-windows-x86_64\MigrationShaderToolsSmoke\spirv-cross-cored.pdb'; linking object as if no debug info [D:\a\Hazel\Hazel\build\MigrationShaderToolsSmoke\MigrationShaderToolsSmoke.vcxproj]
Windows Debug and Release	Build Debug	2026-10-01T15:43:49.9629331Z spirv-cross-core.lib(spirv_cfg.obj) : warning LNK4099: PDB 'spirv-cross-cored.pdb' was not found with 'spirv-cross-core.lib(spirv_cfg.obj)' or at 'D:\a\Hazel\Hazel\bin\Debug-windows-x86_64\MigrationShaderToolsSmoke\spirv-cross-cored.pdb'; linking object as if no debug info [D:\a\Hazel\Hazel\build\MigrationShaderToolsSmoke\MigrationShaderToolsSmoke.vcxproj]
Windows Debug and Release	Build Debug	2026-10-01T15:43:50.0414558Z   Generating Code...
Windows Debug and Release	Build Debug	2026-10-01T15:43:50.9117870Z   MigrationShaderToolsSmoke.vcxproj -> D:\a\Hazel\Hazel\bin\Debug-windows-x86_64\MigrationShaderToolsSmoke\MigrationShaderToolsSmoke.exe
Windows Debug and Release	Build Debug	2026-10-01T15:43:52.0410198Z   Compiling...
Windows Debug and Release	Build Debug	2026-10-01T15:43:52.0410679Z   UniformBuffer.cpp
Windows Debug and Release	Build Debug	2026-10-01T15:43:52.3226366Z   VertexArray.cpp
Windows Debug and Release	Build Debug	2026-10-01T15:43:52.6028461Z   SceneCamera.cpp
Windows Debug and Release	Build Debug	2026-10-01T15:43:52.8135587Z   OpenGLBuffer.cpp
Windows Debug and Release	Build Debug	2026-10-01T15:43:52.9227476Z   OpenGLContext.cpp
Windows Debug and Release	Build Debug	2026-10-01T15:43:53.0485607Z   OpenGLFramebuffer.cpp
Windows Debug and Release	Build Debug	2026-10-01T15:43:53.1897456Z   OpenGLRendererAPI.cpp
Windows Debug and Release	Build Debug	2026-10-01T15:43:53.4719988Z   OpenGLShader.cpp
Windows Debug and Release	Build Debug	2026-10-01T15:43:54.8740779Z   OpenGLTexture.cpp
Windows Debug and Release	Build Debug	2026-10-01T15:43:54.9896050Z   OpenGLUniformBuffer.cpp
Windows Debug and Release	Build Debug	2026-10-01T15:43:55.0350507Z   OpenGLVertexArray.cpp
Windows Debug and Release	Build Debug	2026-10-01T15:43:55.0968850Z D:\a\Hazel\Hazel\Hazel\src\Platform\OpenGL\OpenGLVertexArray.cpp(107,25): warning C4244: 'initializing': conversion from 'uint32_t' to 'uint8_t', possible loss of data [D:\a\Hazel\Hazel\Hazel\Hazel.vcxproj]
Windows Debug and Release	Build Debug	2026-10-01T15:43:55.0970551Z   (compiling source file '/src/Platform/OpenGL/OpenGLVertexArray.cpp')
Windows Debug and Release	Build Debug	2026-10-01T15:43:55.0971144Z   
Windows Debug and Release	Build Debug	2026-10-01T15:43:55.1760604Z   WindowsInput.cpp
Windows Debug and Release	Build Debug	2026-10-01T15:43:55.4116964Z   WindowsPlatformUtils.cpp
Windows Debug and Release	Build Debug	2026-10-01T15:43:55.4899689Z   WindowsWindow.cpp
Windows Debug and Release	Build Debug	2026-10-01T15:43:55.5508605Z D:\a\Hazel\Hazel\Hazel\src\Platform\Windows\WindowsWindow.cpp(135,51): warning C4244: 'argument': conversion from 'int' to 'const Hazel::MouseCode', possible loss of data [D:\a\Hazel\Hazel\Hazel\Hazel.vcxproj]
Windows Debug and Release	Build Debug	2026-10-01T15:43:55.5510275Z   (compiling source file '/src/Platform/Windows/WindowsWindow.cpp')
Windows Debug and Release	Build Debug	2026-10-01T15:43:55.5510908Z   
Windows Debug and Release	Build Debug	2026-10-01T15:43:55.5512148Z D:\a\Hazel\Hazel\Hazel\src\Platform\Windows\WindowsWindow.cpp(141,52): warning C4244: 'argument': conversion from 'int' to 'const Hazel::MouseCode', possible loss of data [D:\a\Hazel\Hazel\Hazel\Hazel.vcxproj]
Windows Debug and Release	Build Debug	2026-10-01T15:43:55.5513958Z   (compiling source file '/src/Platform/Windows/WindowsWindow.cpp')
Windows Debug and Release	Build Debug	2026-10-01T15:43:55.5514519Z   
Windows Debug and Release	Build Debug	2026-10-01T15:43:55.6619685Z   Generating Code...
Windows Debug and Release	Build Debug	2026-10-01T15:43:57.5389402Z   stb_image.cpp
Windows Debug and Release	Build Debug	2026-10-01T15:44:00.9000740Z   Hazel.vcxproj -> D:\a\Hazel\Hazel\bin\Debug-windows-x86_64\Hazel\Hazel.lib
Windows Debug and Release	Build Debug	2026-10-01T15:44:01.0922507Z ##[error]Process completed with exit code 1.
Windows Debug and Release	Post Check out Hazel and its pinned submodules	﻿2026-10-01T15:44:01.1172194Z Post job cleanup.
Windows Debug and Release	Post Check out Hazel and its pinned submodules	2026-10-01T15:44:01.3171354Z [command]"C:\Program Files\Git\bin\git.exe" version
Windows Debug and Release	Post Check out Hazel and its pinned submodules	2026-10-01T15:44:01.3387258Z git version 2.55.0.windows.5
Windows Debug and Release	Post Check out Hazel and its pinned submodules	2026-10-01T15:44:01.3446756Z Temporarily overriding HOME='D:\a\_temp\21a6e4a0-f301-43b7-b84f-0ca0c8b9d43e' before making global git config changes
Windows Debug and Release	Post Check out Hazel and its pinned submodules	2026-10-01T15:44:01.3448695Z Adding repository directory to the temporary git global config as a safe directory
Windows Debug and Release	Post Check out Hazel and its pinned submodules	2026-10-01T15:44:01.3458610Z [command]"C:\Program Files\Git\bin\git.exe" config --global --add safe.directory D:\a\Hazel\Hazel
Windows Debug and Release	Post Check out Hazel and its pinned submodules	2026-10-01T15:44:01.3705523Z [command]"C:\Program Files\Git\bin\git.exe" config --local --name-only --get-regexp core\.sshCommand
Windows Debug and Release	Post Check out Hazel and its pinned submodules	2026-10-01T15:44:01.3946251Z [command]"C:\Program Files\Git\bin\git.exe" submodule foreach --recursive "sh -c \"git config --local --name-only --get-regexp 'core\.sshCommand' && git config --local --unset-all 'core.sshCommand' || :\""
Windows Debug and Release	Post Check out Hazel and its pinned submodules	2026-10-01T15:44:01.8783541Z Entering 'Hazel/vendor/GLFW'
Windows Debug and Release	Post Check out Hazel and its pinned submodules	2026-10-01T15:44:01.9884383Z Entering 'Hazel/vendor/glm'
Windows Debug and Release	Post Check out Hazel and its pinned submodules	2026-10-01T15:44:02.0621058Z Entering 'Hazel/vendor/imgui'
Windows Debug and Release	Post Check out Hazel and its pinned submodules	2026-10-01T15:44:02.1306589Z Entering 'Hazel/vendor/spdlog'
Windows Debug and Release	Post Check out Hazel and its pinned submodules	2026-10-01T15:44:02.1977739Z Entering 'Hazel/vendor/yaml-cpp'
Windows Debug and Release	Post Check out Hazel and its pinned submodules	2026-10-01T15:44:02.2706492Z [command]"C:\Program Files\Git\bin\git.exe" config --local --name-only --get-regexp http\.https\:\/\/github\.com\/\.extraheader
Windows Debug and Release	Post Check out Hazel and its pinned submodules	2026-10-01T15:44:02.2932054Z http.https://github.com/.extraheader
Windows Debug and Release	Post Check out Hazel and its pinned submodules	2026-10-01T15:44:02.2972771Z [command]"C:\Program Files\Git\bin\git.exe" config --local --unset-all http.https://github.com/.extraheader
Windows Debug and Release	Post Check out Hazel and its pinned submodules	2026-10-01T15:44:02.3218794Z [command]"C:\Program Files\Git\bin\git.exe" submodule foreach --recursive "sh -c \"git config --local --name-only --get-regexp 'http\.https\:\/\/github\.com\/\.extraheader' && git config --local --unset-all 'http.https://github.com/.extraheader' || :\""
Windows Debug and Release	Post Check out Hazel and its pinned submodules	2026-10-01T15:44:02.7690193Z Entering 'Hazel/vendor/GLFW'
Windows Debug and Release	Post Check out Hazel and its pinned submodules	2026-10-01T15:44:02.8210087Z http.https://github.com/.extraheader
Windows Debug and Release	Post Check out Hazel and its pinned submodules	2026-10-01T15:44:02.8552261Z Entering 'Hazel/vendor/glm'
Windows Debug and Release	Post Check out Hazel and its pinned submodules	2026-10-01T15:44:02.9053775Z http.https://github.com/.extraheader
Windows Debug and Release	Post Check out Hazel and its pinned submodules	2026-10-01T15:44:02.9401243Z Entering 'Hazel/vendor/imgui'
Windows Debug and Release	Post Check out Hazel and its pinned submodules	2026-10-01T15:44:02.9924359Z http.https://github.com/.extraheader
Windows Debug and Release	Post Check out Hazel and its pinned submodules	2026-10-01T15:44:03.0269344Z Entering 'Hazel/vendor/spdlog'
Windows Debug and Release	Post Check out Hazel and its pinned submodules	2026-10-01T15:44:03.0779377Z http.https://github.com/.extraheader
Windows Debug and Release	Post Check out Hazel and its pinned submodules	2026-10-01T15:44:03.1122070Z Entering 'Hazel/vendor/yaml-cpp'
Windows Debug and Release	Post Check out Hazel and its pinned submodules	2026-10-01T15:44:03.1653851Z http.https://github.com/.extraheader
Windows Debug and Release	Post Check out Hazel and its pinned submodules	2026-10-01T15:44:03.2070902Z [command]"C:\Program Files\Git\bin\git.exe" config --local --name-only --get-regexp ^includeIf\.gitdir:
Windows Debug and Release	Post Check out Hazel and its pinned submodules	2026-10-01T15:44:03.2303977Z [command]"C:\Program Files\Git\bin\git.exe" submodule foreach --recursive "git config --local --show-origin --name-only --get-regexp remote.origin.url"
Windows Debug and Release	Post Check out Hazel and its pinned submodules	2026-10-01T15:44:03.7091354Z Entering 'Hazel/vendor/GLFW'
Windows Debug and Release	Post Check out Hazel and its pinned submodules	2026-10-01T15:44:03.7377581Z file:D:/a/Hazel/Hazel/.git/modules/Hazel/vendor/GLFW/config	remote.origin.url
Windows Debug and Release	Post Check out Hazel and its pinned submodules	2026-10-01T15:44:03.7512355Z Entering 'Hazel/vendor/glm'
Windows Debug and Release	Post Check out Hazel and its pinned submodules	2026-10-01T15:44:03.7785433Z file:D:/a/Hazel/Hazel/.git/modules/Hazel/vendor/glm/config	remote.origin.url
Windows Debug and Release	Post Check out Hazel and its pinned submodules	2026-10-01T15:44:03.7934166Z Entering 'Hazel/vendor/imgui'
Windows Debug and Release	Post Check out Hazel and its pinned submodules	2026-10-01T15:44:03.8207702Z file:D:/a/Hazel/Hazel/.git/modules/Hazel/vendor/imgui/config	remote.origin.url
Windows Debug and Release	Post Check out Hazel and its pinned submodules	2026-10-01T15:44:03.8339697Z Entering 'Hazel/vendor/spdlog'
Windows Debug and Release	Post Check out Hazel and its pinned submodules	2026-10-01T15:44:03.8614292Z file:D:/a/Hazel/Hazel/.git/modules/Hazel/vendor/spdlog/config	remote.origin.url
Windows Debug and Release	Post Check out Hazel and its pinned submodules	2026-10-01T15:44:03.8746417Z Entering 'Hazel/vendor/yaml-cpp'
Windows Debug and Release	Post Check out Hazel and its pinned submodules	2026-10-01T15:44:03.9047387Z file:D:/a/Hazel/Hazel/.git/modules/Hazel/vendor/yaml-cpp/config	remote.origin.url
Windows Debug and Release	Post Check out Hazel and its pinned submodules	2026-10-01T15:44:03.9261466Z [command]"C:\Program Files\Git\bin\git.exe" config --file D:/a/Hazel/Hazel/.git/modules/Hazel/vendor/GLFW/config --name-only --get-regexp ^includeIf\.gitdir:
Windows Debug and Release	Post Check out Hazel and its pinned submodules	2026-10-01T15:44:03.9487532Z [command]"C:\Program Files\Git\bin\git.exe" config --file D:/a/Hazel/Hazel/.git/modules/Hazel/vendor/glm/config --name-only --get-regexp ^includeIf\.gitdir:
Windows Debug and Release	Post Check out Hazel and its pinned submodules	2026-10-01T15:44:03.9703338Z [command]"C:\Program Files\Git\bin\git.exe" config --file D:/a/Hazel/Hazel/.git/modules/Hazel/vendor/imgui/config --name-only --get-regexp ^includeIf\.gitdir:
Windows Debug and Release	Post Check out Hazel and its pinned submodules	2026-10-01T15:44:03.9925617Z [command]"C:\Program Files\Git\bin\git.exe" config --file D:/a/Hazel/Hazel/.git/modules/Hazel/vendor/spdlog/config --name-only --get-regexp ^includeIf\.gitdir:
Windows Debug and Release	Post Check out Hazel and its pinned submodules	2026-10-01T15:44:04.0140790Z [command]"C:\Program Files\Git\bin\git.exe" config --file D:/a/Hazel/Hazel/.git/modules/Hazel/vendor/yaml-cpp/config --name-only --get-regexp ^includeIf\.gitdir:
Windows Debug and Release	Complete job	﻿2026-10-01T15:44:04.0531059Z Cleaning up orphan processes
Windows Debug and Release	Complete job	2026-10-01T15:44:04.1010732Z Terminate orphan process: pid (7580) (vctip)
Windows Debug and Release	Complete job	2026-10-01T15:44:04.1166366Z Terminate orphan process: pid (5276) (mspdbsrv)
Windows Debug and Release	Complete job	2026-10-01T15:44:04.1215527Z Terminate orphan process: pid (5044) (MSBuild)
Windows Debug and Release	Complete job	2026-10-01T15:44:04.1375145Z Terminate orphan process: pid (7872) (conhost)
Windows Debug and Release	Complete job	2026-10-01T15:44:04.1525676Z Terminate orphan process: pid (3076) (mspdbsrv)
Windows Debug and Release	Complete job	2026-10-01T15:44:04.1538764Z ##[warning]Node.js 20 is deprecated. The following actions target Node.js 20 but are being forced to run on Node.js 24: actions/cache@v4, actions/checkout@v4, microsoft/setup-msbuild@v2. For more information see: https://github.blog/changelog/2025-09-19-deprecation-of-node-20-on-github-actions-runners/
