Windows Debug and Release	Set up job	﻿2026-10-01T12:57:19.6999849Z Current runner version: '2.337.0'
Windows Debug and Release	Set up job	2026-10-01T12:57:19.7036743Z ##[group]Runner Image Provisioner
Windows Debug and Release	Set up job	2026-10-01T12:57:19.7037453Z Hosted Compute Agent
Windows Debug and Release	Set up job	2026-10-01T12:57:19.7037875Z Version: 20260901.588
Windows Debug and Release	Set up job	2026-10-01T12:57:19.7038332Z Commit: f88ec8081b781fac6c440065ac7ff9e710ce3d0b
Windows Debug and Release	Set up job	2026-10-01T12:57:19.7038878Z Build Date: 2026-09-01T19:56:44Z
Windows Debug and Release	Set up job	2026-10-01T12:57:19.7039372Z Worker ID: {04c30a6a-a75c-4a26-ae01-16da71cac18c}
Windows Debug and Release	Set up job	2026-10-01T12:57:19.7039896Z Azure Region: centralus
Windows Debug and Release	Set up job	2026-10-01T12:57:19.7040326Z ##[endgroup]
Windows Debug and Release	Set up job	2026-10-01T12:57:19.7041293Z ##[group]Operating System
Windows Debug and Release	Set up job	2026-10-01T12:57:19.7041746Z Microsoft Windows Server 2022
Windows Debug and Release	Set up job	2026-10-01T12:57:19.7042181Z 10.0.20348
Windows Debug and Release	Set up job	2026-10-01T12:57:19.7042567Z Datacenter
Windows Debug and Release	Set up job	2026-10-01T12:57:19.7042952Z ##[endgroup]
Windows Debug and Release	Set up job	2026-10-01T12:57:19.7043337Z ##[group]Runner Image
Windows Debug and Release	Set up job	2026-10-01T12:57:19.7043751Z Image: windows-2022
Windows Debug and Release	Set up job	2026-10-01T12:57:19.7044170Z Version: 20260927.320.1
Windows Debug and Release	Set up job	2026-10-01T12:57:19.7045055Z Included Software: https://github.com/actions/runner-images/blob/win22/20260927.320/images/windows/Windows2022-Readme.md
Windows Debug and Release	Set up job	2026-10-01T12:57:19.7047210Z Image Release: https://github.com/actions/runner-images/releases/tag/win22%2F20260927.320
Windows Debug and Release	Set up job	2026-10-01T12:57:19.7047896Z ##[endgroup]
Windows Debug and Release	Set up job	2026-10-01T12:57:19.7048750Z ##[group]GITHUB_TOKEN Permissions
Windows Debug and Release	Set up job	2026-10-01T12:57:19.7050318Z Contents: read
Windows Debug and Release	Set up job	2026-10-01T12:57:19.7050732Z Metadata: read
Windows Debug and Release	Set up job	2026-10-01T12:57:19.7051122Z ##[endgroup]
Windows Debug and Release	Set up job	2026-10-01T12:57:19.7052860Z Secret source: Actions
Windows Debug and Release	Set up job	2026-10-01T12:57:19.7053519Z Cache mode: write
Windows Debug and Release	Set up job	2026-10-01T12:57:19.7054009Z Prepare workflow directory
Windows Debug and Release	Set up job	2026-10-01T12:57:19.7312901Z Prepare all required actions
Windows Debug and Release	Set up job	2026-10-01T12:57:19.7352886Z Getting action download info
Windows Debug and Release	Set up job	2026-10-01T12:57:20.0830554Z Download action repository 'actions/checkout@v4' (SHA:11d5960a326750d5838078e36cf38b85af677262)
Windows Debug and Release	Set up job	2026-10-01T12:57:20.1826043Z Download action repository 'microsoft/setup-msbuild@v2' (SHA:6fb02220983dee41ce7ae257b6f4d8f9bf5ed4ce)
Windows Debug and Release	Set up job	2026-10-01T12:57:20.5523491Z Download action repository 'actions/cache@v4' (SHA:0057852bfaa89a56745cba8c7296529d2fc39830)
Windows Debug and Release	Set up job	2026-10-01T12:57:20.7703504Z Complete job name: Windows Debug and Release
Windows Debug and Release	Check out Hazel and its pinned submodules	﻿2026-10-01T12:57:20.9622866Z ##[group]Run actions/checkout@v4
Windows Debug and Release	Check out Hazel and its pinned submodules	2026-10-01T12:57:20.9624448Z with:
Windows Debug and Release	Check out Hazel and its pinned submodules	2026-10-01T12:57:20.9624843Z   submodules: recursive
Windows Debug and Release	Check out Hazel and its pinned submodules	2026-10-01T12:57:20.9625269Z   repository: cringlekaden/Hazel
Windows Debug and Release	Check out Hazel and its pinned submodules	2026-10-01T12:57:20.9628562Z   token: ***
Windows Debug and Release	Check out Hazel and its pinned submodules	2026-10-01T12:57:20.9628914Z   ssh-strict: true
Windows Debug and Release	Check out Hazel and its pinned submodules	2026-10-01T12:57:20.9629260Z   ssh-user: git
Windows Debug and Release	Check out Hazel and its pinned submodules	2026-10-01T12:57:20.9629664Z   persist-credentials: true
Windows Debug and Release	Check out Hazel and its pinned submodules	2026-10-01T12:57:20.9630057Z   clean: true
Windows Debug and Release	Check out Hazel and its pinned submodules	2026-10-01T12:57:20.9630422Z   sparse-checkout-cone-mode: true
Windows Debug and Release	Check out Hazel and its pinned submodules	2026-10-01T12:57:20.9630873Z   fetch-depth: 1
Windows Debug and Release	Check out Hazel and its pinned submodules	2026-10-01T12:57:20.9631209Z   fetch-tags: false
Windows Debug and Release	Check out Hazel and its pinned submodules	2026-10-01T12:57:20.9631571Z   show-progress: true
Windows Debug and Release	Check out Hazel and its pinned submodules	2026-10-01T12:57:20.9631923Z   lfs: false
Windows Debug and Release	Check out Hazel and its pinned submodules	2026-10-01T12:57:20.9632294Z   set-safe-directory: true
Windows Debug and Release	Check out Hazel and its pinned submodules	2026-10-01T12:57:20.9632703Z   allow-unsafe-pr-checkout: false
Windows Debug and Release	Check out Hazel and its pinned submodules	2026-10-01T12:57:20.9633371Z ##[endgroup]
Windows Debug and Release	Check out Hazel and its pinned submodules	2026-10-01T12:57:21.1636300Z Syncing repository: cringlekaden/Hazel
Windows Debug and Release	Check out Hazel and its pinned submodules	2026-10-01T12:57:21.1637697Z ##[group]Getting Git version info
Windows Debug and Release	Check out Hazel and its pinned submodules	2026-10-01T12:57:21.1638161Z Working directory is 'D:\a\Hazel\Hazel'
Windows Debug and Release	Check out Hazel and its pinned submodules	2026-10-01T12:57:21.2891702Z [command]"C:\Program Files\Git\bin\git.exe" version
Windows Debug and Release	Check out Hazel and its pinned submodules	2026-10-01T12:57:21.6314492Z git version 2.55.0.windows.5
Windows Debug and Release	Check out Hazel and its pinned submodules	2026-10-01T12:57:21.6348462Z ##[endgroup]
Windows Debug and Release	Check out Hazel and its pinned submodules	2026-10-01T12:57:21.6365548Z Temporarily overriding HOME='D:\a\_temp\1dcff157-2751-45d1-be84-06e5f4a5eb68' before making global git config changes
Windows Debug and Release	Check out Hazel and its pinned submodules	2026-10-01T12:57:21.6367592Z Adding repository directory to the temporary git global config as a safe directory
Windows Debug and Release	Check out Hazel and its pinned submodules	2026-10-01T12:57:21.6374834Z [command]"C:\Program Files\Git\bin\git.exe" config --global --add safe.directory D:\a\Hazel\Hazel
Windows Debug and Release	Check out Hazel and its pinned submodules	2026-10-01T12:57:21.6841643Z Deleting the contents of 'D:\a\Hazel\Hazel'
Windows Debug and Release	Check out Hazel and its pinned submodules	2026-10-01T12:57:21.6846012Z ##[group]Initializing the repository
Windows Debug and Release	Check out Hazel and its pinned submodules	2026-10-01T12:57:21.6853406Z [command]"C:\Program Files\Git\bin\git.exe" init D:\a\Hazel\Hazel
Windows Debug and Release	Check out Hazel and its pinned submodules	2026-10-01T12:57:21.7879398Z Initialized empty Git repository in D:/a/Hazel/Hazel/.git/
Windows Debug and Release	Check out Hazel and its pinned submodules	2026-10-01T12:57:21.7916397Z [command]"C:\Program Files\Git\bin\git.exe" remote add origin https://github.com/cringlekaden/Hazel
Windows Debug and Release	Check out Hazel and its pinned submodules	2026-10-01T12:57:21.8779100Z ##[endgroup]
Windows Debug and Release	Check out Hazel and its pinned submodules	2026-10-01T12:57:21.8780597Z ##[group]Disabling automatic garbage collection
Windows Debug and Release	Check out Hazel and its pinned submodules	2026-10-01T12:57:21.8786059Z [command]"C:\Program Files\Git\bin\git.exe" config --local gc.auto 0
Windows Debug and Release	Check out Hazel and its pinned submodules	2026-10-01T12:57:21.8979751Z ##[endgroup]
Windows Debug and Release	Check out Hazel and its pinned submodules	2026-10-01T12:57:21.8981123Z ##[group]Setting up auth
Windows Debug and Release	Check out Hazel and its pinned submodules	2026-10-01T12:57:21.8989239Z [command]"C:\Program Files\Git\bin\git.exe" config --local --name-only --get-regexp core\.sshCommand
Windows Debug and Release	Check out Hazel and its pinned submodules	2026-10-01T12:57:21.9176162Z [command]"C:\Program Files\Git\bin\git.exe" submodule foreach --recursive "sh -c \"git config --local --name-only --get-regexp 'core\.sshCommand' && git config --local --unset-all 'core.sshCommand' || :\""
Windows Debug and Release	Check out Hazel and its pinned submodules	2026-10-01T12:57:23.4296988Z [command]"C:\Program Files\Git\bin\git.exe" config --local --name-only --get-regexp http\.https\:\/\/github\.com\/\.extraheader
Windows Debug and Release	Check out Hazel and its pinned submodules	2026-10-01T12:57:23.4477993Z [command]"C:\Program Files\Git\bin\git.exe" submodule foreach --recursive "sh -c \"git config --local --name-only --get-regexp 'http\.https\:\/\/github\.com\/\.extraheader' && git config --local --unset-all 'http.https://github.com/.extraheader' || :\""
Windows Debug and Release	Check out Hazel and its pinned submodules	2026-10-01T12:57:23.8036372Z [command]"C:\Program Files\Git\bin\git.exe" config --local --name-only --get-regexp ^includeIf\.gitdir:
Windows Debug and Release	Check out Hazel and its pinned submodules	2026-10-01T12:57:23.8207818Z [command]"C:\Program Files\Git\bin\git.exe" submodule foreach --recursive "git config --local --show-origin --name-only --get-regexp remote.origin.url"
Windows Debug and Release	Check out Hazel and its pinned submodules	2026-10-01T12:57:24.2042630Z [command]"C:\Program Files\Git\bin\git.exe" config --local http.https://github.com/.extraheader "AUTHORIZATION: basic ***"
Windows Debug and Release	Check out Hazel and its pinned submodules	2026-10-01T12:57:24.2224789Z ##[endgroup]
Windows Debug and Release	Check out Hazel and its pinned submodules	2026-10-01T12:57:24.2225518Z ##[group]Fetching the repository
Windows Debug and Release	Check out Hazel and its pinned submodules	2026-10-01T12:57:24.2235245Z [command]"C:\Program Files\Git\bin\git.exe" -c protocol.version=2 fetch --no-tags --prune --no-recurse-submodules --depth=1 origin +b0bc147b99f84a8c4f82b99a8adfc082761666d7:refs/remotes/origin/migration/upstream-1feb705
Windows Debug and Release	Check out Hazel and its pinned submodules	2026-10-01T12:57:25.6958477Z From https://github.com/cringlekaden/Hazel
Windows Debug and Release	Check out Hazel and its pinned submodules	2026-10-01T12:57:25.6961360Z  * [new ref]         b0bc147b99f84a8c4f82b99a8adfc082761666d7 -> origin/migration/upstream-1feb705
Windows Debug and Release	Check out Hazel and its pinned submodules	2026-10-01T12:57:25.6992175Z ##[endgroup]
Windows Debug and Release	Check out Hazel and its pinned submodules	2026-10-01T12:57:25.6992694Z ##[group]Determining the checkout info
Windows Debug and Release	Check out Hazel and its pinned submodules	2026-10-01T12:57:25.6994068Z ##[endgroup]
Windows Debug and Release	Check out Hazel and its pinned submodules	2026-10-01T12:57:25.7002005Z [command]"C:\Program Files\Git\bin\git.exe" sparse-checkout disable
Windows Debug and Release	Check out Hazel and its pinned submodules	2026-10-01T12:57:25.7332968Z [command]"C:\Program Files\Git\bin\git.exe" config --local --unset-all extensions.worktreeConfig
Windows Debug and Release	Check out Hazel and its pinned submodules	2026-10-01T12:57:25.7513115Z ##[group]Checking out the ref
Windows Debug and Release	Check out Hazel and its pinned submodules	2026-10-01T12:57:25.7519515Z [command]"C:\Program Files\Git\bin\git.exe" checkout --progress --force -B migration/upstream-1feb705 refs/remotes/origin/migration/upstream-1feb705
Windows Debug and Release	Check out Hazel and its pinned submodules	2026-10-01T12:57:25.8118887Z Switched to a new branch 'migration/upstream-1feb705'
Windows Debug and Release	Check out Hazel and its pinned submodules	2026-10-01T12:57:25.8222584Z branch 'migration/upstream-1feb705' set up to track 'origin/migration/upstream-1feb705'.
Windows Debug and Release	Check out Hazel and its pinned submodules	2026-10-01T12:57:25.8255364Z ##[endgroup]
Windows Debug and Release	Check out Hazel and its pinned submodules	2026-10-01T12:57:25.8255889Z ##[group]Setting up auth for fetching submodules
Windows Debug and Release	Check out Hazel and its pinned submodules	2026-10-01T12:57:25.8263969Z [command]"C:\Program Files\Git\bin\git.exe" config --global http.https://github.com/.extraheader "AUTHORIZATION: basic ***"
Windows Debug and Release	Check out Hazel and its pinned submodules	2026-10-01T12:57:25.8459463Z [command]"C:\Program Files\Git\bin\git.exe" config --global --unset-all url.https://github.com/.insteadOf
Windows Debug and Release	Check out Hazel and its pinned submodules	2026-10-01T12:57:25.8633268Z [command]"C:\Program Files\Git\bin\git.exe" config --global --add url.https://github.com/.insteadOf git@github.com:
Windows Debug and Release	Check out Hazel and its pinned submodules	2026-10-01T12:57:25.8805426Z [command]"C:\Program Files\Git\bin\git.exe" config --global --add url.https://github.com/.insteadOf org-175961457@github.com:
Windows Debug and Release	Check out Hazel and its pinned submodules	2026-10-01T12:57:25.8975867Z ##[endgroup]
Windows Debug and Release	Check out Hazel and its pinned submodules	2026-10-01T12:57:25.8976355Z ##[group]Fetching submodules
Windows Debug and Release	Check out Hazel and its pinned submodules	2026-10-01T12:57:25.8982585Z [command]"C:\Program Files\Git\bin\git.exe" submodule sync --recursive
Windows Debug and Release	Check out Hazel and its pinned submodules	2026-10-01T12:57:26.2614657Z [command]"C:\Program Files\Git\bin\git.exe" -c protocol.version=2 submodule update --init --force --depth=1 --recursive
Windows Debug and Release	Check out Hazel and its pinned submodules	2026-10-01T12:57:26.6308760Z Submodule 'Hazel/vendor/GLFW' (https://github.com/TheCherno/glfw) registered for path 'Hazel/vendor/GLFW'
Windows Debug and Release	Check out Hazel and its pinned submodules	2026-10-01T12:57:26.6316094Z Submodule 'Hazel/vendor/glm' (https://github.com/g-truc/glm.git) registered for path 'Hazel/vendor/glm'
Windows Debug and Release	Check out Hazel and its pinned submodules	2026-10-01T12:57:26.6326932Z Submodule 'Hazel/vendor/imgui' (https://github.com/ocornut/imgui.git) registered for path 'Hazel/vendor/imgui'
Windows Debug and Release	Check out Hazel and its pinned submodules	2026-10-01T12:57:26.6335853Z Submodule 'Hazel/vendor/spdlog' (https://github.com/gabime/spdlog) registered for path 'Hazel/vendor/spdlog'
Windows Debug and Release	Check out Hazel and its pinned submodules	2026-10-01T12:57:26.6612895Z Cloning into 'D:/a/Hazel/Hazel/Hazel/vendor/GLFW'...
Windows Debug and Release	Check out Hazel and its pinned submodules	2026-10-01T12:57:27.3331352Z Cloning into 'D:/a/Hazel/Hazel/Hazel/vendor/glm'...
Windows Debug and Release	Check out Hazel and its pinned submodules	2026-10-01T12:57:28.3182170Z Cloning into 'D:/a/Hazel/Hazel/Hazel/vendor/imgui'...
Windows Debug and Release	Check out Hazel and its pinned submodules	2026-10-01T12:57:29.1002196Z Cloning into 'D:/a/Hazel/Hazel/Hazel/vendor/spdlog'...
Windows Debug and Release	Check out Hazel and its pinned submodules	2026-10-01T12:57:29.8413629Z Submodule path 'Hazel/vendor/GLFW': checked out '026a148d7dd78d597de380c4e77ca0869f0ceaab'
Windows Debug and Release	Check out Hazel and its pinned submodules	2026-10-01T12:57:31.0440913Z From https://github.com/g-truc/glm
Windows Debug and Release	Check out Hazel and its pinned submodules	2026-10-01T12:57:31.0443770Z  * branch            8d1fd52e5ab5590e2c81768ace50c72bae28f2ed -> FETCH_HEAD
Windows Debug and Release	Check out Hazel and its pinned submodules	2026-10-01T12:57:31.2801192Z Submodule path 'Hazel/vendor/glm': checked out '8d1fd52e5ab5590e2c81768ace50c72bae28f2ed'
Windows Debug and Release	Check out Hazel and its pinned submodules	2026-10-01T12:57:32.6013453Z From https://github.com/ocornut/imgui
Windows Debug and Release	Check out Hazel and its pinned submodules	2026-10-01T12:57:32.6013964Z  * branch            e25e4526cd41cd6536194de098540d54244f54e9 -> FETCH_HEAD
Windows Debug and Release	Check out Hazel and its pinned submodules	2026-10-01T12:57:32.9618293Z Submodule path 'Hazel/vendor/imgui': checked out 'e25e4526cd41cd6536194de098540d54244f54e9'
Windows Debug and Release	Check out Hazel and its pinned submodules	2026-10-01T12:57:34.3198688Z From https://github.com/gabime/spdlog
Windows Debug and Release	Check out Hazel and its pinned submodules	2026-10-01T12:57:34.3199308Z  * branch            57cb5fb7a8ff30079751728234623230535a5c92 -> FETCH_HEAD
Windows Debug and Release	Check out Hazel and its pinned submodules	2026-10-01T12:57:34.3676419Z Submodule path 'Hazel/vendor/spdlog': checked out '57cb5fb7a8ff30079751728234623230535a5c92'
Windows Debug and Release	Check out Hazel and its pinned submodules	2026-10-01T12:57:34.3829383Z [command]"C:\Program Files\Git\bin\git.exe" submodule foreach --recursive "git config --local gc.auto 0"
Windows Debug and Release	Check out Hazel and its pinned submodules	2026-10-01T12:57:34.8418079Z Entering 'Hazel/vendor/GLFW'
Windows Debug and Release	Check out Hazel and its pinned submodules	2026-10-01T12:57:34.9245006Z Entering 'Hazel/vendor/glm'
Windows Debug and Release	Check out Hazel and its pinned submodules	2026-10-01T12:57:34.9571588Z Entering 'Hazel/vendor/imgui'
Windows Debug and Release	Check out Hazel and its pinned submodules	2026-10-01T12:57:34.9888345Z Entering 'Hazel/vendor/spdlog'
Windows Debug and Release	Check out Hazel and its pinned submodules	2026-10-01T12:57:35.0257077Z ##[endgroup]
Windows Debug and Release	Check out Hazel and its pinned submodules	2026-10-01T12:57:35.0257616Z ##[group]Persisting credentials for submodules
Windows Debug and Release	Check out Hazel and its pinned submodules	2026-10-01T12:57:35.0267013Z [command]"C:\Program Files\Git\bin\git.exe" submodule foreach --recursive "sh -c \"git config --local --name-only --get-regexp 'url\.https\:\/\/github\.com\/\.insteadOf' && git config --local --unset-all 'url.https://github.com/.insteadOf' || :\""
Windows Debug and Release	Check out Hazel and its pinned submodules	2026-10-01T12:57:35.4042612Z Entering 'Hazel/vendor/GLFW'
Windows Debug and Release	Check out Hazel and its pinned submodules	2026-10-01T12:57:35.5075787Z Entering 'Hazel/vendor/glm'
Windows Debug and Release	Check out Hazel and its pinned submodules	2026-10-01T12:57:35.5592495Z Entering 'Hazel/vendor/imgui'
Windows Debug and Release	Check out Hazel and its pinned submodules	2026-10-01T12:57:35.6091773Z Entering 'Hazel/vendor/spdlog'
Windows Debug and Release	Check out Hazel and its pinned submodules	2026-10-01T12:57:35.6665579Z [command]"C:\Program Files\Git\bin\git.exe" submodule foreach --recursive "sh -c \"git config --local 'http.https://github.com/.extraheader' 'AUTHORIZATION: basic ***' && git config --local --show-origin --name-only --get-regexp remote.origin.url\""
Windows Debug and Release	Check out Hazel and its pinned submodules	2026-10-01T12:57:36.0298817Z Entering 'Hazel/vendor/GLFW'
Windows Debug and Release	Check out Hazel and its pinned submodules	2026-10-01T12:57:36.0804196Z file:D:/a/Hazel/Hazel/.git/modules/Hazel/vendor/GLFW/config	remote.origin.url
Windows Debug and Release	Check out Hazel and its pinned submodules	2026-10-01T12:57:36.0912696Z Entering 'Hazel/vendor/glm'
Windows Debug and Release	Check out Hazel and its pinned submodules	2026-10-01T12:57:36.1413437Z file:D:/a/Hazel/Hazel/.git/modules/Hazel/vendor/glm/config	remote.origin.url
Windows Debug and Release	Check out Hazel and its pinned submodules	2026-10-01T12:57:36.1522336Z Entering 'Hazel/vendor/imgui'
Windows Debug and Release	Check out Hazel and its pinned submodules	2026-10-01T12:57:36.2007647Z file:D:/a/Hazel/Hazel/.git/modules/Hazel/vendor/imgui/config	remote.origin.url
Windows Debug and Release	Check out Hazel and its pinned submodules	2026-10-01T12:57:36.2123661Z Entering 'Hazel/vendor/spdlog'
Windows Debug and Release	Check out Hazel and its pinned submodules	2026-10-01T12:57:36.2613786Z file:D:/a/Hazel/Hazel/.git/modules/Hazel/vendor/spdlog/config	remote.origin.url
Windows Debug and Release	Check out Hazel and its pinned submodules	2026-10-01T12:57:36.2821282Z [command]"C:\Program Files\Git\bin\git.exe" submodule foreach --recursive "git config --local --add 'url.https://github.com/.insteadOf' 'git@github.com:'"
Windows Debug and Release	Check out Hazel and its pinned submodules	2026-10-01T12:57:36.7958130Z Entering 'Hazel/vendor/GLFW'
Windows Debug and Release	Check out Hazel and its pinned submodules	2026-10-01T12:57:36.8286290Z Entering 'Hazel/vendor/glm'
Windows Debug and Release	Check out Hazel and its pinned submodules	2026-10-01T12:57:36.8607344Z Entering 'Hazel/vendor/imgui'
Windows Debug and Release	Check out Hazel and its pinned submodules	2026-10-01T12:57:36.8926855Z Entering 'Hazel/vendor/spdlog'
Windows Debug and Release	Check out Hazel and its pinned submodules	2026-10-01T12:57:36.9300154Z [command]"C:\Program Files\Git\bin\git.exe" submodule foreach --recursive "git config --local --add 'url.https://github.com/.insteadOf' 'org-175961457@github.com:'"
Windows Debug and Release	Check out Hazel and its pinned submodules	2026-10-01T12:57:37.2905112Z Entering 'Hazel/vendor/GLFW'
Windows Debug and Release	Check out Hazel and its pinned submodules	2026-10-01T12:57:37.3239036Z Entering 'Hazel/vendor/glm'
Windows Debug and Release	Check out Hazel and its pinned submodules	2026-10-01T12:57:37.3562232Z Entering 'Hazel/vendor/imgui'
Windows Debug and Release	Check out Hazel and its pinned submodules	2026-10-01T12:57:37.3877276Z Entering 'Hazel/vendor/spdlog'
Windows Debug and Release	Check out Hazel and its pinned submodules	2026-10-01T12:57:37.4244760Z ##[endgroup]
Windows Debug and Release	Check out Hazel and its pinned submodules	2026-10-01T12:57:37.5392878Z [command]"C:\Program Files\Git\bin\git.exe" log -1 --format=%H
Windows Debug and Release	Check out Hazel and its pinned submodules	2026-10-01T12:57:37.5566065Z b0bc147b99f84a8c4f82b99a8adfc082761666d7
Windows Debug and Release	Build a compatible Premake 5	﻿2026-10-01T12:57:37.5876074Z ##[group]Run git clone --filter=blob:none https://github.com/premake/premake-core.git "%RUNNER_TEMP%\premake-core"
Windows Debug and Release	Build a compatible Premake 5	2026-10-01T12:57:37.5877024Z ^[[36;1mgit clone --filter=blob:none https://github.com/premake/premake-core.git "%RUNNER_TEMP%\premake-core"^[[0m
Windows Debug and Release	Build a compatible Premake 5	2026-10-01T12:57:37.5877450Z ^[[36;1mif errorlevel 1 exit /b 1^[[0m
Windows Debug and Release	Build a compatible Premake 5	2026-10-01T12:57:37.5877885Z ^[[36;1mgit -C "%RUNNER_TEMP%\premake-core" checkout --detach 71f2d33946947e9cf704f00c24200381e360f593^[[0m
Windows Debug and Release	Build a compatible Premake 5	2026-10-01T12:57:37.5878280Z ^[[36;1mif errorlevel 1 exit /b 1^[[0m
Windows Debug and Release	Build a compatible Premake 5	2026-10-01T12:57:37.5878542Z ^[[36;1mcd /d "%RUNNER_TEMP%\premake-core"^[[0m
Windows Debug and Release	Build a compatible Premake 5	2026-10-01T12:57:37.5878890Z ^[[36;1mcall Bootstrap.bat vs2022 "PREMAKE_OPTS=--curl-src=none"^[[0m
Windows Debug and Release	Build a compatible Premake 5	2026-10-01T12:57:37.5879256Z ^[[36;1mif errorlevel 1 exit /b 1^[[0m
Windows Debug and Release	Build a compatible Premake 5	2026-10-01T12:57:37.5879588Z ^[[36;1mecho %RUNNER_TEMP%\premake-core\bin\release>>"%GITHUB_PATH%"^[[0m
Windows Debug and Release	Build a compatible Premake 5	2026-10-01T12:57:37.5896399Z shell: C:\Windows\system32\cmd.EXE /D /E:ON /V:OFF /S /C "CALL "{0}""
Windows Debug and Release	Build a compatible Premake 5	2026-10-01T12:57:37.5896737Z ##[endgroup]
Windows Debug and Release	Build a compatible Premake 5	2026-10-01T12:57:37.6156575Z Cloning into 'D:\a\_temp\premake-core'...
Windows Debug and Release	Build a compatible Premake 5	2026-10-01T12:57:40.4856902Z Updating files:   0% (1/2660)
Windows Debug and Release	Build a compatible Premake 5	2026-10-01T12:57:40.4903341Z Updating files:   1% (27/2660)
Windows Debug and Release	Build a compatible Premake 5	2026-10-01T12:57:40.4929434Z Updating files:   2% (54/2660)
Windows Debug and Release	Build a compatible Premake 5	2026-10-01T12:57:40.4949973Z Updating files:   3% (80/2660)
Windows Debug and Release	Build a compatible Premake 5	2026-10-01T12:57:40.4973755Z Updating files:   4% (107/2660)
Windows Debug and Release	Build a compatible Premake 5	2026-10-01T12:57:40.4999149Z Updating files:   5% (133/2660)
Windows Debug and Release	Build a compatible Premake 5	2026-10-01T12:57:40.5032539Z Updating files:   6% (160/2660)
Windows Debug and Release	Build a compatible Premake 5	2026-10-01T12:57:40.5060664Z Updating files:   7% (187/2660)
Windows Debug and Release	Build a compatible Premake 5	2026-10-01T12:57:40.5096515Z Updating files:   8% (213/2660)
Windows Debug and Release	Build a compatible Premake 5	2026-10-01T12:57:40.5140180Z Updating files:   9% (240/2660)
Windows Debug and Release	Build a compatible Premake 5	2026-10-01T12:57:40.5167920Z Updating files:  10% (266/2660)
Windows Debug and Release	Build a compatible Premake 5	2026-10-01T12:57:40.5208844Z Updating files:  11% (293/2660)
Windows Debug and Release	Build a compatible Premake 5	2026-10-01T12:57:40.5249392Z Updating files:  12% (320/2660)
Windows Debug and Release	Build a compatible Premake 5	2026-10-01T12:57:40.5305440Z Updating files:  13% (346/2660)
Windows Debug and Release	Build a compatible Premake 5	2026-10-01T12:57:40.5336389Z Updating files:  14% (373/2660)
Windows Debug and Release	Build a compatible Premake 5	2026-10-01T12:57:40.5383889Z Updating files:  15% (399/2660)
Windows Debug and Release	Build a compatible Premake 5	2026-10-01T12:57:40.5421920Z Updating files:  16% (426/2660)
Windows Debug and Release	Build a compatible Premake 5	2026-10-01T12:57:40.5450735Z Updating files:  17% (453/2660)
Windows Debug and Release	Build a compatible Premake 5	2026-10-01T12:57:40.5495812Z Updating files:  18% (479/2660)
Windows Debug and Release	Build a compatible Premake 5	2026-10-01T12:57:40.5542497Z Updating files:  19% (506/2660)
Windows Debug and Release	Build a compatible Premake 5	2026-10-01T12:57:40.5609877Z Updating files:  20% (532/2660)
Windows Debug and Release	Build a compatible Premake 5	2026-10-01T12:57:40.5661304Z Updating files:  21% (559/2660)
Windows Debug and Release	Build a compatible Premake 5	2026-10-01T12:57:40.5682861Z Updating files:  22% (586/2660)
Windows Debug and Release	Build a compatible Premake 5	2026-10-01T12:57:40.5708177Z Updating files:  23% (612/2660)
Windows Debug and Release	Build a compatible Premake 5	2026-10-01T12:57:40.5737165Z Updating files:  24% (639/2660)
Windows Debug and Release	Build a compatible Premake 5	2026-10-01T12:57:40.5807596Z Updating files:  25% (665/2660)
Windows Debug and Release	Build a compatible Premake 5	2026-10-01T12:57:40.5848851Z Updating files:  26% (692/2660)
Windows Debug and Release	Build a compatible Premake 5	2026-10-01T12:57:40.5888401Z Updating files:  27% (719/2660)
Windows Debug and Release	Build a compatible Premake 5	2026-10-01T12:57:40.5916769Z Updating files:  28% (745/2660)
Windows Debug and Release	Build a compatible Premake 5	2026-10-01T12:57:40.5984335Z Updating files:  29% (772/2660)
Windows Debug and Release	Build a compatible Premake 5	2026-10-01T12:57:40.6018177Z Updating files:  30% (798/2660)
Windows Debug and Release	Build a compatible Premake 5	2026-10-01T12:57:40.6077780Z Updating files:  31% (825/2660)
Windows Debug and Release	Build a compatible Premake 5	2026-10-01T12:57:40.6122097Z Updating files:  32% (852/2660)
Windows Debug and Release	Build a compatible Premake 5	2026-10-01T12:57:40.6165948Z Updating files:  33% (878/2660)
Windows Debug and Release	Build a compatible Premake 5	2026-10-01T12:57:40.6212453Z Updating files:  34% (905/2660)
Windows Debug and Release	Build a compatible Premake 5	2026-10-01T12:57:40.6415043Z Updating files:  35% (931/2660)
Windows Debug and Release	Build a compatible Premake 5	2026-10-01T12:57:40.6478845Z Updating files:  36% (958/2660)
Windows Debug and Release	Build a compatible Premake 5	2026-10-01T12:57:40.6522662Z Updating files:  37% (985/2660)
Windows Debug and Release	Build a compatible Premake 5	2026-10-01T12:57:40.6607084Z Updating files:  38% (1011/2660)
Windows Debug and Release	Build a compatible Premake 5	2026-10-01T12:57:40.6664844Z Updating files:  39% (1038/2660)
Windows Debug and Release	Build a compatible Premake 5	2026-10-01T12:57:40.6715575Z Updating files:  40% (1064/2660)
Windows Debug and Release	Build a compatible Premake 5	2026-10-01T12:57:40.6770787Z Updating files:  41% (1091/2660)
Windows Debug and Release	Build a compatible Premake 5	2026-10-01T12:57:40.6882909Z Updating files:  42% (1118/2660)
Windows Debug and Release	Build a compatible Premake 5	2026-10-01T12:57:40.6910529Z Updating files:  43% (1144/2660)
Windows Debug and Release	Build a compatible Premake 5	2026-10-01T12:57:40.6931733Z Updating files:  44% (1171/2660)
Windows Debug and Release	Build a compatible Premake 5	2026-10-01T12:57:40.6962204Z Updating files:  45% (1197/2660)
Windows Debug and Release	Build a compatible Premake 5	2026-10-01T12:57:40.7018520Z Updating files:  46% (1224/2660)
Windows Debug and Release	Build a compatible Premake 5	2026-10-01T12:57:40.7065606Z Updating files:  47% (1251/2660)
Windows Debug and Release	Build a compatible Premake 5	2026-10-01T12:57:40.7097911Z Updating files:  48% (1277/2660)
Windows Debug and Release	Build a compatible Premake 5	2026-10-01T12:57:40.7125586Z Updating files:  49% (1304/2660)
Windows Debug and Release	Build a compatible Premake 5	2026-10-01T12:57:40.7145967Z Updating files:  50% (1330/2660)
Windows Debug and Release	Build a compatible Premake 5	2026-10-01T12:57:40.7251365Z Updating files:  51% (1357/2660)
Windows Debug and Release	Build a compatible Premake 5	2026-10-01T12:57:40.7309330Z Updating files:  52% (1384/2660)
Windows Debug and Release	Build a compatible Premake 5	2026-10-01T12:57:40.7585862Z Updating files:  53% (1410/2660)
Windows Debug and Release	Build a compatible Premake 5	2026-10-01T12:57:40.7678158Z Updating files:  54% (1437/2660)
Windows Debug and Release	Build a compatible Premake 5	2026-10-01T12:57:40.7726757Z Updating files:  55% (1463/2660)
Windows Debug and Release	Build a compatible Premake 5	2026-10-01T12:57:40.7898936Z Updating files:  56% (1490/2660)
Windows Debug and Release	Build a compatible Premake 5	2026-10-01T12:57:40.7960266Z Updating files:  57% (1517/2660)
Windows Debug and Release	Build a compatible Premake 5	2026-10-01T12:57:40.8092868Z Updating files:  58% (1543/2660)
Windows Debug and Release	Build a compatible Premake 5	2026-10-01T12:57:40.8272782Z Updating files:  59% (1570/2660)
Windows Debug and Release	Build a compatible Premake 5	2026-10-01T12:57:40.8461861Z Updating files:  60% (1596/2660)
Windows Debug and Release	Build a compatible Premake 5	2026-10-01T12:57:40.8502791Z Updating files:  61% (1623/2660)
Windows Debug and Release	Build a compatible Premake 5	2026-10-01T12:57:40.8524255Z Updating files:  62% (1650/2660)
Windows Debug and Release	Build a compatible Premake 5	2026-10-01T12:57:40.8584139Z Updating files:  63% (1676/2660)
Windows Debug and Release	Build a compatible Premake 5	2026-10-01T12:57:40.8624328Z Updating files:  64% (1703/2660)
Windows Debug and Release	Build a compatible Premake 5	2026-10-01T12:57:40.8651672Z Updating files:  65% (1729/2660)
Windows Debug and Release	Build a compatible Premake 5	2026-10-01T12:57:40.8679072Z Updating files:  66% (1756/2660)
Windows Debug and Release	Build a compatible Premake 5	2026-10-01T12:57:40.8700626Z Updating files:  67% (1783/2660)
Windows Debug and Release	Build a compatible Premake 5	2026-10-01T12:57:40.8727256Z Updating files:  68% (1809/2660)
Windows Debug and Release	Build a compatible Premake 5	2026-10-01T12:57:40.8748952Z Updating files:  69% (1836/2660)
Windows Debug and Release	Build a compatible Premake 5	2026-10-01T12:57:40.8779262Z Updating files:  70% (1862/2660)
Windows Debug and Release	Build a compatible Premake 5	2026-10-01T12:57:40.8803032Z Updating files:  71% (1889/2660)
Windows Debug and Release	Build a compatible Premake 5	2026-10-01T12:57:40.8823764Z Updating files:  72% (1916/2660)
Windows Debug and Release	Build a compatible Premake 5	2026-10-01T12:57:40.8855631Z Updating files:  73% (1942/2660)
Windows Debug and Release	Build a compatible Premake 5	2026-10-01T12:57:40.8890678Z Updating files:  74% (1969/2660)
Windows Debug and Release	Build a compatible Premake 5	2026-10-01T12:57:40.8922249Z Updating files:  75% (1995/2660)
Windows Debug and Release	Build a compatible Premake 5	2026-10-01T12:57:40.8950570Z Updating files:  76% (2022/2660)
Windows Debug and Release	Build a compatible Premake 5	2026-10-01T12:57:40.8969243Z Updating files:  77% (2049/2660)
Windows Debug and Release	Build a compatible Premake 5	2026-10-01T12:57:40.8993043Z Updating files:  78% (2075/2660)
Windows Debug and Release	Build a compatible Premake 5	2026-10-01T12:57:40.9016392Z Updating files:  79% (2102/2660)
Windows Debug and Release	Build a compatible Premake 5	2026-10-01T12:57:40.9037428Z Updating files:  80% (2128/2660)
Windows Debug and Release	Build a compatible Premake 5	2026-10-01T12:57:40.9058636Z Updating files:  81% (2155/2660)
Windows Debug and Release	Build a compatible Premake 5	2026-10-01T12:57:40.9083891Z Updating files:  82% (2182/2660)
Windows Debug and Release	Build a compatible Premake 5	2026-10-01T12:57:40.9110510Z Updating files:  83% (2208/2660)
Windows Debug and Release	Build a compatible Premake 5	2026-10-01T12:57:40.9134942Z Updating files:  84% (2235/2660)
Windows Debug and Release	Build a compatible Premake 5	2026-10-01T12:57:40.9151883Z Updating files:  85% (2261/2660)
Windows Debug and Release	Build a compatible Premake 5	2026-10-01T12:57:40.9168410Z Updating files:  86% (2288/2660)
Windows Debug and Release	Build a compatible Premake 5	2026-10-01T12:57:40.9186580Z Updating files:  87% (2315/2660)
Windows Debug and Release	Build a compatible Premake 5	2026-10-01T12:57:40.9204912Z Updating files:  88% (2341/2660)
Windows Debug and Release	Build a compatible Premake 5	2026-10-01T12:57:40.9220806Z Updating files:  89% (2368/2660)
Windows Debug and Release	Build a compatible Premake 5	2026-10-01T12:57:40.9222401Z Updating files:  89% (2392/2660)
Windows Debug and Release	Build a compatible Premake 5	2026-10-01T12:57:40.9239323Z Updating files:  90% (2394/2660)
Windows Debug and Release	Build a compatible Premake 5	2026-10-01T12:57:40.9257302Z Updating files:  91% (2421/2660)
Windows Debug and Release	Build a compatible Premake 5	2026-10-01T12:57:40.9276261Z Updating files:  92% (2448/2660)
Windows Debug and Release	Build a compatible Premake 5	2026-10-01T12:57:40.9293111Z Updating files:  93% (2474/2660)
Windows Debug and Release	Build a compatible Premake 5	2026-10-01T12:57:40.9308477Z Updating files:  94% (2501/2660)
Windows Debug and Release	Build a compatible Premake 5	2026-10-01T12:57:40.9323664Z Updating files:  95% (2527/2660)
Windows Debug and Release	Build a compatible Premake 5	2026-10-01T12:57:40.9340134Z Updating files:  96% (2554/2660)
Windows Debug and Release	Build a compatible Premake 5	2026-10-01T12:57:40.9356373Z Updating files:  97% (2581/2660)
Windows Debug and Release	Build a compatible Premake 5	2026-10-01T12:57:40.9374507Z Updating files:  98% (2607/2660)
Windows Debug and Release	Build a compatible Premake 5	2026-10-01T12:57:40.9404960Z Updating files:  99% (2634/2660)
Windows Debug and Release	Build a compatible Premake 5	2026-10-01T12:57:40.9405277Z Updating files: 100% (2660/2660)
Windows Debug and Release	Build a compatible Premake 5	2026-10-01T12:57:40.9405904Z Updating files: 100% (2660/2660), done.
Windows Debug and Release	Build a compatible Premake 5	2026-10-01T12:57:42.0151087Z HEAD is now at 71f2d339 Fix annoying warning about `-fvisibility-inlines-hidden` being passed to C files with GCC. (#2808)
Windows Debug and Release	Build a compatible Premake 5	2026-10-01T12:57:42.9769215Z **********************************************************************
Windows Debug and Release	Build a compatible Premake 5	2026-10-01T12:57:42.9769788Z ** Visual Studio 2022 Developer Command Prompt v17.14.41
Windows Debug and Release	Build a compatible Premake 5	2026-10-01T12:57:42.9770205Z ** Copyright (c) 2025 Microsoft Corporation
Windows Debug and Release	Build a compatible Premake 5	2026-10-01T12:57:42.9770481Z **********************************************************************
Windows Debug and Release	Build a compatible Premake 5	2026-10-01T12:57:47.0137662Z [vcvarsall.bat] Environment initialized for: 'x64'
Windows Debug and Release	Build a compatible Premake 5	2026-10-01T12:57:47.3348185Z 
Windows Debug and Release	Build a compatible Premake 5	2026-10-01T12:57:47.3603609Z Microsoft (R) Program Maintenance Utility Version 14.44.35229.0
Windows Debug and Release	Build a compatible Premake 5	2026-10-01T12:57:47.3604568Z Copyright (C) Microsoft Corporation.  All rights reserved.
Windows Debug and Release	Build a compatible Premake 5	2026-10-01T12:57:47.3604839Z 
Windows Debug and Release	Build a compatible Premake 5	2026-10-01T12:57:47.3616842Z 	 if exist .\bin rmdir /s /q .\bin
Windows Debug and Release	Build a compatible Premake 5	2026-10-01T12:57:47.3815615Z 	 if exist .\build rmdir /s /q .\build
Windows Debug and Release	Build a compatible Premake 5	2026-10-01T12:57:47.3940814Z 	 if exist .\obj rmdir /s /q .\obj
Windows Debug and Release	Build a compatible Premake 5	2026-10-01T12:57:47.4065265Z 	if not exist build\bootstrap (mkdir build\bootstrap)
Windows Debug and Release	Build a compatible Premake 5	2026-10-01T12:57:47.4191617Z 	cl /Fo.\build\bootstrap\ /Fe.\build\bootstrap\premake_bootstrap.exe /DPREMAKE_NO_BUILTIN_SCRIPTS /DLUA_STATICLIB /DUNICODE /D_UNICODE /I"contrib/lua/src" /I"contrib/luashim" user32.lib ole32.lib advapi32.lib src/host/*.c			 contrib/lua/src/lapi.c		 contrib/lua/src/lauxlib.c	 contrib/lua/src/lbaselib.c	 contrib/lua/src/lbitlib.c	 contrib/lua/src/lcode.c		 contrib/lua/src/lcorolib.c	 contrib/lua/src/lctype.c		 contrib/lua/src/ldblib.c		 contrib/lua/src/ldebug.c		 contrib/lua/src/ldo.c		 contrib/lua/src/ldump.c		 contrib/lua/src/lfunc.c		 contrib/lua/src/lgc.c		 contrib/lua/src/linit.c		 contrib/lua/src/liolib.c		 contrib/lua/src/llex.c		 contrib/lua/src/lmathlib.c	 contrib/lua/src/lmem.c		 contrib/lua/src/loadlib.c	 contrib/lua/src/lobject.c	 contrib/lua/src/lopcodes.c	 contrib/lua/src/loslib.c		 contrib/lua/src/lparser.c	 contrib/lua/src/lstate.c		 contrib/lua/src/lstring.c	 contrib/lua/src/lstrlib.c	 contrib/lua/src/ltable.c		 contrib/lua/src/ltablib.c	 contrib/lua/src/ltm.c		 contrib/lua/src/lundump.c	 contrib/lua/src/lutf8lib.c	 contrib/lua/src/lvm.c		 contrib/lua/src/lzio.c
Windows Debug and Release	Build a compatible Premake 5	2026-10-01T12:57:48.1770263Z Microsoft (R) C/C++ Optimizing Compiler Version 19.44.35229 for x64
Windows Debug and Release	Build a compatible Premake 5	2026-10-01T12:57:48.1770947Z Copyright (C) Microsoft Corporation.  All rights reserved.
Windows Debug and Release	Build a compatible Premake 5	2026-10-01T12:57:48.1771214Z 
Windows Debug and Release	Build a compatible Premake 5	2026-10-01T12:57:48.2051543Z buffered_io.c
Windows Debug and Release	Build a compatible Premake 5	2026-10-01T12:57:58.1357108Z criteria_matches.c
Windows Debug and Release	Build a compatible Premake 5	2026-10-01T12:57:58.2267543Z curl_utils.c
Windows Debug and Release	Build a compatible Premake 5	2026-10-01T12:57:58.2324088Z debug_prompt.c
Windows Debug and Release	Build a compatible Premake 5	2026-10-01T12:57:58.4184470Z http_download.c
Windows Debug and Release	Build a compatible Premake 5	2026-10-01T12:57:58.5084892Z http_get.c
Windows Debug and Release	Build a compatible Premake 5	2026-10-01T12:57:58.5981900Z http_post.c
Windows Debug and Release	Build a compatible Premake 5	2026-10-01T12:57:58.6980285Z lua_auxlib.c
Windows Debug and Release	Build a compatible Premake 5	2026-10-01T12:57:58.7991968Z os_chdir.c
Windows Debug and Release	Build a compatible Premake 5	2026-10-01T12:57:58.9139318Z os_chmod.c
Windows Debug and Release	Build a compatible Premake 5	2026-10-01T12:57:59.0127355Z os_comparefiles.c
Windows Debug and Release	Build a compatible Premake 5	2026-10-01T12:57:59.1109546Z os_compile.c
Windows Debug and Release	Build a compatible Premake 5	2026-10-01T12:57:59.2130344Z os_copyfile.c
Windows Debug and Release	Build a compatible Premake 5	2026-10-01T12:57:59.3142264Z os_getcwd.c
Windows Debug and Release	Build a compatible Premake 5	2026-10-01T12:57:59.4131123Z os_getnumcpus.c
Windows Debug and Release	Build a compatible Premake 5	2026-10-01T12:57:59.5117047Z os_getpass.c
Windows Debug and Release	Build a compatible Premake 5	2026-10-01T12:57:59.6131590Z os_getversion.c
Windows Debug and Release	Build a compatible Premake 5	2026-10-01T12:57:59.7120842Z os_getWindowsRegistry.c
Windows Debug and Release	Build a compatible Premake 5	2026-10-01T12:57:59.8108497Z os_host.c
Windows Debug and Release	Build a compatible Premake 5	2026-10-01T12:57:59.9085417Z os_hostarch.c
Windows Debug and Release	Build a compatible Premake 5	2026-10-01T12:58:00.0116717Z Generating Code...
Windows Debug and Release	Build a compatible Premake 5	2026-10-01T12:58:00.8368003Z Compiling...
Windows Debug and Release	Build a compatible Premake 5	2026-10-01T12:58:00.8368439Z os_is64bit.c
Windows Debug and Release	Build a compatible Premake 5	2026-10-01T12:58:00.9256998Z os_isdir.c
Windows Debug and Release	Build a compatible Premake 5	2026-10-01T12:58:01.0155087Z os_isfile.c
Windows Debug and Release	Build a compatible Premake 5	2026-10-01T12:58:01.1048262Z os_islink.c
Windows Debug and Release	Build a compatible Premake 5	2026-10-01T12:58:01.1933675Z os_linkdir.c
Windows Debug and Release	Build a compatible Premake 5	2026-10-01T12:58:01.2807271Z os_linkfile.c
Windows Debug and Release	Build a compatible Premake 5	2026-10-01T12:58:01.3698696Z os_listWindowsRegistry.c
Windows Debug and Release	Build a compatible Premake 5	2026-10-01T12:58:01.4589410Z os_locate.c
Windows Debug and Release	Build a compatible Premake 5	2026-10-01T12:58:01.5507900Z os_match.c
Windows Debug and Release	Build a compatible Premake 5	2026-10-01T12:58:01.6463851Z os_mkdir.c
Windows Debug and Release	Build a compatible Premake 5	2026-10-01T12:58:02.0307193Z os_pathsearch.c
Windows Debug and Release	Build a compatible Premake 5	2026-10-01T12:58:02.1272906Z os_realpath.c
Windows Debug and Release	Build a compatible Premake 5	2026-10-01T12:58:02.2252374Z os_remove.c
Windows Debug and Release	Build a compatible Premake 5	2026-10-01T12:58:02.3211012Z os_rename.c
Windows Debug and Release	Build a compatible Premake 5	2026-10-01T12:58:02.4148324Z os_rmdir.c
Windows Debug and Release	Build a compatible Premake 5	2026-10-01T12:58:02.5142056Z os_stat.c
Windows Debug and Release	Build a compatible Premake 5	2026-10-01T12:58:02.6131195Z os_touchfile.c
Windows Debug and Release	Build a compatible Premake 5	2026-10-01T12:58:02.7147052Z os_uuid.c
Windows Debug and Release	Build a compatible Premake 5	2026-10-01T12:58:03.1499434Z os_writefile_ifnotequal.c
Windows Debug and Release	Build a compatible Premake 5	2026-10-01T12:58:03.2478283Z path_getabsolute.c
Windows Debug and Release	Build a compatible Premake 5	2026-10-01T12:58:03.3441715Z Generating Code...
Windows Debug and Release	Build a compatible Premake 5	2026-10-01T12:58:03.3936468Z Compiling...
Windows Debug and Release	Build a compatible Premake 5	2026-10-01T12:58:03.3936992Z path_getrelative.c
Windows Debug and Release	Build a compatible Premake 5	2026-10-01T12:58:03.4908799Z path_isabsolute.c
Windows Debug and Release	Build a compatible Premake 5	2026-10-01T12:58:03.5883881Z path_join.c
Windows Debug and Release	Build a compatible Premake 5	2026-10-01T12:58:03.6854820Z path_normalize.c
Windows Debug and Release	Build a compatible Premake 5	2026-10-01T12:58:03.7837827Z path_translate.c
Windows Debug and Release	Build a compatible Premake 5	2026-10-01T12:58:03.8808063Z path_wildcards.c
Windows Debug and Release	Build a compatible Premake 5	2026-10-01T12:58:03.9788468Z premake.c
Windows Debug and Release	Build a compatible Premake 5	2026-10-01T12:58:04.0783485Z premake_main.c
Windows Debug and Release	Build a compatible Premake 5	2026-10-01T12:58:04.2309857Z string_endswith.c
Windows Debug and Release	Build a compatible Premake 5	2026-10-01T12:58:04.3331749Z string_hash.c
Windows Debug and Release	Build a compatible Premake 5	2026-10-01T12:58:04.4307289Z string_sha1.c
Windows Debug and Release	Build a compatible Premake 5	2026-10-01T12:58:04.5308257Z string_startswith.c
Windows Debug and Release	Build a compatible Premake 5	2026-10-01T12:58:04.6287477Z term_textColor.c
Windows Debug and Release	Build a compatible Premake 5	2026-10-01T12:58:04.7261463Z zip_extract.c
Windows Debug and Release	Build a compatible Premake 5	2026-10-01T12:58:04.8255454Z zip_list.c
Windows Debug and Release	Build a compatible Premake 5	2026-10-01T12:58:04.9239138Z lapi.c
Windows Debug and Release	Build a compatible Premake 5	2026-10-01T12:58:04.9411302Z lauxlib.c
Windows Debug and Release	Build a compatible Premake 5	2026-10-01T12:58:06.2488974Z lbaselib.c
Windows Debug and Release	Build a compatible Premake 5	2026-10-01T12:58:06.2677535Z lbitlib.c
Windows Debug and Release	Build a compatible Premake 5	2026-10-01T12:58:06.2812640Z lcode.c
Windows Debug and Release	Build a compatible Premake 5	2026-10-01T12:58:06.3067993Z Generating Code...
Windows Debug and Release	Build a compatible Premake 5	2026-10-01T12:58:06.4858742Z Compiling...
Windows Debug and Release	Build a compatible Premake 5	2026-10-01T12:58:06.4859103Z lcorolib.c
Windows Debug and Release	Build a compatible Premake 5	2026-10-01T12:58:06.5006330Z lctype.c
Windows Debug and Release	Build a compatible Premake 5	2026-10-01T12:58:06.5090857Z ldblib.c
Windows Debug and Release	Build a compatible Premake 5	2026-10-01T12:58:06.5263211Z ldebug.c
Windows Debug and Release	Build a compatible Premake 5	2026-10-01T12:58:06.5396963Z ldo.c
Windows Debug and Release	Build a compatible Premake 5	2026-10-01T12:58:06.5547303Z ldump.c
Windows Debug and Release	Build a compatible Premake 5	2026-10-01T12:58:06.5639259Z lfunc.c
Windows Debug and Release	Build a compatible Premake 5	2026-10-01T12:58:06.5732175Z lgc.c
Windows Debug and Release	Build a compatible Premake 5	2026-10-01T12:58:06.5869401Z linit.c
Windows Debug and Release	Build a compatible Premake 5	2026-10-01T12:58:06.5994775Z liolib.c
Windows Debug and Release	Build a compatible Premake 5	2026-10-01T12:58:06.7292426Z llex.c
Windows Debug and Release	Build a compatible Premake 5	2026-10-01T12:58:06.7425298Z lmathlib.c
Windows Debug and Release	Build a compatible Premake 5	2026-10-01T12:58:06.7586966Z lmem.c
Windows Debug and Release	Build a compatible Premake 5	2026-10-01T12:58:06.7680210Z loadlib.c
Windows Debug and Release	Build a compatible Premake 5	2026-10-01T12:58:06.8925169Z lobject.c
Windows Debug and Release	Build a compatible Premake 5	2026-10-01T12:58:06.9120132Z lopcodes.c
Windows Debug and Release	Build a compatible Premake 5	2026-10-01T12:58:06.9207636Z loslib.c
Windows Debug and Release	Build a compatible Premake 5	2026-10-01T12:58:06.9604921Z lparser.c
Windows Debug and Release	Build a compatible Premake 5	2026-10-01T12:58:06.9756327Z lstate.c
Windows Debug and Release	Build a compatible Premake 5	2026-10-01T12:58:06.9883663Z lstring.c
Windows Debug and Release	Build a compatible Premake 5	2026-10-01T12:58:06.9997176Z Generating Code...
Windows Debug and Release	Build a compatible Premake 5	2026-10-01T12:58:07.0693340Z Compiling...
Windows Debug and Release	Build a compatible Premake 5	2026-10-01T12:58:07.0693701Z lstrlib.c
Windows Debug and Release	Build a compatible Premake 5	2026-10-01T12:58:07.0930586Z ltable.c
Windows Debug and Release	Build a compatible Premake 5	2026-10-01T12:58:07.1053822Z ltablib.c
Windows Debug and Release	Build a compatible Premake 5	2026-10-01T12:58:07.1212333Z ltm.c
Windows Debug and Release	Build a compatible Premake 5	2026-10-01T12:58:07.1326228Z lundump.c
Windows Debug and Release	Build a compatible Premake 5	2026-10-01T12:58:07.1442899Z lutf8lib.c
Windows Debug and Release	Build a compatible Premake 5	2026-10-01T12:58:07.1604982Z lvm.c
Windows Debug and Release	Build a compatible Premake 5	2026-10-01T12:58:07.1857151Z lzio.c
Windows Debug and Release	Build a compatible Premake 5	2026-10-01T12:58:07.1960369Z Generating Code...
Windows Debug and Release	Build a compatible Premake 5	2026-10-01T12:58:07.6121178Z Microsoft (R) Incremental Linker Version 14.44.35229.0
Windows Debug and Release	Build a compatible Premake 5	2026-10-01T12:58:07.6121826Z Copyright (C) Microsoft Corporation.  All rights reserved.
Windows Debug and Release	Build a compatible Premake 5	2026-10-01T12:58:07.6122505Z 
Windows Debug and Release	Build a compatible Premake 5	2026-10-01T12:58:07.6122695Z /out:.\build\bootstrap\premake_bootstrap.exe 
Windows Debug and Release	Build a compatible Premake 5	2026-10-01T12:58:07.6123022Z user32.lib 
Windows Debug and Release	Build a compatible Premake 5	2026-10-01T12:58:07.6123273Z ole32.lib 
Windows Debug and Release	Build a compatible Premake 5	2026-10-01T12:58:07.6123482Z advapi32.lib 
Windows Debug and Release	Build a compatible Premake 5	2026-10-01T12:58:07.6124213Z .\build\bootstrap\buffered_io.obj 
Windows Debug and Release	Build a compatible Premake 5	2026-10-01T12:58:07.6124556Z .\build\bootstrap\criteria_matches.obj 
Windows Debug and Release	Build a compatible Premake 5	2026-10-01T12:58:07.6124904Z .\build\bootstrap\curl_utils.obj 
Windows Debug and Release	Build a compatible Premake 5	2026-10-01T12:58:07.6125446Z .\build\bootstrap\debug_prompt.obj 
Windows Debug and Release	Build a compatible Premake 5	2026-10-01T12:58:07.6126041Z .\build\bootstrap\http_download.obj 
Windows Debug and Release	Build a compatible Premake 5	2026-10-01T12:58:07.6126375Z .\build\bootstrap\http_get.obj 
Windows Debug and Release	Build a compatible Premake 5	2026-10-01T12:58:07.6126678Z .\build\bootstrap\http_post.obj 
Windows Debug and Release	Build a compatible Premake 5	2026-10-01T12:58:07.6127083Z .\build\bootstrap\lua_auxlib.obj 
Windows Debug and Release	Build a compatible Premake 5	2026-10-01T12:58:07.6127401Z .\build\bootstrap\os_chdir.obj 
Windows Debug and Release	Build a compatible Premake 5	2026-10-01T12:58:07.6127658Z .\build\bootstrap\os_chmod.obj 
Windows Debug and Release	Build a compatible Premake 5	2026-10-01T12:58:07.6127942Z .\build\bootstrap\os_comparefiles.obj 
Windows Debug and Release	Build a compatible Premake 5	2026-10-01T12:58:07.6128226Z .\build\bootstrap\os_compile.obj 
Windows Debug and Release	Build a compatible Premake 5	2026-10-01T12:58:07.6128515Z .\build\bootstrap\os_copyfile.obj 
Windows Debug and Release	Build a compatible Premake 5	2026-10-01T12:58:07.6129084Z .\build\bootstrap\os_getcwd.obj 
Windows Debug and Release	Build a compatible Premake 5	2026-10-01T12:58:07.6129308Z .\build\bootstrap\os_getnumcpus.obj 
Windows Debug and Release	Build a compatible Premake 5	2026-10-01T12:58:07.6129544Z .\build\bootstrap\os_getpass.obj 
Windows Debug and Release	Build a compatible Premake 5	2026-10-01T12:58:07.6129769Z .\build\bootstrap\os_getversion.obj 
Windows Debug and Release	Build a compatible Premake 5	2026-10-01T12:58:07.6130006Z .\build\bootstrap\os_getWindowsRegistry.obj 
Windows Debug and Release	Build a compatible Premake 5	2026-10-01T12:58:07.6130272Z .\build\bootstrap\os_host.obj 
Windows Debug and Release	Build a compatible Premake 5	2026-10-01T12:58:07.6130490Z .\build\bootstrap\os_hostarch.obj 
Windows Debug and Release	Build a compatible Premake 5	2026-10-01T12:58:07.6130707Z .\build\bootstrap\os_is64bit.obj 
Windows Debug and Release	Build a compatible Premake 5	2026-10-01T12:58:07.6130976Z .\build\bootstrap\os_isdir.obj 
Windows Debug and Release	Build a compatible Premake 5	2026-10-01T12:58:07.6131191Z .\build\bootstrap\os_isfile.obj 
Windows Debug and Release	Build a compatible Premake 5	2026-10-01T12:58:07.6131439Z .\build\bootstrap\os_islink.obj 
Windows Debug and Release	Build a compatible Premake 5	2026-10-01T12:58:07.6131658Z .\build\bootstrap\os_linkdir.obj 
Windows Debug and Release	Build a compatible Premake 5	2026-10-01T12:58:07.6131880Z .\build\bootstrap\os_linkfile.obj 
Windows Debug and Release	Build a compatible Premake 5	2026-10-01T12:58:07.6132126Z .\build\bootstrap\os_listWindowsRegistry.obj 
Windows Debug and Release	Build a compatible Premake 5	2026-10-01T12:58:07.6132372Z .\build\bootstrap\os_locate.obj 
Windows Debug and Release	Build a compatible Premake 5	2026-10-01T12:58:07.6132708Z .\build\bootstrap\os_match.obj 
Windows Debug and Release	Build a compatible Premake 5	2026-10-01T12:58:07.6132925Z .\build\bootstrap\os_mkdir.obj 
Windows Debug and Release	Build a compatible Premake 5	2026-10-01T12:58:07.6133136Z .\build\bootstrap\os_pathsearch.obj 
Windows Debug and Release	Build a compatible Premake 5	2026-10-01T12:58:07.6133386Z .\build\bootstrap\os_realpath.obj 
Windows Debug and Release	Build a compatible Premake 5	2026-10-01T12:58:07.6133636Z .\build\bootstrap\os_remove.obj 
Windows Debug and Release	Build a compatible Premake 5	2026-10-01T12:58:07.6133863Z .\build\bootstrap\os_rename.obj 
Windows Debug and Release	Build a compatible Premake 5	2026-10-01T12:58:07.6134076Z .\build\bootstrap\os_rmdir.obj 
Windows Debug and Release	Build a compatible Premake 5	2026-10-01T12:58:07.6134283Z .\build\bootstrap\os_stat.obj 
Windows Debug and Release	Build a compatible Premake 5	2026-10-01T12:58:07.6134521Z .\build\bootstrap\os_touchfile.obj 
Windows Debug and Release	Build a compatible Premake 5	2026-10-01T12:58:07.6134743Z .\build\bootstrap\os_uuid.obj 
Windows Debug and Release	Build a compatible Premake 5	2026-10-01T12:58:07.6134976Z .\build\bootstrap\os_writefile_ifnotequal.obj 
Windows Debug and Release	Build a compatible Premake 5	2026-10-01T12:58:07.6135246Z .\build\bootstrap\path_getabsolute.obj 
Windows Debug and Release	Build a compatible Premake 5	2026-10-01T12:58:07.6135483Z .\build\bootstrap\path_getrelative.obj 
Windows Debug and Release	Build a compatible Premake 5	2026-10-01T12:58:07.6135765Z .\build\bootstrap\path_isabsolute.obj 
Windows Debug and Release	Build a compatible Premake 5	2026-10-01T12:58:07.6136006Z .\build\bootstrap\path_join.obj 
Windows Debug and Release	Build a compatible Premake 5	2026-10-01T12:58:07.6136232Z .\build\bootstrap\path_normalize.obj 
Windows Debug and Release	Build a compatible Premake 5	2026-10-01T12:58:07.6136479Z .\build\bootstrap\path_translate.obj 
Windows Debug and Release	Build a compatible Premake 5	2026-10-01T12:58:07.6136712Z .\build\bootstrap\path_wildcards.obj 
Windows Debug and Release	Build a compatible Premake 5	2026-10-01T12:58:07.6136955Z .\build\bootstrap\premake.obj 
Windows Debug and Release	Build a compatible Premake 5	2026-10-01T12:58:07.6137170Z .\build\bootstrap\premake_main.obj 
Windows Debug and Release	Build a compatible Premake 5	2026-10-01T12:58:07.6137400Z .\build\bootstrap\string_endswith.obj 
Windows Debug and Release	Build a compatible Premake 5	2026-10-01T12:58:07.6137648Z .\build\bootstrap\string_hash.obj 
Windows Debug and Release	Build a compatible Premake 5	2026-10-01T12:58:07.6137863Z .\build\bootstrap\string_sha1.obj 
Windows Debug and Release	Build a compatible Premake 5	2026-10-01T12:58:07.6138126Z .\build\bootstrap\string_startswith.obj 
Windows Debug and Release	Build a compatible Premake 5	2026-10-01T12:58:07.6138362Z .\build\bootstrap\term_textColor.obj 
Windows Debug and Release	Build a compatible Premake 5	2026-10-01T12:58:07.6138579Z .\build\bootstrap\zip_extract.obj 
Windows Debug and Release	Build a compatible Premake 5	2026-10-01T12:58:07.6138820Z .\build\bootstrap\zip_list.obj 
Windows Debug and Release	Build a compatible Premake 5	2026-10-01T12:58:07.6139039Z .\build\bootstrap\lapi.obj 
Windows Debug and Release	Build a compatible Premake 5	2026-10-01T12:58:07.6139257Z .\build\bootstrap\lauxlib.obj 
Windows Debug and Release	Build a compatible Premake 5	2026-10-01T12:58:07.6139496Z .\build\bootstrap\lbaselib.obj 
Windows Debug and Release	Build a compatible Premake 5	2026-10-01T12:58:07.6139724Z .\build\bootstrap\lbitlib.obj 
Windows Debug and Release	Build a compatible Premake 5	2026-10-01T12:58:07.6140005Z .\build\bootstrap\lcode.obj 
Windows Debug and Release	Build a compatible Premake 5	2026-10-01T12:58:07.6140232Z .\build\bootstrap\lcorolib.obj 
Windows Debug and Release	Build a compatible Premake 5	2026-10-01T12:58:07.6140445Z .\build\bootstrap\lctype.obj 
Windows Debug and Release	Build a compatible Premake 5	2026-10-01T12:58:07.6140673Z .\build\bootstrap\ldblib.obj 
Windows Debug and Release	Build a compatible Premake 5	2026-10-01T12:58:07.6140888Z .\build\bootstrap\ldebug.obj 
Windows Debug and Release	Build a compatible Premake 5	2026-10-01T12:58:07.6141108Z .\build\bootstrap\ldo.obj 
Windows Debug and Release	Build a compatible Premake 5	2026-10-01T12:58:07.6141319Z .\build\bootstrap\ldump.obj 
Windows Debug and Release	Build a compatible Premake 5	2026-10-01T12:58:07.6141532Z .\build\bootstrap\lfunc.obj 
Windows Debug and Release	Build a compatible Premake 5	2026-10-01T12:58:07.6141776Z .\build\bootstrap\lgc.obj 
Windows Debug and Release	Build a compatible Premake 5	2026-10-01T12:58:07.6141970Z .\build\bootstrap\linit.obj 
Windows Debug and Release	Build a compatible Premake 5	2026-10-01T12:58:07.6142469Z .\build\bootstrap\liolib.obj 
Windows Debug and Release	Build a compatible Premake 5	2026-10-01T12:58:07.6142703Z .\build\bootstrap\llex.obj 
Windows Debug and Release	Build a compatible Premake 5	2026-10-01T12:58:07.6142918Z .\build\bootstrap\lmathlib.obj 
Windows Debug and Release	Build a compatible Premake 5	2026-10-01T12:58:07.6143151Z .\build\bootstrap\lmem.obj 
Windows Debug and Release	Build a compatible Premake 5	2026-10-01T12:58:07.6143360Z .\build\bootstrap\loadlib.obj 
Windows Debug and Release	Build a compatible Premake 5	2026-10-01T12:58:07.6143568Z .\build\bootstrap\lobject.obj 
Windows Debug and Release	Build a compatible Premake 5	2026-10-01T12:58:07.6143805Z .\build\bootstrap\lopcodes.obj 
Windows Debug and Release	Build a compatible Premake 5	2026-10-01T12:58:07.6144022Z .\build\bootstrap\loslib.obj 
Windows Debug and Release	Build a compatible Premake 5	2026-10-01T12:58:07.6144291Z .\build\bootstrap\lparser.obj 
Windows Debug and Release	Build a compatible Premake 5	2026-10-01T12:58:07.6144626Z .\build\bootstrap\lstate.obj 
Windows Debug and Release	Build a compatible Premake 5	2026-10-01T12:58:07.6144869Z .\build\bootstrap\lstring.obj 
Windows Debug and Release	Build a compatible Premake 5	2026-10-01T12:58:07.6145095Z .\build\bootstrap\lstrlib.obj 
Windows Debug and Release	Build a compatible Premake 5	2026-10-01T12:58:07.6145309Z .\build\bootstrap\ltable.obj 
Windows Debug and Release	Build a compatible Premake 5	2026-10-01T12:58:07.6145547Z .\build\bootstrap\ltablib.obj 
Windows Debug and Release	Build a compatible Premake 5	2026-10-01T12:58:07.6145756Z .\build\bootstrap\ltm.obj 
Windows Debug and Release	Build a compatible Premake 5	2026-10-01T12:58:07.6145969Z .\build\bootstrap\lundump.obj 
Windows Debug and Release	Build a compatible Premake 5	2026-10-01T12:58:07.6146197Z .\build\bootstrap\lutf8lib.obj 
Windows Debug and Release	Build a compatible Premake 5	2026-10-01T12:58:07.6146407Z .\build\bootstrap\lvm.obj 
Windows Debug and Release	Build a compatible Premake 5	2026-10-01T12:58:07.6146649Z .\build\bootstrap\lzio.obj 
Windows Debug and Release	Build a compatible Premake 5	2026-10-01T12:58:14.5206165Z 	.\build\bootstrap\premake_bootstrap.exe embed
Windows Debug and Release	Build a compatible Premake 5	2026-10-01T12:58:15.3272557Z Running action 'embed'...
Windows Debug and Release	Build a compatible Premake 5	2026-10-01T12:58:15.3534216Z Compiling... 
Windows Debug and Release	Build a compatible Premake 5	2026-10-01T12:58:15.5028009Z Embedding...
Windows Debug and Release	Build a compatible Premake 5	2026-10-01T12:58:15.7257488Z Writing...
Windows Debug and Release	Build a compatible Premake 5	2026-10-01T12:58:15.7281530Z Generated ../src/scripts.c...
Windows Debug and Release	Build a compatible Premake 5	2026-10-01T12:58:15.7504705Z 	.\build\bootstrap\premake_bootstrap --arch=x64 --to=build/bootstrap --curl-src=none vs2022
Windows Debug and Release	Build a compatible Premake 5	2026-10-01T12:58:15.8089142Z Current git tag: 	nil
Windows Debug and Release	Build a compatible Premake 5	2026-10-01T12:58:15.8133525Z Building configurations...
Windows Debug and Release	Build a compatible Premake 5	2026-10-01T12:58:16.2148739Z Running action 'vs2022'...
Windows Debug and Release	Build a compatible Premake 5	2026-10-01T12:58:16.2167236Z Generated build/bootstrap/Premake5.sln...
Windows Debug and Release	Build a compatible Premake 5	2026-10-01T12:58:16.2190615Z Generated build/bootstrap/Github.vcxproj...
Windows Debug and Release	Build a compatible Premake 5	2026-10-01T12:58:16.2195095Z Generated build/bootstrap/Github.vcxproj.filters...
Windows Debug and Release	Build a compatible Premake 5	2026-10-01T12:58:16.3226332Z Generated build/bootstrap/Premake5.vcxproj...
Windows Debug and Release	Build a compatible Premake 5	2026-10-01T12:58:16.3231518Z Generated build/bootstrap/Premake5.vcxproj.user...
Windows Debug and Release	Build a compatible Premake 5	2026-10-01T12:58:16.3306373Z Generated build/bootstrap/Premake5.vcxproj.filters...
Windows Debug and Release	Build a compatible Premake 5	2026-10-01T12:58:16.4239788Z Generated build/bootstrap/Web.vcxproj...
Windows Debug and Release	Build a compatible Premake 5	2026-10-01T12:58:16.4313999Z Generated build/bootstrap/Web.vcxproj.filters...
Windows Debug and Release	Build a compatible Premake 5	2026-10-01T12:58:16.4351129Z Generated build/bootstrap/example.vcxproj...
Windows Debug and Release	Build a compatible Premake 5	2026-10-01T12:58:16.4573976Z Generated build/bootstrap/lua-lib.vcxproj...
Windows Debug and Release	Build a compatible Premake 5	2026-10-01T12:58:16.4607752Z Generated build/bootstrap/luashim-lib.vcxproj...
Windows Debug and Release	Build a compatible Premake 5	2026-10-01T12:58:16.4749217Z Generated build/bootstrap/luasocket.vcxproj...
Windows Debug and Release	Build a compatible Premake 5	2026-10-01T12:58:16.4761273Z Generated build/bootstrap/luasocket.vcxproj.filters...
Windows Debug and Release	Build a compatible Premake 5	2026-10-01T12:58:16.5231181Z Generated build/bootstrap/zip-lib.vcxproj...
Windows Debug and Release	Build a compatible Premake 5	2026-10-01T12:58:16.5253014Z Generated build/bootstrap/zip-lib.vcxproj.filters...
Windows Debug and Release	Build a compatible Premake 5	2026-10-01T12:58:16.5483872Z Generated build/bootstrap/zlib-lib.vcxproj...
Windows Debug and Release	Build a compatible Premake 5	2026-10-01T12:58:16.5486289Z Done (790ms).
Windows Debug and Release	Build a compatible Premake 5	2026-10-01T12:58:16.5672192Z 	devenv .\build\bootstrap\Premake5.sln /Upgrade
Windows Debug and Release	Build a compatible Premake 5	2026-10-01T13:00:01.0080708Z 
Windows Debug and Release	Build a compatible Premake 5	2026-10-01T13:00:01.0082661Z Microsoft Visual Studio 2022 Version 17.14.41 (September 2026).
Windows Debug and Release	Build a compatible Premake 5	2026-10-01T13:00:01.0083546Z Copyright (C) Microsoft Corp. All rights reserved.
Windows Debug and Release	Build a compatible Premake 5	2026-10-01T13:00:01.0083971Z Upgrading project 'example'...
Windows Debug and Release	Build a compatible Premake 5	2026-10-01T13:00:01.0092877Z 	Configuration 'Debug|x64': no platform toolset upgrade required. Platform Toolset is 'v143'.
Windows Debug and Release	Build a compatible Premake 5	2026-10-01T13:00:01.0094214Z 	Configuration 'Release|x64': no platform toolset upgrade required. Platform Toolset is 'v143'.
Windows Debug and Release	Build a compatible Premake 5	2026-10-01T13:00:01.2920629Z Upgrading project 'luasocket'...
Windows Debug and Release	Build a compatible Premake 5	2026-10-01T13:00:01.2921690Z 	Configuration 'Debug|x64': no platform toolset upgrade required. Platform Toolset is 'v143'.
Windows Debug and Release	Build a compatible Premake 5	2026-10-01T13:00:01.2924530Z 	Configuration 'Release|x64': no platform toolset upgrade required. Platform Toolset is 'v143'.
Windows Debug and Release	Build a compatible Premake 5	2026-10-01T13:00:01.3402407Z Upgrading project 'Github'...
Windows Debug and Release	Build a compatible Premake 5	2026-10-01T13:00:01.3404746Z 	Configuration 'Debug|x64': no platform toolset upgrade required. Platform Toolset is 'v143'.
Windows Debug and Release	Build a compatible Premake 5	2026-10-01T13:00:01.3406549Z 	Configuration 'Release|x64': no platform toolset upgrade required. Platform Toolset is 'v143'.
Windows Debug and Release	Build a compatible Premake 5	2026-10-01T13:00:01.4199266Z Upgrading project 'Premake5'...
Windows Debug and Release	Build a compatible Premake 5	2026-10-01T13:00:01.4201019Z 	Configuration 'Debug|x64': no platform toolset upgrade required. Platform Toolset is 'v143'.
Windows Debug and Release	Build a compatible Premake 5	2026-10-01T13:00:01.4203711Z 	Configuration 'Release|x64': no platform toolset upgrade required. Platform Toolset is 'v143'.
Windows Debug and Release	Build a compatible Premake 5	2026-10-01T13:00:01.4731684Z Upgrading project 'Web'...
Windows Debug and Release	Build a compatible Premake 5	2026-10-01T13:00:01.4733303Z 	Configuration 'Debug|x64': no platform toolset upgrade required. Platform Toolset is 'v143'.
Windows Debug and Release	Build a compatible Premake 5	2026-10-01T13:00:01.4734255Z 	Configuration 'Release|x64': no platform toolset upgrade required. Platform Toolset is 'v143'.
Windows Debug and Release	Build a compatible Premake 5	2026-10-01T13:00:01.5230996Z Upgrading project 'lua-lib'...
Windows Debug and Release	Build a compatible Premake 5	2026-10-01T13:00:01.5232908Z 	Configuration 'Debug|x64': no platform toolset upgrade required. Platform Toolset is 'v143'.
Windows Debug and Release	Build a compatible Premake 5	2026-10-01T13:00:01.5235574Z 	Configuration 'Release|x64': no platform toolset upgrade required. Platform Toolset is 'v143'.
Windows Debug and Release	Build a compatible Premake 5	2026-10-01T13:00:01.5728361Z Upgrading project 'luashim-lib'...
Windows Debug and Release	Build a compatible Premake 5	2026-10-01T13:00:01.5730954Z 	Configuration 'Debug|x64': no platform toolset upgrade required. Platform Toolset is 'v143'.
Windows Debug and Release	Build a compatible Premake 5	2026-10-01T13:00:01.5733689Z 	Configuration 'Release|x64': no platform toolset upgrade required. Platform Toolset is 'v143'.
Windows Debug and Release	Build a compatible Premake 5	2026-10-01T13:00:01.6237066Z Upgrading project 'zip-lib'...
Windows Debug and Release	Build a compatible Premake 5	2026-10-01T13:00:01.6239090Z 	Configuration 'Debug|x64': no platform toolset upgrade required. Platform Toolset is 'v143'.
Windows Debug and Release	Build a compatible Premake 5	2026-10-01T13:00:01.6242383Z 	Configuration 'Release|x64': no platform toolset upgrade required. Platform Toolset is 'v143'.
Windows Debug and Release	Build a compatible Premake 5	2026-10-01T13:00:01.6808857Z Upgrading project 'zlib-lib'...
Windows Debug and Release	Build a compatible Premake 5	2026-10-01T13:00:01.6810363Z 	Configuration 'Debug|x64': no platform toolset upgrade required. Platform Toolset is 'v143'.
Windows Debug and Release	Build a compatible Premake 5	2026-10-01T13:00:01.6814029Z 	Configuration 'Release|x64': no platform toolset upgrade required. Platform Toolset is 'v143'.
Windows Debug and Release	Build a compatible Premake 5	2026-10-01T13:00:11.2123323Z 	devenv .\build\bootstrap\Premake5.sln /Build "release|x64"
Windows Debug and Release	Build a compatible Premake 5	2026-10-01T13:00:15.4065745Z 
Windows Debug and Release	Build a compatible Premake 5	2026-10-01T13:00:15.4066814Z Microsoft Visual Studio 2022 Version 17.14.41 (September 2026).
Windows Debug and Release	Build a compatible Premake 5	2026-10-01T13:00:15.4067218Z Copyright (C) Microsoft Corp. All rights reserved.
Windows Debug and Release	Build a compatible Premake 5	2026-10-01T13:00:15.4067559Z Build started at 1:00 PM...
Windows Debug and Release	Build a compatible Premake 5	2026-10-01T13:00:17.9115805Z 1>------ Build started: Project: zlib-lib, Configuration: Release x64 ------
Windows Debug and Release	Build a compatible Premake 5	2026-10-01T13:00:23.5395258Z 2>------ Build started: Project: zip-lib, Configuration: Release x64 ------
Windows Debug and Release	Build a compatible Premake 5	2026-10-01T13:00:27.6204298Z 3>------ Build started: Project: luashim-lib, Configuration: Release x64 ------
Windows Debug and Release	Build a compatible Premake 5	2026-10-01T13:00:27.6243538Z 4>------ Build started: Project: lua-lib, Configuration: Release x64 ------
Windows Debug and Release	Build a compatible Premake 5	2026-10-01T13:00:29.4668943Z 2>mkstemp.c
Windows Debug and Release	Build a compatible Premake 5	2026-10-01T13:00:29.4673940Z 2>zip_add.c
Windows Debug and Release	Build a compatible Premake 5	2026-10-01T13:00:29.4674913Z 2>zip_add_dir.c
Windows Debug and Release	Build a compatible Premake 5	2026-10-01T13:00:29.4679243Z 2>zip_add_entry.c
Windows Debug and Release	Build a compatible Premake 5	2026-10-01T13:00:29.4685406Z 1>adler32.c
Windows Debug and Release	Build a compatible Premake 5	2026-10-01T13:00:29.4765593Z 1>compress.c
Windows Debug and Release	Build a compatible Premake 5	2026-10-01T13:00:29.4774865Z 1>crc32.c
Windows Debug and Release	Build a compatible Premake 5	2026-10-01T13:00:29.4776624Z 1>deflate.c
Windows Debug and Release	Build a compatible Premake 5	2026-10-01T13:00:29.4778125Z 3>luashim.c
Windows Debug and Release	Build a compatible Premake 5	2026-10-01T13:00:29.4781503Z 4>lapi.c
Windows Debug and Release	Build a compatible Premake 5	2026-10-01T13:00:29.4782891Z 4>lauxlib.c
Windows Debug and Release	Build a compatible Premake 5	2026-10-01T13:00:29.4784855Z 4>lbaselib.c
Windows Debug and Release	Build a compatible Premake 5	2026-10-01T13:00:29.4785849Z 4>lbitlib.c
Windows Debug and Release	Build a compatible Premake 5	2026-10-01T13:00:29.8781141Z 1>gzclose.c
Windows Debug and Release	Build a compatible Premake 5	2026-10-01T13:00:30.3052793Z 4>lcode.c
Windows Debug and Release	Build a compatible Premake 5	2026-10-01T13:00:30.5314864Z 2>zip_close.c
Windows Debug and Release	Build a compatible Premake 5	2026-10-01T13:00:30.7647191Z 1>gzlib.c
Windows Debug and Release	Build a compatible Premake 5	2026-10-01T13:00:30.9961533Z 4>lcorolib.c
Windows Debug and Release	Build a compatible Premake 5	2026-10-01T13:00:31.0074750Z 3>luashim-lib.vcxproj -> D:\a\_temp\premake-core\build\bootstrap\bin\x64\Release\luashim-lib.lib
Windows Debug and Release	Build a compatible Premake 5	2026-10-01T13:00:31.2755685Z 2>zip_delete.c
Windows Debug and Release	Build a compatible Premake 5	2026-10-01T13:00:31.2964923Z 1>gzread.c
Windows Debug and Release	Build a compatible Premake 5	2026-10-01T13:00:31.2981313Z 1>gzwrite.c
Windows Debug and Release	Build a compatible Premake 5	2026-10-01T13:00:31.2984021Z 1>infback.c
Windows Debug and Release	Build a compatible Premake 5	2026-10-01T13:00:31.2986893Z 1>inffast.c
Windows Debug and Release	Build a compatible Premake 5	2026-10-01T13:00:31.2989454Z 1>inflate.c
Windows Debug and Release	Build a compatible Premake 5	2026-10-01T13:00:31.2991736Z 1>inftrees.c
Windows Debug and Release	Build a compatible Premake 5	2026-10-01T13:00:31.2993905Z 1>trees.c
Windows Debug and Release	Build a compatible Premake 5	2026-10-01T13:00:31.2995820Z 1>uncompr.c
Windows Debug and Release	Build a compatible Premake 5	2026-10-01T13:00:31.2999732Z 1>zutil.c
Windows Debug and Release	Build a compatible Premake 5	2026-10-01T13:00:31.3002259Z 4>lctype.c
Windows Debug and Release	Build a compatible Premake 5	2026-10-01T13:00:31.3004360Z 4>ldblib.c
Windows Debug and Release	Build a compatible Premake 5	2026-10-01T13:00:31.3006567Z 4>ldebug.c
Windows Debug and Release	Build a compatible Premake 5	2026-10-01T13:00:31.3008650Z 4>ldo.c
Windows Debug and Release	Build a compatible Premake 5	2026-10-01T13:00:31.3010887Z 4>ldump.c
Windows Debug and Release	Build a compatible Premake 5	2026-10-01T13:00:31.3013146Z 4>lfunc.c
Windows Debug and Release	Build a compatible Premake 5	2026-10-01T13:00:31.3015114Z 4>lgc.c
Windows Debug and Release	Build a compatible Premake 5	2026-10-01T13:00:31.3017031Z 4>linit.c
Windows Debug and Release	Build a compatible Premake 5	2026-10-01T13:00:31.3019107Z 4>liolib.c
Windows Debug and Release	Build a compatible Premake 5	2026-10-01T13:00:31.3020849Z 4>llex.c
Windows Debug and Release	Build a compatible Premake 5	2026-10-01T13:00:31.3022574Z 4>lmathlib.c
Windows Debug and Release	Build a compatible Premake 5	2026-10-01T13:00:31.3024340Z 4>lmem.c
Windows Debug and Release	Build a compatible Premake 5	2026-10-01T13:00:31.3026654Z 4>loadlib.c
Windows Debug and Release	Build a compatible Premake 5	2026-10-01T13:00:31.3029758Z 4>lobject.c
Windows Debug and Release	Build a compatible Premake 5	2026-10-01T13:00:31.3031739Z 4>lopcodes.c
Windows Debug and Release	Build a compatible Premake 5	2026-10-01T13:00:31.3033737Z 4>loslib.c
Windows Debug and Release	Build a compatible Premake 5	2026-10-01T13:00:31.3035617Z 4>lparser.c
Windows Debug and Release	Build a compatible Premake 5	2026-10-01T13:00:31.3037476Z 4>lstate.c
Windows Debug and Release	Build a compatible Premake 5	2026-10-01T13:00:31.3039239Z 4>lstring.c
Windows Debug and Release	Build a compatible Premake 5	2026-10-01T13:00:31.3041033Z 4>lstrlib.c
Windows Debug and Release	Build a compatible Premake 5	2026-10-01T13:00:31.3044190Z 4>ltable.c
Windows Debug and Release	Build a compatible Premake 5	2026-10-01T13:00:31.3046382Z 4>ltablib.c
Windows Debug and Release	Build a compatible Premake 5	2026-10-01T13:00:31.3048476Z 4>ltm.c
Windows Debug and Release	Build a compatible Premake 5	2026-10-01T13:00:31.3057861Z 4>lundump.c
Windows Debug and Release	Build a compatible Premake 5	2026-10-01T13:00:32.0199366Z 2>zip_dir_add.c
Windows Debug and Release	Build a compatible Premake 5	2026-10-01T13:00:32.0521402Z 4>lutf8lib.c
Windows Debug and Release	Build a compatible Premake 5	2026-10-01T13:00:32.0524861Z 4>lvm.c
Windows Debug and Release	Build a compatible Premake 5	2026-10-01T13:00:32.0533760Z 4>lzio.c
Windows Debug and Release	Build a compatible Premake 5	2026-10-01T13:00:32.2135090Z 1>zlib-lib.vcxproj -> D:\a\_temp\premake-core\build\bootstrap\bin\x64\Release\zlib-lib.lib
Windows Debug and Release	Build a compatible Premake 5	2026-10-01T13:00:32.2346874Z 2>zip_dirent.c
Windows Debug and Release	Build a compatible Premake 5	2026-10-01T13:00:32.2378356Z 2>zip_discard.c
Windows Debug and Release	Build a compatible Premake 5	2026-10-01T13:00:32.2411183Z 2>zip_entry.c
Windows Debug and Release	Build a compatible Premake 5	2026-10-01T13:00:32.2778964Z 2>zip_err_str.c
Windows Debug and Release	Build a compatible Premake 5	2026-10-01T13:00:32.2799666Z 5>------ Build started: Project: luasocket, Configuration: Release x64 ------
Windows Debug and Release	Build a compatible Premake 5	2026-10-01T13:00:32.2817280Z 2>zip_error.c
Windows Debug and Release	Build a compatible Premake 5	2026-10-01T13:00:32.2819555Z 2>zip_error_clear.c
Windows Debug and Release	Build a compatible Premake 5	2026-10-01T13:00:32.2821035Z 2>zip_error_get.c
Windows Debug and Release	Build a compatible Premake 5	2026-10-01T13:00:32.2822828Z 2>zip_error_get_sys_type.c
Windows Debug and Release	Build a compatible Premake 5	2026-10-01T13:00:32.2823871Z 2>zip_error_strerror.c
Windows Debug and Release	Build a compatible Premake 5	2026-10-01T13:00:32.2826383Z 2>zip_error_to_str.c
Windows Debug and Release	Build a compatible Premake 5	2026-10-01T13:00:32.2828691Z 2>zip_extra_field.c
Windows Debug and Release	Build a compatible Premake 5	2026-10-01T13:00:32.2831160Z 2>zip_extra_field_api.c
Windows Debug and Release	Build a compatible Premake 5	2026-10-01T13:00:32.2833070Z 2>zip_fclose.c
Windows Debug and Release	Build a compatible Premake 5	2026-10-01T13:00:32.2835337Z 2>zip_fdopen.c
Windows Debug and Release	Build a compatible Premake 5	2026-10-01T13:00:32.2837543Z 2>zip_file_add.c
Windows Debug and Release	Build a compatible Premake 5	2026-10-01T13:00:32.2839811Z 2>zip_file_error_clear.c
Windows Debug and Release	Build a compatible Premake 5	2026-10-01T13:00:32.2842459Z 2>zip_file_error_get.c
Windows Debug and Release	Build a compatible Premake 5	2026-10-01T13:00:32.2844335Z 2>zip_file_get_comment.c
Windows Debug and Release	Build a compatible Premake 5	2026-10-01T13:00:32.2846678Z 2>zip_file_get_external_attributes.c
Windows Debug and Release	Build a compatible Premake 5	2026-10-01T13:00:32.2849244Z 2>zip_file_get_offset.c
Windows Debug and Release	Build a compatible Premake 5	2026-10-01T13:00:32.2850962Z 2>zip_file_rename.c
Windows Debug and Release	Build a compatible Premake 5	2026-10-01T13:00:32.2853219Z 2>zip_file_replace.c
Windows Debug and Release	Build a compatible Premake 5	2026-10-01T13:00:32.2855397Z 2>zip_file_set_comment.c
Windows Debug and Release	Build a compatible Premake 5	2026-10-01T13:00:32.2857791Z 2>zip_file_set_external_attributes.c
Windows Debug and Release	Build a compatible Premake 5	2026-10-01T13:00:32.2859561Z 2>zip_file_strerror.c
Windows Debug and Release	Build a compatible Premake 5	2026-10-01T13:00:32.2860490Z 2>zip_filerange_crc.c
Windows Debug and Release	Build a compatible Premake 5	2026-10-01T13:00:32.5108776Z 2>zip_fopen.c
Windows Debug and Release	Build a compatible Premake 5	2026-10-01T13:00:32.5143170Z 2>zip_fopen_encrypted.c
Windows Debug and Release	Build a compatible Premake 5	2026-10-01T13:00:32.5152593Z 2>zip_fopen_index.c
Windows Debug and Release	Build a compatible Premake 5	2026-10-01T13:00:32.5758361Z 2>zip_fopen_index_encrypted.c
Windows Debug and Release	Build a compatible Premake 5	2026-10-01T13:00:32.7272930Z 2>zip_fread.c
Windows Debug and Release	Build a compatible Premake 5	2026-10-01T13:00:32.7625177Z 2>zip_get_archive_comment.c
Windows Debug and Release	Build a compatible Premake 5	2026-10-01T13:00:32.8357490Z 2>zip_get_archive_flag.c
Windows Debug and Release	Build a compatible Premake 5	2026-10-01T13:00:32.9296669Z 2>zip_get_compression_implementation.c
Windows Debug and Release	Build a compatible Premake 5	2026-10-01T13:00:33.0051769Z 2>zip_get_encryption_implementation.c
Windows Debug and Release	Build a compatible Premake 5	2026-10-01T13:00:33.0114700Z 2>zip_get_file_comment.c
Windows Debug and Release	Build a compatible Premake 5	2026-10-01T13:00:33.0169868Z 5>main.c
Windows Debug and Release	Build a compatible Premake 5	2026-10-01T13:00:33.0260351Z 4>lua-lib.vcxproj -> D:\a\_temp\premake-core\build\bootstrap\bin\x64\Release\lua-lib.lib
Windows Debug and Release	Build a compatible Premake 5	2026-10-01T13:00:33.0557817Z 6>------ Build started: Project: example, Configuration: Release x64 ------
Windows Debug and Release	Build a compatible Premake 5	2026-10-01T13:00:33.0640553Z 2>zip_get_name.c
Windows Debug and Release	Build a compatible Premake 5	2026-10-01T13:00:33.0642620Z 2>zip_get_num_entries.c
Windows Debug and Release	Build a compatible Premake 5	2026-10-01T13:00:33.2442936Z 5>auxiliar.c
Windows Debug and Release	Build a compatible Premake 5	2026-10-01T13:00:33.2574391Z 2>zip_get_num_files.c
Windows Debug and Release	Build a compatible Premake 5	2026-10-01T13:00:33.4434761Z 2>zip_memdup.c
Windows Debug and Release	Build a compatible Premake 5	2026-10-01T13:00:33.5510796Z 5>buffer.c
Windows Debug and Release	Build a compatible Premake 5	2026-10-01T13:00:33.5557480Z 5>compat.c
Windows Debug and Release	Build a compatible Premake 5	2026-10-01T13:00:33.5862193Z 5>except.c
Windows Debug and Release	Build a compatible Premake 5	2026-10-01T13:00:33.5899707Z 5>inet.c
Windows Debug and Release	Build a compatible Premake 5	2026-10-01T13:00:33.5905611Z 5>io.c
Windows Debug and Release	Build a compatible Premake 5	2026-10-01T13:00:33.5908293Z 5>luasocket.c
Windows Debug and Release	Build a compatible Premake 5	2026-10-01T13:00:33.5909516Z 2>zip_name_locate.c
Windows Debug and Release	Build a compatible Premake 5	2026-10-01T13:00:33.5910259Z 7>------ Skipped Build: Project: Web, Configuration: Release x64 ------
Windows Debug and Release	Build a compatible Premake 5	2026-10-01T13:00:33.5916689Z 7>Project not selected to build for this solution configuration 
Windows Debug and Release	Build a compatible Premake 5	2026-10-01T13:00:33.6011983Z 2>zip_new.c
Windows Debug and Release	Build a compatible Premake 5	2026-10-01T13:00:33.6014875Z 2>zip_open.c
Windows Debug and Release	Build a compatible Premake 5	2026-10-01T13:00:33.6020572Z 2>zip_rename.c
Windows Debug and Release	Build a compatible Premake 5	2026-10-01T13:00:33.6021302Z 5>mime.c
Windows Debug and Release	Build a compatible Premake 5	2026-10-01T13:00:33.6021780Z 5>options.c
Windows Debug and Release	Build a compatible Premake 5	2026-10-01T13:00:33.6022261Z 5>select.c
Windows Debug and Release	Build a compatible Premake 5	2026-10-01T13:00:33.6591796Z 2>zip_replace.c
Windows Debug and Release	Build a compatible Premake 5	2026-10-01T13:00:34.1088668Z 2>zip_set_archive_comment.c
Windows Debug and Release	Build a compatible Premake 5	2026-10-01T13:00:34.3884847Z 5>tcp.c
Windows Debug and Release	Build a compatible Premake 5	2026-10-01T13:00:34.4215878Z 2>zip_set_archive_flag.c
Windows Debug and Release	Build a compatible Premake 5	2026-10-01T13:00:34.4219680Z 2>zip_set_default_password.c
Windows Debug and Release	Build a compatible Premake 5	2026-10-01T13:00:34.4222699Z 2>zip_set_file_comment.c
Windows Debug and Release	Build a compatible Premake 5	2026-10-01T13:00:34.4225109Z 2>zip_set_file_compression.c
Windows Debug and Release	Build a compatible Premake 5	2026-10-01T13:00:34.4227311Z 2>zip_set_name.c
Windows Debug and Release	Build a compatible Premake 5	2026-10-01T13:00:34.4229528Z 2>zip_source_buffer.c
Windows Debug and Release	Build a compatible Premake 5	2026-10-01T13:00:34.4233572Z 2>zip_source_close.c
Windows Debug and Release	Build a compatible Premake 5	2026-10-01T13:00:34.4236404Z 5>timeout.c
Windows Debug and Release	Build a compatible Premake 5	2026-10-01T13:00:34.4238648Z 5>udp.c
Windows Debug and Release	Build a compatible Premake 5	2026-10-01T13:00:34.4241341Z 5>wsocket.c
Windows Debug and Release	Build a compatible Premake 5	2026-10-01T13:00:34.4422621Z 8>------ Skipped Build: Project: Github, Configuration: Release x64 ------
Windows Debug and Release	Build a compatible Premake 5	2026-10-01T13:00:34.4423838Z 8>Project not selected to build for this solution configuration 
Windows Debug and Release	Build a compatible Premake 5	2026-10-01T13:00:34.8674780Z 2>zip_source_crc.c
Windows Debug and Release	Build a compatible Premake 5	2026-10-01T13:00:34.8878911Z 2>zip_source_deflate.c
Windows Debug and Release	Build a compatible Premake 5	2026-10-01T13:00:34.8885929Z 2>zip_source_error.c
Windows Debug and Release	Build a compatible Premake 5	2026-10-01T13:00:34.8904406Z 2>zip_source_file.c
Windows Debug and Release	Build a compatible Premake 5	2026-10-01T13:00:35.0808554Z 6>main.c
Windows Debug and Release	Build a compatible Premake 5	2026-10-01T13:00:35.1183096Z 2>zip_source_filep.c
Windows Debug and Release	Build a compatible Premake 5	2026-10-01T13:00:35.1232137Z 2>zip_source_free.c
Windows Debug and Release	Build a compatible Premake 5	2026-10-01T13:00:35.1255632Z 2>zip_source_function.c
Windows Debug and Release	Build a compatible Premake 5	2026-10-01T13:00:35.3776425Z 2>zip_source_layered.c
Windows Debug and Release	Build a compatible Premake 5	2026-10-01T13:00:35.3967899Z 2>zip_source_open.c
Windows Debug and Release	Build a compatible Premake 5	2026-10-01T13:00:35.4290321Z 2>zip_source_pkware.c
Windows Debug and Release	Build a compatible Premake 5	2026-10-01T13:00:35.4295447Z 2>zip_source_pop.c
Windows Debug and Release	Build a compatible Premake 5	2026-10-01T13:00:35.5693793Z 2>zip_source_read.c
Windows Debug and Release	Build a compatible Premake 5	2026-10-01T13:00:35.5737763Z 2>zip_source_stat.c
Windows Debug and Release	Build a compatible Premake 5	2026-10-01T13:00:35.6346521Z 2>zip_source_window.c
Windows Debug and Release	Build a compatible Premake 5	2026-10-01T13:00:35.6347347Z 2>zip_source_zip.c
Windows Debug and Release	Build a compatible Premake 5	2026-10-01T13:00:35.6347772Z 2>zip_source_zip_new.c
Windows Debug and Release	Build a compatible Premake 5	2026-10-01T13:00:35.7762508Z 2>zip_stat.c
Windows Debug and Release	Build a compatible Premake 5	2026-10-01T13:00:35.8886348Z 2>zip_stat_index.c
Windows Debug and Release	Build a compatible Premake 5	2026-10-01T13:00:35.8941664Z 2>zip_stat_init.c
Windows Debug and Release	Build a compatible Premake 5	2026-10-01T13:00:35.9457705Z 2>zip_strerror.c
Windows Debug and Release	Build a compatible Premake 5	2026-10-01T13:00:36.0082383Z 2>zip_string.c
Windows Debug and Release	Build a compatible Premake 5	2026-10-01T13:00:36.0084230Z 2>zip_unchange.c
Windows Debug and Release	Build a compatible Premake 5	2026-10-01T13:00:36.3502436Z 2>zip_unchange_all.c
Windows Debug and Release	Build a compatible Premake 5	2026-10-01T13:00:36.3506696Z 2>zip_unchange_archive.c
Windows Debug and Release	Build a compatible Premake 5	2026-10-01T13:00:36.3508859Z 2>zip_unchange_data.c
Windows Debug and Release	Build a compatible Premake 5	2026-10-01T13:00:36.3511747Z 2>zip_utf-8.c
Windows Debug and Release	Build a compatible Premake 5	2026-10-01T13:00:36.9966689Z 6>   Creating library ..\..\bin\release\example.lib and object ..\..\bin\release\example.exp
Windows Debug and Release	Build a compatible Premake 5	2026-10-01T13:00:36.9975765Z 5>   Creating library ..\..\bin\release\luasocket.lib and object ..\..\bin\release\luasocket.exp
Windows Debug and Release	Build a compatible Premake 5	2026-10-01T13:00:37.0554102Z 5>Generating code
Windows Debug and Release	Build a compatible Premake 5	2026-10-01T13:00:37.0556744Z 6>Generating code
Windows Debug and Release	Build a compatible Premake 5	2026-10-01T13:00:37.2035043Z 2>zip-lib.vcxproj -> D:\a\_temp\premake-core\build\bootstrap\bin\x64\Release\zip-lib.lib
Windows Debug and Release	Build a compatible Premake 5	2026-10-01T13:00:37.2835526Z 6>Finished generating code
Windows Debug and Release	Build a compatible Premake 5	2026-10-01T13:00:37.4481325Z 9>------ Build started: Project: Premake5, Configuration: Release x64 ------
Windows Debug and Release	Build a compatible Premake 5	2026-10-01T13:00:37.4626345Z 5>Finished generating code
Windows Debug and Release	Build a compatible Premake 5	2026-10-01T13:00:37.6085873Z 9>buffered_io.c
Windows Debug and Release	Build a compatible Premake 5	2026-10-01T13:00:37.6162151Z 9>criteria_matches.c
Windows Debug and Release	Build a compatible Premake 5	2026-10-01T13:00:37.6189962Z 9>curl_utils.c
Windows Debug and Release	Build a compatible Premake 5	2026-10-01T13:00:37.6191868Z 9>debug_prompt.c
Windows Debug and Release	Build a compatible Premake 5	2026-10-01T13:00:37.7780327Z 9>http_download.c
Windows Debug and Release	Build a compatible Premake 5	2026-10-01T13:00:37.7821997Z 9>http_get.c
Windows Debug and Release	Build a compatible Premake 5	2026-10-01T13:00:37.8043116Z 9>http_post.c
Windows Debug and Release	Build a compatible Premake 5	2026-10-01T13:00:37.8185774Z 9>lua_auxlib.c
Windows Debug and Release	Build a compatible Premake 5	2026-10-01T13:00:37.9423515Z 5>luasocket.vcxproj -> D:\a\_temp\premake-core\bin\release\luasocket.dll
Windows Debug and Release	Build a compatible Premake 5	2026-10-01T13:00:37.9468713Z 9>os_chdir.c
Windows Debug and Release	Build a compatible Premake 5	2026-10-01T13:00:37.9761883Z 6>example.vcxproj -> D:\a\_temp\premake-core\bin\release\example.dll
Windows Debug and Release	Build a compatible Premake 5	2026-10-01T13:00:38.0220156Z 9>D:\a\_temp\premake-core\src\host\curl_utils.c(217,1): warning C4206: nonstandard extension used: translation unit is empty
Windows Debug and Release	Build a compatible Premake 5	2026-10-01T13:00:38.0221272Z 9>os_chmod.c
Windows Debug and Release	Build a compatible Premake 5	2026-10-01T13:00:38.0221713Z 9>os_comparefiles.c
Windows Debug and Release	Build a compatible Premake 5	2026-10-01T13:00:38.0222142Z 9>os_compile.c
Windows Debug and Release	Build a compatible Premake 5	2026-10-01T13:00:38.0222517Z 9>os_copyfile.c
Windows Debug and Release	Build a compatible Premake 5	2026-10-01T13:00:38.1145179Z 9>os_getWindowsRegistry.c
Windows Debug and Release	Build a compatible Premake 5	2026-10-01T13:00:38.1804863Z 9>os_getcwd.c
Windows Debug and Release	Build a compatible Premake 5	2026-10-01T13:00:38.1806398Z 9>os_getnumcpus.c
Windows Debug and Release	Build a compatible Premake 5	2026-10-01T13:00:38.1808962Z 9>os_getpass.c
Windows Debug and Release	Build a compatible Premake 5	2026-10-01T13:00:38.5968300Z 9>os_getversion.c
Windows Debug and Release	Build a compatible Premake 5	2026-10-01T13:00:38.5972741Z 9>os_host.c
Windows Debug and Release	Build a compatible Premake 5	2026-10-01T13:00:38.5996026Z 9>os_hostarch.c
Windows Debug and Release	Build a compatible Premake 5	2026-10-01T13:00:38.5998580Z 9>os_is64bit.c
Windows Debug and Release	Build a compatible Premake 5	2026-10-01T13:00:38.7449755Z 9>os_isdir.c
Windows Debug and Release	Build a compatible Premake 5	2026-10-01T13:00:38.7479778Z 9>os_isfile.c
Windows Debug and Release	Build a compatible Premake 5	2026-10-01T13:00:38.7585424Z 9>os_islink.c
Windows Debug and Release	Build a compatible Premake 5	2026-10-01T13:00:38.9137813Z 9>os_linkdir.c
Windows Debug and Release	Build a compatible Premake 5	2026-10-01T13:00:38.9145971Z 9>os_linkfile.c
Windows Debug and Release	Build a compatible Premake 5	2026-10-01T13:00:38.9148150Z 9>os_listWindowsRegistry.c
Windows Debug and Release	Build a compatible Premake 5	2026-10-01T13:00:38.9787753Z 9>os_locate.c
Windows Debug and Release	Build a compatible Premake 5	2026-10-01T13:00:38.9793116Z 9>os_match.c
Windows Debug and Release	Build a compatible Premake 5	2026-10-01T13:00:39.2189188Z 9>os_mkdir.c
Windows Debug and Release	Build a compatible Premake 5	2026-10-01T13:00:39.2193318Z 9>os_pathsearch.c
Windows Debug and Release	Build a compatible Premake 5	2026-10-01T13:00:39.2204860Z 9>os_realpath.c
Windows Debug and Release	Build a compatible Premake 5	2026-10-01T13:00:39.2223216Z 9>os_remove.c
Windows Debug and Release	Build a compatible Premake 5	2026-10-01T13:00:39.3588878Z 9>os_rename.c
Windows Debug and Release	Build a compatible Premake 5	2026-10-01T13:00:39.5063472Z 9>os_rmdir.c
Windows Debug and Release	Build a compatible Premake 5	2026-10-01T13:00:39.5088293Z 9>os_stat.c
Windows Debug and Release	Build a compatible Premake 5	2026-10-01T13:00:39.5170898Z 9>os_touchfile.c
Windows Debug and Release	Build a compatible Premake 5	2026-10-01T13:00:39.5232649Z 9>os_uuid.c
Windows Debug and Release	Build a compatible Premake 5	2026-10-01T13:00:39.5724505Z 9>os_writefile_ifnotequal.c
Windows Debug and Release	Build a compatible Premake 5	2026-10-01T13:00:39.5725484Z 9>path_getabsolute.c
Windows Debug and Release	Build a compatible Premake 5	2026-10-01T13:00:39.5727159Z 9>path_getrelative.c
Windows Debug and Release	Build a compatible Premake 5	2026-10-01T13:00:39.6767837Z 9>path_isabsolute.c
Windows Debug and Release	Build a compatible Premake 5	2026-10-01T13:00:39.7288918Z 9>path_join.c
Windows Debug and Release	Build a compatible Premake 5	2026-10-01T13:00:39.7290537Z 9>path_normalize.c
Windows Debug and Release	Build a compatible Premake 5	2026-10-01T13:00:39.7292541Z 9>path_translate.c
Windows Debug and Release	Build a compatible Premake 5	2026-10-01T13:00:39.9701702Z 9>path_wildcards.c
Windows Debug and Release	Build a compatible Premake 5	2026-10-01T13:00:39.9704267Z 9>premake.c
Windows Debug and Release	Build a compatible Premake 5	2026-10-01T13:00:39.9704660Z 9>premake_main.c
Windows Debug and Release	Build a compatible Premake 5	2026-10-01T13:00:40.1169486Z 9>string_endswith.c
Windows Debug and Release	Build a compatible Premake 5	2026-10-01T13:00:40.1179629Z 9>string_hash.c
Windows Debug and Release	Build a compatible Premake 5	2026-10-01T13:00:40.2594588Z 9>string_sha1.c
Windows Debug and Release	Build a compatible Premake 5	2026-10-01T13:00:40.2603192Z 9>string_startswith.c
Windows Debug and Release	Build a compatible Premake 5	2026-10-01T13:00:40.2769953Z 9>term_textColor.c
Windows Debug and Release	Build a compatible Premake 5	2026-10-01T13:00:40.2795904Z 9>zip_extract.c
Windows Debug and Release	Build a compatible Premake 5	2026-10-01T13:00:40.3237562Z 9>zip_list.c
Windows Debug and Release	Build a compatible Premake 5	2026-10-01T13:00:40.3240719Z 9>scripts.c
Windows Debug and Release	Build a compatible Premake 5	2026-10-01T13:00:41.6105148Z 9>Generating code
Windows Debug and Release	Build a compatible Premake 5	2026-10-01T13:00:44.8341798Z 9>Finished generating code
Windows Debug and Release	Build a compatible Premake 5	2026-10-01T13:00:45.0528252Z 9>Premake5.vcxproj -> D:\a\_temp\premake-core\bin\release\premake5.exe
Windows Debug and Release	Build a compatible Premake 5	2026-10-01T13:00:45.0785407Z 9>Done building project "Premake5.vcxproj".
Windows Debug and Release	Build a compatible Premake 5	2026-10-01T13:00:45.1067225Z ========== Build: 7 succeeded, 0 failed, 0 up-to-date, 2 skipped ==========
Windows Debug and Release	Build a compatible Premake 5	2026-10-01T13:00:45.1071571Z ========== Build completed at 1:00 PM and took 30.311 seconds ==========
Windows Debug and Release	Add MSBuild to PATH	﻿2026-10-01T13:00:45.3772294Z ##[group]Run microsoft/setup-msbuild@v2
Windows Debug and Release	Add MSBuild to PATH	2026-10-01T13:00:45.3772699Z with:
Windows Debug and Release	Add MSBuild to PATH	2026-10-01T13:00:45.3772988Z   msbuild-architecture: x86
Windows Debug and Release	Add MSBuild to PATH	2026-10-01T13:00:45.3773225Z ##[endgroup]
Windows Debug and Release	Add MSBuild to PATH	2026-10-01T13:00:45.9172378Z [command]C:\ProgramData\Chocolatey\bin\vswhere.exe -products * -requires Microsoft.Component.MSBuild -property installationPath -latest
Windows Debug and Release	Add MSBuild to PATH	2026-10-01T13:00:46.0762679Z C:\Program Files\Microsoft Visual Studio\2022\Enterprise
Windows Debug and Release	Restore pinned shader libraries	﻿2026-10-01T13:00:46.2004512Z ##[group]Run actions/cache@v4
Windows Debug and Release	Restore pinned shader libraries	2026-10-01T13:00:46.2004941Z with:
Windows Debug and Release	Restore pinned shader libraries	2026-10-01T13:00:46.2005160Z   path: build/dependencies/install
Windows Debug and Release	Restore pinned shader libraries	2026-10-01T13:00:46.2005595Z   key: shader-tools-windows2022-msvc143-b06091567810987adeb69a7917419af077df7242a5b87b560355073b087bce20
Windows Debug and Release	Restore pinned shader libraries	2026-10-01T13:00:46.2006008Z   enableCrossOsArchive: false
Windows Debug and Release	Restore pinned shader libraries	2026-10-01T13:00:46.2006242Z   fail-on-cache-miss: false
Windows Debug and Release	Restore pinned shader libraries	2026-10-01T13:00:46.2006468Z   lookup-only: false
Windows Debug and Release	Restore pinned shader libraries	2026-10-01T13:00:46.2006724Z   save-always: false
Windows Debug and Release	Restore pinned shader libraries	2026-10-01T13:00:46.2006973Z ##[endgroup]
Windows Debug and Release	Restore pinned shader libraries	2026-10-01T13:00:46.2998207Z (node:1328) [DEP0040] DeprecationWarning: The `punycode` module is deprecated. Please use a userland alternative instead.
Windows Debug and Release	Restore pinned shader libraries	2026-10-01T13:00:46.2999004Z (Use `node --trace-deprecation ...` to show where the warning was created)
Windows Debug and Release	Restore pinned shader libraries	2026-10-01T13:00:46.6604312Z Cache not found for input keys: shader-tools-windows2022-msvc143-b06091567810987adeb69a7917419af077df7242a5b87b560355073b087bce20
Windows Debug and Release	Build pinned shader libraries (Debug and Release, two jobs)	﻿2026-10-01T13:00:46.6828407Z ##[group]Run python scripts/dependencies/build-shader-tools.py --jobs 2
Windows Debug and Release	Build pinned shader libraries (Debug and Release, two jobs)	2026-10-01T13:00:46.6828923Z ^[[36;1mpython scripts/dependencies/build-shader-tools.py --jobs 2^[[0m
Windows Debug and Release	Build pinned shader libraries (Debug and Release, two jobs)	2026-10-01T13:00:46.8590239Z shell: C:\Program Files\PowerShell\7\pwsh.EXE -command ". '{0}'"
Windows Debug and Release	Build pinned shader libraries (Debug and Release, two jobs)	2026-10-01T13:00:46.8590702Z ##[endgroup]
Windows Debug and Release	Build pinned shader libraries (Debug and Release, two jobs)	2026-10-01T13:00:50.6141480Z + git init D:\a\Hazel\Hazel\build\dependencies\sources\shaderc
Windows Debug and Release	Build pinned shader libraries (Debug and Release, two jobs)	2026-10-01T13:00:51.2263328Z Initialized empty Git repository in D:/a/Hazel/Hazel/build/dependencies/sources/shaderc/.git/
Windows Debug and Release	Build pinned shader libraries (Debug and Release, two jobs)	2026-10-01T13:00:51.2286825Z + git -C D:\a\Hazel\Hazel\build\dependencies\sources\shaderc remote add origin https://github.com/google/shaderc.git
Windows Debug and Release	Build pinned shader libraries (Debug and Release, two jobs)	2026-10-01T13:00:51.2976241Z + git -C D:\a\Hazel\Hazel\build\dependencies\sources\shaderc fetch --depth=1 origin 39aa522785f130130927cd4766a37e8813af6d66
Windows Debug and Release	Build pinned shader libraries (Debug and Release, two jobs)	2026-10-01T13:00:51.7625492Z From https://github.com/google/shaderc
Windows Debug and Release	Build pinned shader libraries (Debug and Release, two jobs)	2026-10-01T13:00:51.7625982Z  * branch            39aa522785f130130927cd4766a37e8813af6d66 -> FETCH_HEAD
Windows Debug and Release	Build pinned shader libraries (Debug and Release, two jobs)	2026-10-01T13:00:51.7750841Z + git -C D:\a\Hazel\Hazel\build\dependencies\sources\shaderc checkout --detach 39aa522785f130130927cd4766a37e8813af6d66
Windows Debug and Release	Build pinned shader libraries (Debug and Release, two jobs)	2026-10-01T13:00:51.8208164Z HEAD is now at 39aa522 Finalize v2023.6
Windows Debug and Release	Build pinned shader libraries (Debug and Release, two jobs)	2026-10-01T13:00:51.8427150Z + git init D:\a\Hazel\Hazel\build\dependencies\sources\spirv-cross
Windows Debug and Release	Build pinned shader libraries (Debug and Release, two jobs)	2026-10-01T13:00:51.8610129Z Initialized empty Git repository in D:/a/Hazel/Hazel/build/dependencies/sources/spirv-cross/.git/
Windows Debug and Release	Build pinned shader libraries (Debug and Release, two jobs)	2026-10-01T13:00:51.8632017Z + git -C D:\a\Hazel\Hazel\build\dependencies\sources\spirv-cross remote add origin https://github.com/KhronosGroup/SPIRV-Cross.git
Windows Debug and Release	Build pinned shader libraries (Debug and Release, two jobs)	2026-10-01T13:00:51.9332325Z + git -C D:\a\Hazel\Hazel\build\dependencies\sources\spirv-cross fetch --depth=1 origin 2de1265fca722929785d9acdec4ab728c47a0254
Windows Debug and Release	Build pinned shader libraries (Debug and Release, two jobs)	2026-10-01T13:00:52.6360261Z From https://github.com/KhronosGroup/SPIRV-Cross
Windows Debug and Release	Build pinned shader libraries (Debug and Release, two jobs)	2026-10-01T13:00:52.6360779Z  * branch            2de1265fca722929785d9acdec4ab728c47a0254 -> FETCH_HEAD
Windows Debug and Release	Build pinned shader libraries (Debug and Release, two jobs)	2026-10-01T13:00:52.6482114Z + git -C D:\a\Hazel\Hazel\build\dependencies\sources\spirv-cross checkout --detach 2de1265fca722929785d9acdec4ab728c47a0254
Windows Debug and Release	Build pinned shader libraries (Debug and Release, two jobs)	2026-10-01T13:00:53.0028235Z HEAD is now at 2de1265 Merge pull request #2218 from KhronosGroup/pr-2217
Windows Debug and Release	Build pinned shader libraries (Debug and Release, two jobs)	2026-10-01T13:00:53.0252526Z + git init D:\a\Hazel\Hazel\build\dependencies\sources\shaderc\third_party\glslang
Windows Debug and Release	Build pinned shader libraries (Debug and Release, two jobs)	2026-10-01T13:00:53.0431823Z Initialized empty Git repository in D:/a/Hazel/Hazel/build/dependencies/sources/shaderc/third_party/glslang/.git/
Windows Debug and Release	Build pinned shader libraries (Debug and Release, two jobs)	2026-10-01T13:00:53.0452640Z + git -C D:\a\Hazel\Hazel\build\dependencies\sources\shaderc\third_party\glslang remote add origin https://github.com/KhronosGroup/glslang.git
Windows Debug and Release	Build pinned shader libraries (Debug and Release, two jobs)	2026-10-01T13:00:53.1125403Z + git -C D:\a\Hazel\Hazel\build\dependencies\sources\shaderc\third_party\glslang fetch --depth=1 origin 76b52ebf77833908dc4c0dd6c70a9c357ac720bd
Windows Debug and Release	Build pinned shader libraries (Debug and Release, two jobs)	2026-10-01T13:00:54.5414743Z From https://github.com/KhronosGroup/glslang
Windows Debug and Release	Build pinned shader libraries (Debug and Release, two jobs)	2026-10-01T13:00:54.5415563Z  * branch            76b52ebf77833908dc4c0dd6c70a9c357ac720bd -> FETCH_HEAD
Windows Debug and Release	Build pinned shader libraries (Debug and Release, two jobs)	2026-10-01T13:00:54.5533312Z + git -C D:\a\Hazel\Hazel\build\dependencies\sources\shaderc\third_party\glslang checkout --detach 76b52ebf77833908dc4c0dd6c70a9c357ac720bd
Windows Debug and Release	Build pinned shader libraries (Debug and Release, two jobs)	2026-10-01T13:00:54.8646401Z HEAD is now at 76b52eb Update known_good.json
Windows Debug and Release	Build pinned shader libraries (Debug and Release, two jobs)	2026-10-01T13:00:54.8882368Z + git init D:\a\Hazel\Hazel\build\dependencies\sources\shaderc\third_party\spirv-headers
Windows Debug and Release	Build pinned shader libraries (Debug and Release, two jobs)	2026-10-01T13:00:54.9055623Z Initialized empty Git repository in D:/a/Hazel/Hazel/build/dependencies/sources/shaderc/third_party/spirv-headers/.git/
Windows Debug and Release	Build pinned shader libraries (Debug and Release, two jobs)	2026-10-01T13:00:54.9075583Z + git -C D:\a\Hazel\Hazel\build\dependencies\sources\shaderc\third_party\spirv-headers remote add origin https://github.com/KhronosGroup/SPIRV-Headers.git
Windows Debug and Release	Build pinned shader libraries (Debug and Release, two jobs)	2026-10-01T13:00:54.9767027Z + git -C D:\a\Hazel\Hazel\build\dependencies\sources\shaderc\third_party\spirv-headers fetch --depth=1 origin 124a9665e464ef98b8b718d572d5f329311061eb
Windows Debug and Release	Build pinned shader libraries (Debug and Release, two jobs)	2026-10-01T13:00:55.4696792Z From https://github.com/KhronosGroup/SPIRV-Headers
Windows Debug and Release	Build pinned shader libraries (Debug and Release, two jobs)	2026-10-01T13:00:55.4697444Z  * branch            124a9665e464ef98b8b718d572d5f329311061eb -> FETCH_HEAD
Windows Debug and Release	Build pinned shader libraries (Debug and Release, two jobs)	2026-10-01T13:00:55.4822302Z + git -C D:\a\Hazel\Hazel\build\dependencies\sources\shaderc\third_party\spirv-headers checkout --detach 124a9665e464ef98b8b718d572d5f329311061eb
Windows Debug and Release	Build pinned shader libraries (Debug and Release, two jobs)	2026-10-01T13:00:55.5231906Z HEAD is now at 124a966 Merge pull request #367 from dneto0/coop-matrix-enums-deps
Windows Debug and Release	Build pinned shader libraries (Debug and Release, two jobs)	2026-10-01T13:00:55.5448439Z + git init D:\a\Hazel\Hazel\build\dependencies\sources\shaderc\third_party\spirv-tools
Windows Debug and Release	Build pinned shader libraries (Debug and Release, two jobs)	2026-10-01T13:00:55.5629357Z Initialized empty Git repository in D:/a/Hazel/Hazel/build/dependencies/sources/shaderc/third_party/spirv-tools/.git/
Windows Debug and Release	Build pinned shader libraries (Debug and Release, two jobs)	2026-10-01T13:00:55.5651705Z + git -C D:\a\Hazel\Hazel\build\dependencies\sources\shaderc\third_party\spirv-tools remote add origin https://github.com/KhronosGroup/SPIRV-Tools.git
Windows Debug and Release	Build pinned shader libraries (Debug and Release, two jobs)	2026-10-01T13:00:55.6340607Z + git -C D:\a\Hazel\Hazel\build\dependencies\sources\shaderc\third_party\spirv-tools fetch --depth=1 origin e553b884c7c9febaa4e52334f683641fb5f196a0
Windows Debug and Release	Build pinned shader libraries (Debug and Release, two jobs)	2026-10-01T13:00:56.8702025Z From https://github.com/KhronosGroup/SPIRV-Tools
Windows Debug and Release	Build pinned shader libraries (Debug and Release, two jobs)	2026-10-01T13:00:56.8702675Z  * branch            e553b884c7c9febaa4e52334f683641fb5f196a0 -> FETCH_HEAD
Windows Debug and Release	Build pinned shader libraries (Debug and Release, two jobs)	2026-10-01T13:00:56.8839907Z + git -C D:\a\Hazel\Hazel\build\dependencies\sources\shaderc\third_party\spirv-tools checkout --detach e553b884c7c9febaa4e52334f683641fb5f196a0
Windows Debug and Release	Build pinned shader libraries (Debug and Release, two jobs)	2026-10-01T13:00:57.1552784Z HEAD is now at e553b88 Prepare release for v2023.4.rc2 (#5362)
Windows Debug and Release	Build pinned shader libraries (Debug and Release, two jobs)	2026-10-01T13:00:58.3969798Z + cmake -S D:\a\Hazel\Hazel\build\dependencies\sources\shaderc -B D:\a\Hazel\Hazel\build\dependencies\cmake\Debug-windows-x86_64\shaderc -G Visual Studio 17 2022 -A x64 -DCMAKE_BUILD_TYPE=Debug -DCMAKE_POSITION_INDEPENDENT_CODE=ON -DCMAKE_MSVC_RUNTIME_LIBRARY=MultiThreaded$<$<CONFIG:Debug>:Debug>DLL -DCMAKE_PROJECT_shaderc_INCLUDE=D:\a\Hazel\Hazel\scripts\dependencies\shaderc-compat.cmake -DSHADERC_SKIP_TESTS=ON -DSHADERC_SKIP_EXAMPLES=ON -DSHADERC_SKIP_COPYRIGHT_CHECK=ON -DSHADERC_SKIP_INSTALL=ON -DSHADERC_ENABLE_WERROR_COMPILE=OFF -DSHADERC_ENABLE_SHARED_CRT=ON -DSPIRV_SKIP_EXECUTABLES=ON -DENABLE_GLSLANG_BINARIES=OFF -DENABLE_GLSLANG_JS=OFF -DBUILD_TESTING=OFF
Windows Debug and Release	Build pinned shader libraries (Debug and Release, two jobs)	2026-10-01T13:00:58.7806314Z -- Selecting Windows SDK version 10.0.26100.0 to target Windows 10.0.20348.
Windows Debug and Release	Build pinned shader libraries (Debug and Release, two jobs)	2026-10-01T13:01:01.3423520Z -- The C compiler identification is MSVC 19.44.35229.0
Windows Debug and Release	Build pinned shader libraries (Debug and Release, two jobs)	2026-10-01T13:01:03.8270973Z -- The CXX compiler identification is MSVC 19.44.35229.0
Windows Debug and Release	Build pinned shader libraries (Debug and Release, two jobs)	2026-10-01T13:01:04.0748704Z -- Detecting C compiler ABI info
Windows Debug and Release	Build pinned shader libraries (Debug and Release, two jobs)	2026-10-01T13:01:05.5888519Z -- Detecting C compiler ABI info - done
Windows Debug and Release	Build pinned shader libraries (Debug and Release, two jobs)	2026-10-01T13:01:05.6023146Z -- Check for working C compiler: C:/Program Files/Microsoft Visual Studio/2022/Enterprise/VC/Tools/MSVC/14.44.35207/bin/Hostx64/x64/cl.exe - skipped
Windows Debug and Release	Build pinned shader libraries (Debug and Release, two jobs)	2026-10-01T13:01:05.6037059Z -- Detecting C compile features
Windows Debug and Release	Build pinned shader libraries (Debug and Release, two jobs)	2026-10-01T13:01:05.6080695Z -- Detecting C compile features - done
Windows Debug and Release	Build pinned shader libraries (Debug and Release, two jobs)	2026-10-01T13:01:05.6391661Z -- Detecting CXX compiler ABI info
Windows Debug and Release	Build pinned shader libraries (Debug and Release, two jobs)	2026-10-01T13:01:06.2312307Z -- Detecting CXX compiler ABI info - done
Windows Debug and Release	Build pinned shader libraries (Debug and Release, two jobs)	2026-10-01T13:01:06.2443505Z -- Check for working CXX compiler: C:/Program Files/Microsoft Visual Studio/2022/Enterprise/VC/Tools/MSVC/14.44.35207/bin/Hostx64/x64/cl.exe - skipped
Windows Debug and Release	Build pinned shader libraries (Debug and Release, two jobs)	2026-10-01T13:01:06.2446391Z -- Detecting CXX compile features
Windows Debug and Release	Build pinned shader libraries (Debug and Release, two jobs)	2026-10-01T13:01:06.2453270Z -- Detecting CXX compile features - done
Windows Debug and Release	Build pinned shader libraries (Debug and Release, two jobs)	2026-10-01T13:01:06.2476606Z -- Shaderc: build type is "Debug".
Windows Debug and Release	Build pinned shader libraries (Debug and Release, two jobs)	2026-10-01T13:01:06.2477174Z -- Configuring Shaderc to avoid building tests.
Windows Debug and Release	Build pinned shader libraries (Debug and Release, two jobs)	2026-10-01T13:01:06.2477578Z -- Configuring Shaderc to avoid building examples.
Windows Debug and Release	Build pinned shader libraries (Debug and Release, two jobs)	2026-10-01T13:01:06.2477902Z -- Configuring Shaderc to avoid checking copyrights.
Windows Debug and Release	Build pinned shader libraries (Debug and Release, two jobs)	2026-10-01T13:01:06.2754373Z -- asciidoctor was not found - no documentation will be generated
Windows Debug and Release	Build pinned shader libraries (Debug and Release, two jobs)	2026-10-01T13:01:06.2800520Z CMake Warning (dev) at cmake/setup_build.cmake:52 (find_package):
Windows Debug and Release	Build pinned shader libraries (Debug and Release, two jobs)	2026-10-01T13:01:06.2801230Z   Policy CMP0148 is not set: The FindPythonInterp and FindPythonLibs modules
Windows Debug and Release	Build pinned shader libraries (Debug and Release, two jobs)	2026-10-01T13:01:06.2801735Z   are removed.  Run "cmake --help-policy CMP0148" for policy details.  Use
Windows Debug and Release	Build pinned shader libraries (Debug and Release, two jobs)	2026-10-01T13:01:06.2802158Z   the cmake_policy command to set the policy and suppress this warning.
Windows Debug and Release	Build pinned shader libraries (Debug and Release, two jobs)	2026-10-01T13:01:06.2802408Z 
Windows Debug and Release	Build pinned shader libraries (Debug and Release, two jobs)	2026-10-01T13:01:06.2802538Z Call Stack (most recent call first):
Windows Debug and Release	Build pinned shader libraries (Debug and Release, two jobs)	2026-10-01T13:01:06.2803771Z   CMakeLists.txt:69 (include)
Windows Debug and Release	Build pinned shader libraries (Debug and Release, two jobs)	2026-10-01T13:01:06.2804144Z This warning is for project developers.  Use -Wno-dev to suppress it.
Windows Debug and Release	Build pinned shader libraries (Debug and Release, two jobs)	2026-10-01T13:01:06.2804406Z 
Windows Debug and Release	Build pinned shader libraries (Debug and Release, two jobs)	2026-10-01T13:01:06.3194238Z -- Found PythonInterp: C:/hostedtoolcache/windows/Python/3.12.10/x64/python3.exe (found suitable version "3.12.10", minimum required is "3")
Windows Debug and Release	Build pinned shader libraries (Debug and Release, two jobs)	2026-10-01T13:01:06.3276505Z -- Performing Test COMPILER_SUPPORTS_FALLTHROUGH_WARNING
Windows Debug and Release	Build pinned shader libraries (Debug and Release, two jobs)	2026-10-01T13:01:06.7308329Z -- Performing Test COMPILER_SUPPORTS_FALLTHROUGH_WARNING - Failed
Windows Debug and Release	Build pinned shader libraries (Debug and Release, two jobs)	2026-10-01T13:01:06.7317100Z -- Performing Test COMPILER_SUPPORTS_EXTRA_SEMI_WARNING
Windows Debug and Release	Build pinned shader libraries (Debug and Release, two jobs)	2026-10-01T13:01:07.1175687Z -- Performing Test COMPILER_SUPPORTS_EXTRA_SEMI_WARNING - Failed
Windows Debug and Release	Build pinned shader libraries (Debug and Release, two jobs)	2026-10-01T13:01:07.1178853Z CMake Warning (dev) at cmake/setup_build.cmake:17 (find_package):
Windows Debug and Release	Build pinned shader libraries (Debug and Release, two jobs)	2026-10-01T13:01:07.1179401Z   Policy CMP0148 is not set: The FindPythonInterp and FindPythonLibs modules
Windows Debug and Release	Build pinned shader libraries (Debug and Release, two jobs)	2026-10-01T13:01:07.1179873Z   are removed.  Run "cmake --help-policy CMP0148" for policy details.  Use
Windows Debug and Release	Build pinned shader libraries (Debug and Release, two jobs)	2026-10-01T13:01:07.1180343Z   the cmake_policy command to set the policy and suppress this warning.
Windows Debug and Release	Build pinned shader libraries (Debug and Release, two jobs)	2026-10-01T13:01:07.1180600Z 
Windows Debug and Release	Build pinned shader libraries (Debug and Release, two jobs)	2026-10-01T13:01:07.1180702Z Call Stack (most recent call first):
Windows Debug and Release	Build pinned shader libraries (Debug and Release, two jobs)	2026-10-01T13:01:07.1180979Z   CMakeLists.txt:94 (find_host_package)
Windows Debug and Release	Build pinned shader libraries (Debug and Release, two jobs)	2026-10-01T13:01:07.1181313Z This warning is for project developers.  Use -Wno-dev to suppress it.
Windows Debug and Release	Build pinned shader libraries (Debug and Release, two jobs)	2026-10-01T13:01:07.1181570Z 
Windows Debug and Release	Build pinned shader libraries (Debug and Release, two jobs)	2026-10-01T13:01:07.1411596Z -- Performing Test COMPILER_SUPPORTS_PIC
Windows Debug and Release	Build pinned shader libraries (Debug and Release, two jobs)	2026-10-01T13:01:07.7939925Z -- Performing Test COMPILER_SUPPORTS_PIC - Failed
Windows Debug and Release	Build pinned shader libraries (Debug and Release, two jobs)	2026-10-01T13:01:10.4788915Z -- Found Python3: C:/hostedtoolcache/windows/Python/3.14.7/x64/python3.exe (found version "3.14.7") found components: Interpreter
Windows Debug and Release	Build pinned shader libraries (Debug and Release, two jobs)	2026-10-01T13:01:10.8337133Z -- optimizer enabled
Windows Debug and Release	Build pinned shader libraries (Debug and Release, two jobs)	2026-10-01T13:01:11.0116682Z -- Performing Test CMAKE_HAVE_LIBC_PTHREAD
Windows Debug and Release	Build pinned shader libraries (Debug and Release, two jobs)	2026-10-01T13:01:11.4268138Z -- Performing Test CMAKE_HAVE_LIBC_PTHREAD - Failed
Windows Debug and Release	Build pinned shader libraries (Debug and Release, two jobs)	2026-10-01T13:01:11.4268758Z -- Looking for pthread_create in pthreads
Windows Debug and Release	Build pinned shader libraries (Debug and Release, two jobs)	2026-10-01T13:01:11.9108839Z -- Looking for pthread_create in pthreads - not found
Windows Debug and Release	Build pinned shader libraries (Debug and Release, two jobs)	2026-10-01T13:01:11.9109404Z -- Looking for pthread_create in pthread
Windows Debug and Release	Build pinned shader libraries (Debug and Release, two jobs)	2026-10-01T13:01:12.3494082Z -- Looking for pthread_create in pthread - not found
Windows Debug and Release	Build pinned shader libraries (Debug and Release, two jobs)	2026-10-01T13:01:12.3503159Z -- Found Threads: TRUE
Windows Debug and Release	Build pinned shader libraries (Debug and Release, two jobs)	2026-10-01T13:01:12.3581735Z -- Configuring done (13.9s)
Windows Debug and Release	Build pinned shader libraries (Debug and Release, two jobs)	2026-10-01T13:01:12.7081489Z -- Generating done (0.3s)
Windows Debug and Release	Build pinned shader libraries (Debug and Release, two jobs)	2026-10-01T13:01:12.7086572Z -- Build files have been written to: D:/a/Hazel/Hazel/build/dependencies/cmake/Debug-windows-x86_64/shaderc
Windows Debug and Release	Build pinned shader libraries (Debug and Release, two jobs)	2026-10-01T13:01:12.7255217Z + cmake --build D:\a\Hazel\Hazel\build\dependencies\cmake\Debug-windows-x86_64\shaderc --config Debug --target shaderc_combined_genfile --parallel 2
Windows Debug and Release	Build pinned shader libraries (Debug and Release, two jobs)	2026-10-01T13:01:12.8061435Z MSBuild version 17.14.60+43b635718 for .NET Framework
Windows Debug and Release	Build pinned shader libraries (Debug and Release, two jobs)	2026-10-01T13:01:12.8295486Z 
Windows Debug and Release	Build pinned shader libraries (Debug and Release, two jobs)	2026-10-01T13:01:13.0923761Z   1>Checking Build System
Windows Debug and Release	Build pinned shader libraries (Debug and Release, two jobs)	2026-10-01T13:01:13.2842779Z   Building Custom Rule D:/a/Hazel/Hazel/build/dependencies/sources/shaderc/third_party/glslang/glslang/CMakeLists.txt
Windows Debug and Release	Build pinned shader libraries (Debug and Release, two jobs)	2026-10-01T13:01:13.4084481Z cl : command line  warning D9025: overriding '/W1' with '/w' [D:\a\Hazel\Hazel\build\dependencies\cmake\Debug-windows-x86_64\shaderc\third_party\glslang\glslang\GenericCodeGen.vcxproj]
Windows Debug and Release	Build pinned shader libraries (Debug and Release, two jobs)	2026-10-01T13:01:13.4085498Z   CodeGen.cpp
Windows Debug and Release	Build pinned shader libraries (Debug and Release, two jobs)	2026-10-01T13:01:13.4420968Z   Building Custom Rule D:/a/Hazel/Hazel/build/dependencies/sources/shaderc/third_party/glslang/OGLCompilersDLL/CMakeLists.txt
Windows Debug and Release	Build pinned shader libraries (Debug and Release, two jobs)	2026-10-01T13:01:13.5071677Z cl : command line  warning D9025: overriding '/W1' with '/w' [D:\a\Hazel\Hazel\build\dependencies\cmake\Debug-windows-x86_64\shaderc\third_party\glslang\OGLCompilersDLL\OGLCompiler.vcxproj]
Windows Debug and Release	Build pinned shader libraries (Debug and Release, two jobs)	2026-10-01T13:01:13.5103249Z   InitializeDll.cpp
Windows Debug and Release	Build pinned shader libraries (Debug and Release, two jobs)	2026-10-01T13:01:13.5248286Z   Building Custom Rule D:/a/Hazel/Hazel/build/dependencies/sources/shaderc/third_party/glslang/hlsl/CMakeLists.txt
Windows Debug and Release	Build pinned shader libraries (Debug and Release, two jobs)	2026-10-01T13:01:13.5923737Z   OGLCompiler.vcxproj -> D:\a\Hazel\Hazel\build\dependencies\cmake\Debug-windows-x86_64\shaderc\third_party\glslang\OGLCompilersDLL\Debug\OGLCompilerd.lib
Windows Debug and Release	Build pinned shader libraries (Debug and Release, two jobs)	2026-10-01T13:01:13.6530397Z cl : command line  warning D9025: overriding '/W1' with '/w' [D:\a\Hazel\Hazel\build\dependencies\cmake\Debug-windows-x86_64\shaderc\third_party\glslang\hlsl\HLSL.vcxproj]
Windows Debug and Release	Build pinned shader libraries (Debug and Release, two jobs)	2026-10-01T13:01:13.6531570Z   stub.cpp
Windows Debug and Release	Build pinned shader libraries (Debug and Release, two jobs)	2026-10-01T13:01:13.6595764Z   Building Custom Rule D:/a/Hazel/Hazel/build/dependencies/sources/shaderc/third_party/glslang/glslang/OSDependent/Windows/CMakeLists.txt
Windows Debug and Release	Build pinned shader libraries (Debug and Release, two jobs)	2026-10-01T13:01:13.7197125Z cl : command line  warning D9025: overriding '/W1' with '/w' [D:\a\Hazel\Hazel\build\dependencies\cmake\Debug-windows-x86_64\shaderc\third_party\glslang\glslang\OSDependent\Windows\OSDependent.vcxproj]
Windows Debug and Release	Build pinned shader libraries (Debug and Release, two jobs)	2026-10-01T13:01:13.7206623Z   ossource.cpp
Windows Debug and Release	Build pinned shader libraries (Debug and Release, two jobs)	2026-10-01T13:01:13.7865188Z   HLSL.vcxproj -> D:\a\Hazel\Hazel\build\dependencies\cmake\Debug-windows-x86_64\shaderc\third_party\glslang\hlsl\Debug\HLSLd.lib
Windows Debug and Release	Build pinned shader libraries (Debug and Release, two jobs)	2026-10-01T13:01:13.9066169Z   Generate info tables for SPIR-V vunified1 core instructions and operands.
Windows Debug and Release	Build pinned shader libraries (Debug and Release, two jobs)	2026-10-01T13:01:15.5417118Z   Generate tables based on the SPIR-V XML registry.
Windows Debug and Release	Build pinned shader libraries (Debug and Release, two jobs)	2026-10-01T13:01:15.5696569Z   Generate enum-string mapping for SPIR-V vunified1.
Windows Debug and Release	Build pinned shader libraries (Debug and Release, two jobs)	2026-10-01T13:01:15.7332448Z   Building Custom Rule D:/a/Hazel/Hazel/build/dependencies/sources/shaderc/third_party/spirv-tools/source/CMakeLists.txt
Windows Debug and Release	Build pinned shader libraries (Debug and Release, two jobs)	2026-10-01T13:01:15.8331122Z   Generate language specific header for DebugInfo.
Windows Debug and Release	Build pinned shader libraries (Debug and Release, two jobs)	2026-10-01T13:01:15.8907537Z   Building Custom Rule D:/a/Hazel/Hazel/build/dependencies/sources/shaderc/third_party/spirv-tools/source/CMakeLists.txt
Windows Debug and Release	Build pinned shader libraries (Debug and Release, two jobs)	2026-10-01T13:01:15.9718759Z   Generate language specific header for NonSemanticShaderDebugInfo100.
Windows Debug and Release	Build pinned shader libraries (Debug and Release, two jobs)	2026-10-01T13:01:16.0302678Z   Building Custom Rule D:/a/Hazel/Hazel/build/dependencies/sources/shaderc/third_party/spirv-tools/source/CMakeLists.txt
Windows Debug and Release	Build pinned shader libraries (Debug and Release, two jobs)	2026-10-01T13:01:16.1040211Z   Generate language specific header for OpenCLDebugInfo100.
Windows Debug and Release	Build pinned shader libraries (Debug and Release, two jobs)	2026-10-01T13:01:16.1591667Z   Building Custom Rule D:/a/Hazel/Hazel/build/dependencies/sources/shaderc/third_party/spirv-tools/source/CMakeLists.txt
Windows Debug and Release	Build pinned shader libraries (Debug and Release, two jobs)	2026-10-01T13:01:16.2371474Z   Generate extended instruction tables for opencl.debuginfo.100.
Windows Debug and Release	Build pinned shader libraries (Debug and Release, two jobs)	2026-10-01T13:01:16.2981519Z   Building Custom Rule D:/a/Hazel/Hazel/build/dependencies/sources/shaderc/third_party/spirv-tools/source/CMakeLists.txt
Windows Debug and Release	Build pinned shader libraries (Debug and Release, two jobs)	2026-10-01T13:01:16.3725325Z   Generate extended instruction tables for nonsemantic.clspvreflection.
Windows Debug and Release	Build pinned shader libraries (Debug and Release, two jobs)	2026-10-01T13:01:16.4215203Z   Building Custom Rule D:/a/Hazel/Hazel/build/dependencies/sources/shaderc/third_party/spirv-tools/source/CMakeLists.txt
Windows Debug and Release	Build pinned shader libraries (Debug and Release, two jobs)	2026-10-01T13:01:16.4351626Z   Building Custom Rule D:/a/Hazel/Hazel/build/dependencies/sources/shaderc/third_party/spirv-tools/source/CMakeLists.txt
Windows Debug and Release	Build pinned shader libraries (Debug and Release, two jobs)	2026-10-01T13:01:16.5171281Z   Generate extended instruction tables for debuginfo.
Windows Debug and Release	Build pinned shader libraries (Debug and Release, two jobs)	2026-10-01T13:01:16.5231177Z   OSDependent.vcxproj -> D:\a\Hazel\Hazel\build\dependencies\cmake\Debug-windows-x86_64\shaderc\third_party\glslang\glslang\OSDependent\Windows\Debug\OSDependentd.lib
Windows Debug and Release	Build pinned shader libraries (Debug and Release, two jobs)	2026-10-01T13:01:16.5789651Z   Building Custom Rule D:/a/Hazel/Hazel/build/dependencies/sources/shaderc/third_party/spirv-tools/source/CMakeLists.txt
Windows Debug and Release	Build pinned shader libraries (Debug and Release, two jobs)	2026-10-01T13:01:16.6596795Z   Generate extended instruction tables for spv-amd-gcn-shader.
Windows Debug and Release	Build pinned shader libraries (Debug and Release, two jobs)	2026-10-01T13:01:16.6622303Z   Generate extended instruction tables for nonsemantic.shader.debuginfo.100.
Windows Debug and Release	Build pinned shader libraries (Debug and Release, two jobs)	2026-10-01T13:01:16.7223549Z   Building Custom Rule D:/a/Hazel/Hazel/build/dependencies/sources/shaderc/third_party/spirv-tools/source/CMakeLists.txt
Windows Debug and Release	Build pinned shader libraries (Debug and Release, two jobs)	2026-10-01T13:01:16.7287098Z   Building Custom Rule D:/a/Hazel/Hazel/build/dependencies/sources/shaderc/third_party/spirv-tools/source/CMakeLists.txt
Windows Debug and Release	Build pinned shader libraries (Debug and Release, two jobs)	2026-10-01T13:01:16.8067571Z   Generate extended instruction tables for spv-amd-shader-ballot.
Windows Debug and Release	Build pinned shader libraries (Debug and Release, two jobs)	2026-10-01T13:01:16.8146904Z   Generate extended instruction tables for spv-amd-shader-explicit-vertex-parameter.
Windows Debug and Release	Build pinned shader libraries (Debug and Release, two jobs)	2026-10-01T13:01:16.8678226Z   Building Custom Rule D:/a/Hazel/Hazel/build/dependencies/sources/shaderc/third_party/spirv-tools/source/CMakeLists.txt
Windows Debug and Release	Build pinned shader libraries (Debug and Release, two jobs)	2026-10-01T13:01:16.8750011Z   Building Custom Rule D:/a/Hazel/Hazel/build/dependencies/sources/shaderc/third_party/spirv-tools/source/CMakeLists.txt
Windows Debug and Release	Build pinned shader libraries (Debug and Release, two jobs)	2026-10-01T13:01:16.9551749Z   Generate extended instruction tables for spv-amd-shader-trinary-minmax.
Windows Debug and Release	Build pinned shader libraries (Debug and Release, two jobs)	2026-10-01T13:01:16.9607446Z   Update build-version.inc in the SPIRV-Tools build directory (if necessary).
Windows Debug and Release	Build pinned shader libraries (Debug and Release, two jobs)	2026-10-01T13:01:17.0189051Z   Building Custom Rule D:/a/Hazel/Hazel/build/dependencies/sources/shaderc/third_party/spirv-tools/source/CMakeLists.txt
Windows Debug and Release	Build pinned shader libraries (Debug and Release, two jobs)	2026-10-01T13:01:17.4898912Z   [13:01:17][ERROR   ] Failed to run "['git', 'describe']" in "D:\a\Hazel\Hazel\build\dependencies\sources\shaderc\third_party\spirv-tools": fatal: No names found, cannot describe anything.
Windows Debug and Release	Build pinned shader libraries (Debug and Release, two jobs)	2026-10-01T13:01:17.4900549Z   
Windows Debug and Release	Build pinned shader libraries (Debug and Release, two jobs)	2026-10-01T13:01:17.5167559Z   D:\a\Hazel\Hazel\build\dependencies\sources\shaderc\third_party\spirv-tools\utils\update_build_version.py:133: DeprecationWarning: datetime.datetime.utcfromtimestamp() is deprecated and scheduled for removal in a future version. Use timezone-aware objects to represent datetimes in UTC: datetime.datetime.fromtimestamp(timestamp, datetime.UTC).
Windows Debug and Release	Build pinned shader libraries (Debug and Release, two jobs)	2026-10-01T13:01:17.5168801Z     iso_date = datetime.datetime.utcfromtimestamp(timestamp).isoformat()
Windows Debug and Release	Build pinned shader libraries (Debug and Release, two jobs)	2026-10-01T13:01:17.5297198Z   Building Custom Rule D:/a/Hazel/Hazel/build/dependencies/sources/shaderc/third_party/spirv-tools/source/CMakeLists.txt
Windows Debug and Release	Build pinned shader libraries (Debug and Release, two jobs)	2026-10-01T13:01:17.5359018Z   Link.cpp
Windows Debug and Release	Build pinned shader libraries (Debug and Release, two jobs)	2026-10-01T13:01:17.6044440Z   Generate info tables for GLSL extended instructions and operands vunified1.
Windows Debug and Release	Build pinned shader libraries (Debug and Release, two jobs)	2026-10-01T13:01:17.6667083Z   Generate info tables for OpenCL extended instructions and operands vunified1.
Windows Debug and Release	Build pinned shader libraries (Debug and Release, two jobs)	2026-10-01T13:01:17.7342184Z   Building Custom Rule D:/a/Hazel/Hazel/build/dependencies/sources/shaderc/third_party/spirv-tools/source/CMakeLists.txt
Windows Debug and Release	Build pinned shader libraries (Debug and Release, two jobs)	2026-10-01T13:01:17.8906862Z   Generating Code...
Windows Debug and Release	Build pinned shader libraries (Debug and Release, two jobs)	2026-10-01T13:01:17.9173985Z   Building Custom Rule D:/a/Hazel/Hazel/build/dependencies/sources/shaderc/third_party/spirv-tools/source/CMakeLists.txt
Windows Debug and Release	Build pinned shader libraries (Debug and Release, two jobs)	2026-10-01T13:01:18.0098202Z cl : command line  warning D9025: overriding '/W1' with '/w' [D:\a\Hazel\Hazel\build\dependencies\cmake\Debug-windows-x86_64\shaderc\third_party\spirv-tools\source\SPIRV-Tools-static.vcxproj]
Windows Debug and Release	Build pinned shader libraries (Debug and Release, two jobs)	2026-10-01T13:01:18.0125677Z   pch_source.cpp
Windows Debug and Release	Build pinned shader libraries (Debug and Release, two jobs)	2026-10-01T13:01:18.3415896Z   GenericCodeGen.vcxproj -> D:\a\Hazel\Hazel\build\dependencies\cmake\Debug-windows-x86_64\shaderc\third_party\glslang\glslang\Debug\GenericCodeGend.lib
Windows Debug and Release	Build pinned shader libraries (Debug and Release, two jobs)	2026-10-01T13:01:18.4243941Z   Building Custom Rule D:/a/Hazel/Hazel/build/dependencies/sources/shaderc/third_party/glslang/glslang/CMakeLists.txt
Windows Debug and Release	Build pinned shader libraries (Debug and Release, two jobs)	2026-10-01T13:01:18.4947756Z cl : command line  warning D9025: overriding '/W1' with '/w' [D:\a\Hazel\Hazel\build\dependencies\cmake\Debug-windows-x86_64\shaderc\third_party\glslang\glslang\MachineIndependent.vcxproj]
Windows Debug and Release	Build pinned shader libraries (Debug and Release, two jobs)	2026-10-01T13:01:18.4975197Z   cmake_pch.cxx
Windows Debug and Release	Build pinned shader libraries (Debug and Release, two jobs)	2026-10-01T13:01:22.5748026Z cl : command line  warning D9025: overriding '/W1' with '/w' [D:\a\Hazel\Hazel\build\dependencies\cmake\Debug-windows-x86_64\shaderc\third_party\spirv-tools\source\SPIRV-Tools-static.vcxproj]
Windows Debug and Release	Build pinned shader libraries (Debug and Release, two jobs)	2026-10-01T13:01:22.6350409Z cl : command line  warning D9025: overriding '/W1' with '/w' [D:\a\Hazel\Hazel\build\dependencies\cmake\Debug-windows-x86_64\shaderc\third_party\spirv-tools\source\SPIRV-Tools-static.vcxproj]
Windows Debug and Release	Build pinned shader libraries (Debug and Release, two jobs)	2026-10-01T13:01:22.6367570Z   bit_vector.cpp
Windows Debug and Release	Build pinned shader libraries (Debug and Release, two jobs)	2026-10-01T13:01:22.6397994Z cl : command line  warning D9025: overriding '/W1' with '/w' [D:\a\Hazel\Hazel\build\dependencies\cmake\Debug-windows-x86_64\shaderc\third_party\spirv-tools\source\SPIRV-Tools-static.vcxproj]
Windows Debug and Release	Build pinned shader libraries (Debug and Release, two jobs)	2026-10-01T13:01:22.6401328Z   parse_number.cpp
Windows Debug and Release	Build pinned shader libraries (Debug and Release, two jobs)	2026-10-01T13:01:22.6403657Z cl : command line  warning D9025: overriding '/W1' with '/w' [D:\a\Hazel\Hazel\build\dependencies\cmake\Debug-windows-x86_64\shaderc\third_party\spirv-tools\source\SPIRV-Tools-static.vcxproj]
Windows Debug and Release	Build pinned shader libraries (Debug and Release, two jobs)	2026-10-01T13:01:22.6405598Z   string_utils.cpp
Windows Debug and Release	Build pinned shader libraries (Debug and Release, two jobs)	2026-10-01T13:01:22.6407783Z cl : command line  warning D9025: overriding '/W1' with '/w' [D:\a\Hazel\Hazel\build\dependencies\cmake\Debug-windows-x86_64\shaderc\third_party\spirv-tools\source\SPIRV-Tools-static.vcxproj]
Windows Debug and Release	Build pinned shader libraries (Debug and Release, two jobs)	2026-10-01T13:01:22.6408975Z   assembly_grammar.cpp
Windows Debug and Release	Build pinned shader libraries (Debug and Release, two jobs)	2026-10-01T13:01:22.8520241Z cl : command line  warning D9025: overriding '/W1' with '/w' [D:\a\Hazel\Hazel\build\dependencies\cmake\Debug-windows-x86_64\shaderc\third_party\glslang\glslang\MachineIndependent.vcxproj]
Windows Debug and Release	Build pinned shader libraries (Debug and Release, two jobs)	2026-10-01T13:01:22.8727329Z   glslang_tab.cpp
Windows Debug and Release	Build pinned shader libraries (Debug and Release, two jobs)	2026-10-01T13:01:22.9513598Z   binary.cpp
Windows Debug and Release	Build pinned shader libraries (Debug and Release, two jobs)	2026-10-01T13:01:22.9877191Z   diagnostic.cpp
Windows Debug and Release	Build pinned shader libraries (Debug and Release, two jobs)	2026-10-01T13:01:23.0272995Z   disassemble.cpp
Windows Debug and Release	Build pinned shader libraries (Debug and Release, two jobs)	2026-10-01T13:01:23.0954230Z   attribute.cpp
Windows Debug and Release	Build pinned shader libraries (Debug and Release, two jobs)	2026-10-01T13:01:23.1639310Z   enum_string_mapping.cpp
Windows Debug and Release	Build pinned shader libraries (Debug and Release, two jobs)	2026-10-01T13:01:23.1697381Z   Constant.cpp
Windows Debug and Release	Build pinned shader libraries (Debug and Release, two jobs)	2026-10-01T13:01:23.2720150Z   ext_inst.cpp
Windows Debug and Release	Build pinned shader libraries (Debug and Release, two jobs)	2026-10-01T13:01:23.2875228Z   extensions.cpp
Windows Debug and Release	Build pinned shader libraries (Debug and Release, two jobs)	2026-10-01T13:01:23.3222996Z   libspirv.cpp
Windows Debug and Release	Build pinned shader libraries (Debug and Release, two jobs)	2026-10-01T13:01:23.3325768Z   iomapper.cpp
Windows Debug and Release	Build pinned shader libraries (Debug and Release, two jobs)	2026-10-01T13:01:23.3605902Z   name_mapper.cpp
Windows Debug and Release	Build pinned shader libraries (Debug and Release, two jobs)	2026-10-01T13:01:23.3894722Z   opcode.cpp
Windows Debug and Release	Build pinned shader libraries (Debug and Release, two jobs)	2026-10-01T13:01:23.3944163Z   operand.cpp
Windows Debug and Release	Build pinned shader libraries (Debug and Release, two jobs)	2026-10-01T13:01:23.4091805Z   parsed_operand.cpp
Windows Debug and Release	Build pinned shader libraries (Debug and Release, two jobs)	2026-10-01T13:01:23.5523765Z   print.cpp
Windows Debug and Release	Build pinned shader libraries (Debug and Release, two jobs)	2026-10-01T13:01:23.5910527Z   software_version.cpp
Windows Debug and Release	Build pinned shader libraries (Debug and Release, two jobs)	2026-10-01T13:01:23.6099031Z   spirv_endian.cpp
Windows Debug and Release	Build pinned shader libraries (Debug and Release, two jobs)	2026-10-01T13:01:23.6133846Z   spirv_fuzzer_options.cpp
Windows Debug and Release	Build pinned shader libraries (Debug and Release, two jobs)	2026-10-01T13:01:23.6423462Z   spirv_optimizer_options.cpp
Windows Debug and Release	Build pinned shader libraries (Debug and Release, two jobs)	2026-10-01T13:01:23.6430461Z   spirv_reducer_options.cpp
Windows Debug and Release	Build pinned shader libraries (Debug and Release, two jobs)	2026-10-01T13:01:23.6757236Z   spirv_target_env.cpp
Windows Debug and Release	Build pinned shader libraries (Debug and Release, two jobs)	2026-10-01T13:01:23.6980398Z   spirv_validator_options.cpp
Windows Debug and Release	Build pinned shader libraries (Debug and Release, two jobs)	2026-10-01T13:01:23.7488665Z   table.cpp
Windows Debug and Release	Build pinned shader libraries (Debug and Release, two jobs)	2026-10-01T13:01:23.7544497Z   text.cpp
Windows Debug and Release	Build pinned shader libraries (Debug and Release, two jobs)	2026-10-01T13:01:23.7997449Z   text_handler.cpp
Windows Debug and Release	Build pinned shader libraries (Debug and Release, two jobs)	2026-10-01T13:01:23.9725646Z   validate.cpp
Windows Debug and Release	Build pinned shader libraries (Debug and Release, two jobs)	2026-10-01T13:01:24.1376605Z   validate_adjacency.cpp
Windows Debug and Release	Build pinned shader libraries (Debug and Release, two jobs)	2026-10-01T13:01:24.1547452Z   InfoSink.cpp
Windows Debug and Release	Build pinned shader libraries (Debug and Release, two jobs)	2026-10-01T13:01:24.1856651Z   validate_annotation.cpp
Windows Debug and Release	Build pinned shader libraries (Debug and Release, two jobs)	2026-10-01T13:01:24.2031692Z   Initialize.cpp
Windows Debug and Release	Build pinned shader libraries (Debug and Release, two jobs)	2026-10-01T13:01:24.2032162Z   validate_arithmetics.cpp
Windows Debug and Release	Build pinned shader libraries (Debug and Release, two jobs)	2026-10-01T13:01:24.3524731Z   validate_atomics.cpp
Windows Debug and Release	Build pinned shader libraries (Debug and Release, two jobs)	2026-10-01T13:01:24.3647143Z   IntermTraverse.cpp
Windows Debug and Release	Build pinned shader libraries (Debug and Release, two jobs)	2026-10-01T13:01:24.3804316Z   validate_barriers.cpp
Windows Debug and Release	Build pinned shader libraries (Debug and Release, two jobs)	2026-10-01T13:01:24.3956944Z   validate_bitwise.cpp
Windows Debug and Release	Build pinned shader libraries (Debug and Release, two jobs)	2026-10-01T13:01:24.4075881Z   Intermediate.cpp
Windows Debug and Release	Build pinned shader libraries (Debug and Release, two jobs)	2026-10-01T13:01:24.4099224Z   validate_builtins.cpp
Windows Debug and Release	Build pinned shader libraries (Debug and Release, two jobs)	2026-10-01T13:01:24.4570347Z   validate_capability.cpp
Windows Debug and Release	Build pinned shader libraries (Debug and Release, two jobs)	2026-10-01T13:01:24.4571156Z   validate_cfg.cpp
Windows Debug and Release	Build pinned shader libraries (Debug and Release, two jobs)	2026-10-01T13:01:24.6090468Z   validate_composites.cpp
Windows Debug and Release	Build pinned shader libraries (Debug and Release, two jobs)	2026-10-01T13:01:24.6121667Z   validate_constants.cpp
Windows Debug and Release	Build pinned shader libraries (Debug and Release, two jobs)	2026-10-01T13:01:24.6877577Z   ParseContextBase.cpp
Windows Debug and Release	Build pinned shader libraries (Debug and Release, two jobs)	2026-10-01T13:01:24.6925034Z   validate_conversion.cpp
Windows Debug and Release	Build pinned shader libraries (Debug and Release, two jobs)	2026-10-01T13:01:24.7478678Z   validate_debug.cpp
Windows Debug and Release	Build pinned shader libraries (Debug and Release, two jobs)	2026-10-01T13:01:24.7659251Z   validate_decorations.cpp
Windows Debug and Release	Build pinned shader libraries (Debug and Release, two jobs)	2026-10-01T13:01:24.7897698Z   validate_derivatives.cpp
Windows Debug and Release	Build pinned shader libraries (Debug and Release, two jobs)	2026-10-01T13:01:24.9472549Z   ParseHelper.cpp
Windows Debug and Release	Build pinned shader libraries (Debug and Release, two jobs)	2026-10-01T13:01:25.2397289Z   validate_extensions.cpp
Windows Debug and Release	Build pinned shader libraries (Debug and Release, two jobs)	2026-10-01T13:01:25.3170913Z   validate_execution_limitations.cpp
Windows Debug and Release	Build pinned shader libraries (Debug and Release, two jobs)	2026-10-01T13:01:25.5163855Z   validate_function.cpp
Windows Debug and Release	Build pinned shader libraries (Debug and Release, two jobs)	2026-10-01T13:01:25.5374241Z   validate_id.cpp
Windows Debug and Release	Build pinned shader libraries (Debug and Release, two jobs)	2026-10-01T13:01:25.6447844Z   validate_image.cpp
Windows Debug and Release	Build pinned shader libraries (Debug and Release, two jobs)	2026-10-01T13:01:25.6458405Z   validate_interfaces.cpp
Windows Debug and Release	Build pinned shader libraries (Debug and Release, two jobs)	2026-10-01T13:01:25.7528370Z   validate_instruction.cpp
Windows Debug and Release	Build pinned shader libraries (Debug and Release, two jobs)	2026-10-01T13:01:25.8479306Z   validate_layout.cpp
Windows Debug and Release	Build pinned shader libraries (Debug and Release, two jobs)	2026-10-01T13:01:26.0951629Z   validate_literals.cpp
Windows Debug and Release	Build pinned shader libraries (Debug and Release, two jobs)	2026-10-01T13:01:26.0992853Z   validate_logicals.cpp
Windows Debug and Release	Build pinned shader libraries (Debug and Release, two jobs)	2026-10-01T13:01:26.0995594Z   validate_memory.cpp
Windows Debug and Release	Build pinned shader libraries (Debug and Release, two jobs)	2026-10-01T13:01:26.1023585Z   validate_memory_semantics.cpp
Windows Debug and Release	Build pinned shader libraries (Debug and Release, two jobs)	2026-10-01T13:01:26.1155735Z   validate_mesh_shading.cpp
Windows Debug and Release	Build pinned shader libraries (Debug and Release, two jobs)	2026-10-01T13:01:26.2301973Z   PoolAlloc.cpp
Windows Debug and Release	Build pinned shader libraries (Debug and Release, two jobs)	2026-10-01T13:01:26.2356980Z   validate_misc.cpp
Windows Debug and Release	Build pinned shader libraries (Debug and Release, two jobs)	2026-10-01T13:01:26.2389162Z   validate_mode_setting.cpp
Windows Debug and Release	Build pinned shader libraries (Debug and Release, two jobs)	2026-10-01T13:01:26.2431863Z   validate_non_uniform.cpp
Windows Debug and Release	Build pinned shader libraries (Debug and Release, two jobs)	2026-10-01T13:01:26.3123325Z   validate_primitives.cpp
Windows Debug and Release	Build pinned shader libraries (Debug and Release, two jobs)	2026-10-01T13:01:26.3519047Z   validate_ray_query.cpp
Windows Debug and Release	Build pinned shader libraries (Debug and Release, two jobs)	2026-10-01T13:01:26.3693848Z   validate_ray_tracing.cpp
Windows Debug and Release	Build pinned shader libraries (Debug and Release, two jobs)	2026-10-01T13:01:26.4924455Z   RemoveTree.cpp
Windows Debug and Release	Build pinned shader libraries (Debug and Release, two jobs)	2026-10-01T13:01:26.5286302Z   validate_ray_tracing_reorder.cpp
Windows Debug and Release	Build pinned shader libraries (Debug and Release, two jobs)	2026-10-01T13:01:26.5385983Z   Scan.cpp
Windows Debug and Release	Build pinned shader libraries (Debug and Release, two jobs)	2026-10-01T13:01:26.5880849Z   validate_scopes.cpp
Windows Debug and Release	Build pinned shader libraries (Debug and Release, two jobs)	2026-10-01T13:01:26.5904845Z   validate_small_type_uses.cpp
Windows Debug and Release	Build pinned shader libraries (Debug and Release, two jobs)	2026-10-01T13:01:26.6179257Z   validate_type.cpp
Windows Debug and Release	Build pinned shader libraries (Debug and Release, two jobs)	2026-10-01T13:01:26.6519036Z   basic_block.cpp
Windows Debug and Release	Build pinned shader libraries (Debug and Release, two jobs)	2026-10-01T13:01:26.7203771Z   construct.cpp
Windows Debug and Release	Build pinned shader libraries (Debug and Release, two jobs)	2026-10-01T13:01:26.7421377Z   function.cpp
Windows Debug and Release	Build pinned shader libraries (Debug and Release, two jobs)	2026-10-01T13:01:26.7588589Z   instruction.cpp
Windows Debug and Release	Build pinned shader libraries (Debug and Release, two jobs)	2026-10-01T13:01:26.8578619Z   validation_state.cpp
Windows Debug and Release	Build pinned shader libraries (Debug and Release, two jobs)	2026-10-01T13:01:27.0400714Z   ShaderLang.cpp
Windows Debug and Release	Build pinned shader libraries (Debug and Release, two jobs)	2026-10-01T13:01:28.2466023Z   SPIRV-Tools-static.vcxproj -> D:\a\Hazel\Hazel\build\dependencies\cmake\Debug-windows-x86_64\shaderc\third_party\spirv-tools\source\Debug\SPIRV-Tools.lib
Windows Debug and Release	Build pinned shader libraries (Debug and Release, two jobs)	2026-10-01T13:01:28.7259456Z   Building Custom Rule D:/a/Hazel/Hazel/build/dependencies/sources/shaderc/third_party/spirv-tools/source/opt/CMakeLists.txt
Windows Debug and Release	Build pinned shader libraries (Debug and Release, two jobs)	2026-10-01T13:01:28.8229552Z cl : command line  warning D9025: overriding '/W1' with '/w' [D:\a\Hazel\Hazel\build\dependencies\cmake\Debug-windows-x86_64\shaderc\third_party\spirv-tools\source\opt\SPIRV-Tools-opt.vcxproj]
Windows Debug and Release	Build pinned shader libraries (Debug and Release, two jobs)	2026-10-01T13:01:28.8255157Z   pch_source_opt.cpp
Windows Debug and Release	Build pinned shader libraries (Debug and Release, two jobs)	2026-10-01T13:01:28.8731884Z   SpirvIntrinsics.cpp
Windows Debug and Release	Build pinned shader libraries (Debug and Release, two jobs)	2026-10-01T13:01:29.0054560Z   SymbolTable.cpp
Windows Debug and Release	Build pinned shader libraries (Debug and Release, two jobs)	2026-10-01T13:01:29.0856353Z   Versions.cpp
Windows Debug and Release	Build pinned shader libraries (Debug and Release, two jobs)	2026-10-01T13:01:29.1638026Z   intermOut.cpp
Windows Debug and Release	Build pinned shader libraries (Debug and Release, two jobs)	2026-10-01T13:01:29.2025064Z   limits.cpp
Windows Debug and Release	Build pinned shader libraries (Debug and Release, two jobs)	2026-10-01T13:01:29.2246333Z   linkValidate.cpp
Windows Debug and Release	Build pinned shader libraries (Debug and Release, two jobs)	2026-10-01T13:01:29.4366807Z   Generating Code...
Windows Debug and Release	Build pinned shader libraries (Debug and Release, two jobs)	2026-10-01T13:01:30.9343851Z   Compiling...
Windows Debug and Release	Build pinned shader libraries (Debug and Release, two jobs)	2026-10-01T13:01:30.9344245Z   parseConst.cpp
Windows Debug and Release	Build pinned shader libraries (Debug and Release, two jobs)	2026-10-01T13:01:31.1303097Z   reflection.cpp
Windows Debug and Release	Build pinned shader libraries (Debug and Release, two jobs)	2026-10-01T13:01:31.3068081Z   Pp.cpp
Windows Debug and Release	Build pinned shader libraries (Debug and Release, two jobs)	2026-10-01T13:01:31.5361151Z   PpAtom.cpp
Windows Debug and Release	Build pinned shader libraries (Debug and Release, two jobs)	2026-10-01T13:01:31.7359768Z   PpContext.cpp
Windows Debug and Release	Build pinned shader libraries (Debug and Release, two jobs)	2026-10-01T13:01:32.2967408Z   PpScanner.cpp
Windows Debug and Release	Build pinned shader libraries (Debug and Release, two jobs)	2026-10-01T13:01:32.4927689Z   PpTokens.cpp
Windows Debug and Release	Build pinned shader libraries (Debug and Release, two jobs)	2026-10-01T13:01:32.6504236Z   propagateNoContraction.cpp
Windows Debug and Release	Build pinned shader libraries (Debug and Release, two jobs)	2026-10-01T13:01:32.8952908Z   hlslAttributes.cpp
Windows Debug and Release	Build pinned shader libraries (Debug and Release, two jobs)	2026-10-01T13:01:33.0504725Z   hlslParseHelper.cpp
Windows Debug and Release	Build pinned shader libraries (Debug and Release, two jobs)	2026-10-01T13:01:33.3258011Z cl : command line  warning D9025: overriding '/W1' with '/w' [D:\a\Hazel\Hazel\build\dependencies\cmake\Debug-windows-x86_64\shaderc\third_party\spirv-tools\source\opt\SPIRV-Tools-opt.vcxproj]
Windows Debug and Release	Build pinned shader libraries (Debug and Release, two jobs)	2026-10-01T13:01:33.3750743Z cl : command line  warning D9025: overriding '/W1' with '/w' [D:\a\Hazel\Hazel\build\dependencies\cmake\Debug-windows-x86_64\shaderc\third_party\spirv-tools\source\opt\SPIRV-Tools-opt.vcxproj]
Windows Debug and Release	Build pinned shader libraries (Debug and Release, two jobs)	2026-10-01T13:01:33.3815744Z   fix_func_call_arguments.cpp
Windows Debug and Release	Build pinned shader libraries (Debug and Release, two jobs)	2026-10-01T13:01:33.4020192Z cl : command line  warning D9025: overriding '/W1' with '/w' [D:\a\Hazel\Hazel\build\dependencies\cmake\Debug-windows-x86_64\shaderc\third_party\spirv-tools\source\opt\SPIRV-Tools-opt.vcxproj]
Windows Debug and Release	Build pinned shader libraries (Debug and Release, two jobs)	2026-10-01T13:01:33.4023537Z   aggressive_dead_code_elim_pass.cpp
Windows Debug and Release	Build pinned shader libraries (Debug and Release, two jobs)	2026-10-01T13:01:33.4031189Z cl : command line  warning D9025: overriding '/W1' with '/w' [D:\a\Hazel\Hazel\build\dependencies\cmake\Debug-windows-x86_64\shaderc\third_party\spirv-tools\source\opt\SPIRV-Tools-opt.vcxproj]
Windows Debug and Release	Build pinned shader libraries (Debug and Release, two jobs)	2026-10-01T13:01:33.5282212Z   amd_ext_to_khr.cpp
Windows Debug and Release	Build pinned shader libraries (Debug and Release, two jobs)	2026-10-01T13:01:33.5296029Z cl : command line  warning D9025: overriding '/W1' with '/w' [D:\a\Hazel\Hazel\build\dependencies\cmake\Debug-windows-x86_64\shaderc\third_party\spirv-tools\source\opt\SPIRV-Tools-opt.vcxproj]
Windows Debug and Release	Build pinned shader libraries (Debug and Release, two jobs)	2026-10-01T13:01:33.5297839Z   analyze_live_input_pass.cpp
Windows Debug and Release	Build pinned shader libraries (Debug and Release, two jobs)	2026-10-01T13:01:33.6131455Z   basic_block.cpp
Windows Debug and Release	Build pinned shader libraries (Debug and Release, two jobs)	2026-10-01T13:01:33.9413121Z   block_merge_pass.cpp
Windows Debug and Release	Build pinned shader libraries (Debug and Release, two jobs)	2026-10-01T13:01:33.9808693Z   block_merge_util.cpp
Windows Debug and Release	Build pinned shader libraries (Debug and Release, two jobs)	2026-10-01T13:01:34.0863084Z   build_module.cpp
Windows Debug and Release	Build pinned shader libraries (Debug and Release, two jobs)	2026-10-01T13:01:34.2846186Z   ccp_pass.cpp
Windows Debug and Release	Build pinned shader libraries (Debug and Release, two jobs)	2026-10-01T13:01:34.4694994Z   cfg_cleanup_pass.cpp
Windows Debug and Release	Build pinned shader libraries (Debug and Release, two jobs)	2026-10-01T13:01:34.5316572Z   cfg.cpp
Windows Debug and Release	Build pinned shader libraries (Debug and Release, two jobs)	2026-10-01T13:01:34.6114429Z   code_sink.cpp
Windows Debug and Release	Build pinned shader libraries (Debug and Release, two jobs)	2026-10-01T13:01:34.6116888Z   combine_access_chains.cpp
Windows Debug and Release	Build pinned shader libraries (Debug and Release, two jobs)	2026-10-01T13:01:34.8667277Z   compact_ids_pass.cpp
Windows Debug and Release	Build pinned shader libraries (Debug and Release, two jobs)	2026-10-01T13:01:34.8683800Z   composite.cpp
Windows Debug and Release	Build pinned shader libraries (Debug and Release, two jobs)	2026-10-01T13:01:34.9006965Z   const_folding_rules.cpp
Windows Debug and Release	Build pinned shader libraries (Debug and Release, two jobs)	2026-10-01T13:01:34.9513843Z   constants.cpp
Windows Debug and Release	Build pinned shader libraries (Debug and Release, two jobs)	2026-10-01T13:01:34.9548612Z   control_dependence.cpp
Windows Debug and Release	Build pinned shader libraries (Debug and Release, two jobs)	2026-10-01T13:01:35.1049960Z   hlslScanContext.cpp
Windows Debug and Release	Build pinned shader libraries (Debug and Release, two jobs)	2026-10-01T13:01:35.3699427Z   convert_to_sampled_image_pass.cpp
Windows Debug and Release	Build pinned shader libraries (Debug and Release, two jobs)	2026-10-01T13:01:35.5141016Z   convert_to_half_pass.cpp
Windows Debug and Release	Build pinned shader libraries (Debug and Release, two jobs)	2026-10-01T13:01:35.5310074Z   copy_prop_arrays.cpp
Windows Debug and Release	Build pinned shader libraries (Debug and Release, two jobs)	2026-10-01T13:01:35.7968816Z   dataflow.cpp
Windows Debug and Release	Build pinned shader libraries (Debug and Release, two jobs)	2026-10-01T13:01:35.9609828Z   dead_branch_elim_pass.cpp
Windows Debug and Release	Build pinned shader libraries (Debug and Release, two jobs)	2026-10-01T13:01:36.0617123Z   dead_insert_elim_pass.cpp
Windows Debug and Release	Build pinned shader libraries (Debug and Release, two jobs)	2026-10-01T13:01:36.0639510Z   dead_variable_elimination.cpp
Windows Debug and Release	Build pinned shader libraries (Debug and Release, two jobs)	2026-10-01T13:01:36.0678507Z   decoration_manager.cpp
Windows Debug and Release	Build pinned shader libraries (Debug and Release, two jobs)	2026-10-01T13:01:36.3021376Z   debug_info_manager.cpp
Windows Debug and Release	Build pinned shader libraries (Debug and Release, two jobs)	2026-10-01T13:01:36.5344574Z   def_use_manager.cpp
Windows Debug and Release	Build pinned shader libraries (Debug and Release, two jobs)	2026-10-01T13:01:36.5860651Z   desc_sroa.cpp
Windows Debug and Release	Build pinned shader libraries (Debug and Release, two jobs)	2026-10-01T13:01:36.7282394Z   desc_sroa_util.cpp
Windows Debug and Release	Build pinned shader libraries (Debug and Release, two jobs)	2026-10-01T13:01:36.7359962Z   hlslOpMap.cpp
Windows Debug and Release	Build pinned shader libraries (Debug and Release, two jobs)	2026-10-01T13:01:36.8414024Z   dominator_analysis.cpp
Windows Debug and Release	Build pinned shader libraries (Debug and Release, two jobs)	2026-10-01T13:01:36.9700632Z   dominator_tree.cpp
Windows Debug and Release	Build pinned shader libraries (Debug and Release, two jobs)	2026-10-01T13:01:36.9703517Z   eliminate_dead_constant_pass.cpp
Windows Debug and Release	Build pinned shader libraries (Debug and Release, two jobs)	2026-10-01T13:01:36.9704385Z   hlslTokenStream.cpp
Windows Debug and Release	Build pinned shader libraries (Debug and Release, two jobs)	2026-10-01T13:01:36.9724177Z   eliminate_dead_functions_pass.cpp
Windows Debug and Release	Build pinned shader libraries (Debug and Release, two jobs)	2026-10-01T13:01:36.9774363Z   eliminate_dead_functions_util.cpp
Windows Debug and Release	Build pinned shader libraries (Debug and Release, two jobs)	2026-10-01T13:01:37.1114660Z   eliminate_dead_io_components_pass.cpp
Windows Debug and Release	Build pinned shader libraries (Debug and Release, two jobs)	2026-10-01T13:01:37.1143777Z   eliminate_dead_members_pass.cpp
Windows Debug and Release	Build pinned shader libraries (Debug and Release, two jobs)	2026-10-01T13:01:37.1960952Z   eliminate_dead_output_stores_pass.cpp
Windows Debug and Release	Build pinned shader libraries (Debug and Release, two jobs)	2026-10-01T13:01:37.2146399Z   hlslGrammar.cpp
Windows Debug and Release	Build pinned shader libraries (Debug and Release, two jobs)	2026-10-01T13:01:37.3371893Z   feature_manager.cpp
Windows Debug and Release	Build pinned shader libraries (Debug and Release, two jobs)	2026-10-01T13:01:37.5411999Z   fix_storage_class.cpp
Windows Debug and Release	Build pinned shader libraries (Debug and Release, two jobs)	2026-10-01T13:01:37.5557865Z   flatten_decoration_pass.cpp
Windows Debug and Release	Build pinned shader libraries (Debug and Release, two jobs)	2026-10-01T13:01:37.5580149Z   fold.cpp
Windows Debug and Release	Build pinned shader libraries (Debug and Release, two jobs)	2026-10-01T13:01:37.5622206Z   folding_rules.cpp
Windows Debug and Release	Build pinned shader libraries (Debug and Release, two jobs)	2026-10-01T13:01:37.7926144Z   fold_spec_constant_op_and_composite_pass.cpp
Windows Debug and Release	Build pinned shader libraries (Debug and Release, two jobs)	2026-10-01T13:01:37.8313721Z   freeze_spec_constant_value_pass.cpp
Windows Debug and Release	Build pinned shader libraries (Debug and Release, two jobs)	2026-10-01T13:01:37.8348714Z   function.cpp
Windows Debug and Release	Build pinned shader libraries (Debug and Release, two jobs)	2026-10-01T13:01:37.9836380Z   graphics_robust_access_pass.cpp
Windows Debug and Release	Build pinned shader libraries (Debug and Release, two jobs)	2026-10-01T13:01:38.0099778Z   hlslParseables.cpp
Windows Debug and Release	Build pinned shader libraries (Debug and Release, two jobs)	2026-10-01T13:01:38.0726158Z   if_conversion.cpp
Windows Debug and Release	Build pinned shader libraries (Debug and Release, two jobs)	2026-10-01T13:01:38.1132196Z   inline_exhaustive_pass.cpp
Windows Debug and Release	Build pinned shader libraries (Debug and Release, two jobs)	2026-10-01T13:01:38.2811913Z   inline_opaque_pass.cpp
Windows Debug and Release	Build pinned shader libraries (Debug and Release, two jobs)	2026-10-01T13:01:38.2848568Z   inline_pass.cpp
Windows Debug and Release	Build pinned shader libraries (Debug and Release, two jobs)	2026-10-01T13:01:38.2949065Z   inst_bindless_check_pass.cpp
Windows Debug and Release	Build pinned shader libraries (Debug and Release, two jobs)	2026-10-01T13:01:38.4734128Z   inst_buff_addr_check_pass.cpp
Windows Debug and Release	Build pinned shader libraries (Debug and Release, two jobs)	2026-10-01T13:01:38.6037437Z   Generating Code...
Windows Debug and Release	Build pinned shader libraries (Debug and Release, two jobs)	2026-10-01T13:01:38.7592217Z   inst_debug_printf_pass.cpp
Windows Debug and Release	Build pinned shader libraries (Debug and Release, two jobs)	2026-10-01T13:01:39.1764180Z   instruction.cpp
Windows Debug and Release	Build pinned shader libraries (Debug and Release, two jobs)	2026-10-01T13:01:39.1841195Z   instruction_list.cpp
Windows Debug and Release	Build pinned shader libraries (Debug and Release, two jobs)	2026-10-01T13:01:39.2314835Z   instrument_pass.cpp
Windows Debug and Release	Build pinned shader libraries (Debug and Release, two jobs)	2026-10-01T13:01:39.5052332Z   interface_var_sroa.cpp
Windows Debug and Release	Build pinned shader libraries (Debug and Release, two jobs)	2026-10-01T13:01:39.6514212Z   interp_fixup_pass.cpp
Windows Debug and Release	Build pinned shader libraries (Debug and Release, two jobs)	2026-10-01T13:01:40.0648330Z   ir_context.cpp
Windows Debug and Release	Build pinned shader libraries (Debug and Release, two jobs)	2026-10-01T13:01:40.0778831Z   ir_loader.cpp
Windows Debug and Release	Build pinned shader libraries (Debug and Release, two jobs)	2026-10-01T13:01:40.0894405Z   licm_pass.cpp
Windows Debug and Release	Build pinned shader libraries (Debug and Release, two jobs)	2026-10-01T13:01:40.0927959Z   liveness.cpp
Windows Debug and Release	Build pinned shader libraries (Debug and Release, two jobs)	2026-10-01T13:01:40.2967336Z   local_access_chain_convert_pass.cpp
Windows Debug and Release	Build pinned shader libraries (Debug and Release, two jobs)	2026-10-01T13:01:40.3164218Z   local_single_block_elim_pass.cpp
Windows Debug and Release	Build pinned shader libraries (Debug and Release, two jobs)	2026-10-01T13:01:40.3165724Z   local_redundancy_elimination.cpp
Windows Debug and Release	Build pinned shader libraries (Debug and Release, two jobs)	2026-10-01T13:01:40.4456542Z   local_single_store_elim_pass.cpp
Windows Debug and Release	Build pinned shader libraries (Debug and Release, two jobs)	2026-10-01T13:01:40.6636458Z   loop_dependence.cpp
Windows Debug and Release	Build pinned shader libraries (Debug and Release, two jobs)	2026-10-01T13:01:40.6955774Z   loop_dependence_helpers.cpp
Windows Debug and Release	Build pinned shader libraries (Debug and Release, two jobs)	2026-10-01T13:01:40.6990906Z   loop_descriptor.cpp
Windows Debug and Release	Build pinned shader libraries (Debug and Release, two jobs)	2026-10-01T13:01:41.0052932Z   MachineIndependent.vcxproj -> D:\a\Hazel\Hazel\build\dependencies\cmake\Debug-windows-x86_64\shaderc\third_party\glslang\glslang\Debug\MachineIndependentd.lib
Windows Debug and Release	Build pinned shader libraries (Debug and Release, two jobs)	2026-10-01T13:01:41.1363640Z   loop_fission.cpp
Windows Debug and Release	Build pinned shader libraries (Debug and Release, two jobs)	2026-10-01T13:01:41.1514779Z   loop_fusion.cpp
Windows Debug and Release	Build pinned shader libraries (Debug and Release, two jobs)	2026-10-01T13:01:41.1559219Z   loop_fusion_pass.cpp
Windows Debug and Release	Build pinned shader libraries (Debug and Release, two jobs)	2026-10-01T13:01:41.2817398Z   Building Custom Rule D:/a/Hazel/Hazel/build/dependencies/sources/shaderc/third_party/glslang/glslang/CMakeLists.txt
Windows Debug and Release	Build pinned shader libraries (Debug and Release, two jobs)	2026-10-01T13:01:41.3241206Z   loop_peeling.cpp
Windows Debug and Release	Build pinned shader libraries (Debug and Release, two jobs)	2026-10-01T13:01:41.4704214Z   loop_utils.cpp
Windows Debug and Release	Build pinned shader libraries (Debug and Release, two jobs)	2026-10-01T13:01:41.7978639Z   loop_unroller.cpp
Windows Debug and Release	Build pinned shader libraries (Debug and Release, two jobs)	2026-10-01T13:01:41.8173160Z   loop_unswitch_pass.cpp
Windows Debug and Release	Build pinned shader libraries (Debug and Release, two jobs)	2026-10-01T13:01:42.1483497Z   mem_pass.cpp
Windows Debug and Release	Build pinned shader libraries (Debug and Release, two jobs)	2026-10-01T13:01:42.3637031Z   merge_return_pass.cpp
Windows Debug and Release	Build pinned shader libraries (Debug and Release, two jobs)	2026-10-01T13:01:42.3814912Z   module.cpp
Windows Debug and Release	Build pinned shader libraries (Debug and Release, two jobs)	2026-10-01T13:01:42.5282858Z cl : command line  warning D9025: overriding '/W1' with '/w' [D:\a\Hazel\Hazel\build\dependencies\cmake\Debug-windows-x86_64\shaderc\third_party\glslang\glslang\glslang.vcxproj]
Windows Debug and Release	Build pinned shader libraries (Debug and Release, two jobs)	2026-10-01T13:01:42.5318059Z   glslang_c_interface.cpp
Windows Debug and Release	Build pinned shader libraries (Debug and Release, two jobs)	2026-10-01T13:01:42.9265425Z   optimizer.cpp
Windows Debug and Release	Build pinned shader libraries (Debug and Release, two jobs)	2026-10-01T13:01:42.9844620Z   pass.cpp
Windows Debug and Release	Build pinned shader libraries (Debug and Release, two jobs)	2026-10-01T13:01:43.0462461Z   pass_manager.cpp
Windows Debug and Release	Build pinned shader libraries (Debug and Release, two jobs)	2026-10-01T13:01:43.0507452Z   private_to_local_pass.cpp
Windows Debug and Release	Build pinned shader libraries (Debug and Release, two jobs)	2026-10-01T13:01:43.0524865Z   propagator.cpp
Windows Debug and Release	Build pinned shader libraries (Debug and Release, two jobs)	2026-10-01T13:01:43.3554850Z   reduce_load_size.cpp
Windows Debug and Release	Build pinned shader libraries (Debug and Release, two jobs)	2026-10-01T13:01:43.4260705Z   redundancy_elimination.cpp
Windows Debug and Release	Build pinned shader libraries (Debug and Release, two jobs)	2026-10-01T13:01:43.5986123Z   register_pressure.cpp
Windows Debug and Release	Build pinned shader libraries (Debug and Release, two jobs)	2026-10-01T13:01:43.7299477Z   relax_float_ops_pass.cpp
Windows Debug and Release	Build pinned shader libraries (Debug and Release, two jobs)	2026-10-01T13:01:43.7490023Z   remove_dontinline_pass.cpp
Windows Debug and Release	Build pinned shader libraries (Debug and Release, two jobs)	2026-10-01T13:01:43.9232006Z   remove_duplicates_pass.cpp
Windows Debug and Release	Build pinned shader libraries (Debug and Release, two jobs)	2026-10-01T13:01:44.0644338Z   remove_unused_interface_variables_pass.cpp
Windows Debug and Release	Build pinned shader libraries (Debug and Release, two jobs)	2026-10-01T13:01:44.1659409Z   replace_desc_array_access_using_var_index.cpp
Windows Debug and Release	Build pinned shader libraries (Debug and Release, two jobs)	2026-10-01T13:01:44.3210053Z   replace_invalid_opc.cpp
Windows Debug and Release	Build pinned shader libraries (Debug and Release, two jobs)	2026-10-01T13:01:44.3432741Z   scalar_analysis.cpp
Windows Debug and Release	Build pinned shader libraries (Debug and Release, two jobs)	2026-10-01T13:01:44.3995823Z   scalar_analysis_simplification.cpp
Windows Debug and Release	Build pinned shader libraries (Debug and Release, two jobs)	2026-10-01T13:01:44.7268507Z   scalar_replacement_pass.cpp
Windows Debug and Release	Build pinned shader libraries (Debug and Release, two jobs)	2026-10-01T13:01:44.7620228Z   set_spec_constant_default_value_pass.cpp
Windows Debug and Release	Build pinned shader libraries (Debug and Release, two jobs)	2026-10-01T13:01:44.9311396Z   simplification_pass.cpp
Windows Debug and Release	Build pinned shader libraries (Debug and Release, two jobs)	2026-10-01T13:01:44.9880000Z   spread_volatile_semantics.cpp
Windows Debug and Release	Build pinned shader libraries (Debug and Release, two jobs)	2026-10-01T13:01:45.1619953Z   ssa_rewrite_pass.cpp
Windows Debug and Release	Build pinned shader libraries (Debug and Release, two jobs)	2026-10-01T13:01:45.2555718Z   strength_reduction_pass.cpp
Windows Debug and Release	Build pinned shader libraries (Debug and Release, two jobs)	2026-10-01T13:01:45.2781413Z   strip_debug_info_pass.cpp
Windows Debug and Release	Build pinned shader libraries (Debug and Release, two jobs)	2026-10-01T13:01:45.3881168Z   strip_nonsemantic_info_pass.cpp
Windows Debug and Release	Build pinned shader libraries (Debug and Release, two jobs)	2026-10-01T13:01:45.4397324Z   struct_cfg_analysis.cpp
Windows Debug and Release	Build pinned shader libraries (Debug and Release, two jobs)	2026-10-01T13:01:45.6279685Z   trim_capabilities_pass.cpp
Windows Debug and Release	Build pinned shader libraries (Debug and Release, two jobs)	2026-10-01T13:01:45.7371400Z   type_manager.cpp
Windows Debug and Release	Build pinned shader libraries (Debug and Release, two jobs)	2026-10-01T13:01:45.8821298Z   types.cpp
Windows Debug and Release	Build pinned shader libraries (Debug and Release, two jobs)	2026-10-01T13:01:45.9361997Z   unify_const_pass.cpp
Windows Debug and Release	Build pinned shader libraries (Debug and Release, two jobs)	2026-10-01T13:01:46.1148025Z   upgrade_memory_model.cpp
Windows Debug and Release	Build pinned shader libraries (Debug and Release, two jobs)	2026-10-01T13:01:46.3012125Z   value_number_table.cpp
Windows Debug and Release	Build pinned shader libraries (Debug and Release, two jobs)	2026-10-01T13:01:46.3054249Z   vector_dce.cpp
Windows Debug and Release	Build pinned shader libraries (Debug and Release, two jobs)	2026-10-01T13:01:46.4875125Z   workaround1209.cpp
Windows Debug and Release	Build pinned shader libraries (Debug and Release, two jobs)	2026-10-01T13:01:46.5109452Z   wrap_opkill.cpp
Windows Debug and Release	Build pinned shader libraries (Debug and Release, two jobs)	2026-10-01T13:01:46.6211088Z   glslang.vcxproj -> D:\a\Hazel\Hazel\build\dependencies\cmake\Debug-windows-x86_64\shaderc\third_party\glslang\glslang\Debug\glslangd.lib
Windows Debug and Release	Build pinned shader libraries (Debug and Release, two jobs)	2026-10-01T13:01:48.6324039Z   SPIRV-Tools-opt.vcxproj -> D:\a\Hazel\Hazel\build\dependencies\cmake\Debug-windows-x86_64\shaderc\third_party\spirv-tools\source\opt\Debug\SPIRV-Tools-opt.lib
Windows Debug and Release	Build pinned shader libraries (Debug and Release, two jobs)	2026-10-01T13:01:48.6778526Z   Building Custom Rule D:/a/Hazel/Hazel/build/dependencies/sources/shaderc/third_party/glslang/SPIRV/CMakeLists.txt
Windows Debug and Release	Build pinned shader libraries (Debug and Release, two jobs)	2026-10-01T13:01:48.7328765Z cl : command line  warning D9025: overriding '/W1' with '/w' [D:\a\Hazel\Hazel\build\dependencies\cmake\Debug-windows-x86_64\shaderc\third_party\glslang\SPIRV\SPIRV.vcxproj]
Windows Debug and Release	Build pinned shader libraries (Debug and Release, two jobs)	2026-10-01T13:01:48.7351062Z   GlslangToSpv.cpp
Windows Debug and Release	Build pinned shader libraries (Debug and Release, two jobs)	2026-10-01T13:01:50.3975814Z   InReadableOrder.cpp
Windows Debug and Release	Build pinned shader libraries (Debug and Release, two jobs)	2026-10-01T13:01:50.8416026Z   Logger.cpp
Windows Debug and Release	Build pinned shader libraries (Debug and Release, two jobs)	2026-10-01T13:01:51.1672998Z   SpvBuilder.cpp
Windows Debug and Release	Build pinned shader libraries (Debug and Release, two jobs)	2026-10-01T13:01:51.9830994Z   SpvPostProcess.cpp
Windows Debug and Release	Build pinned shader libraries (Debug and Release, two jobs)	2026-10-01T13:01:52.6931852Z   doc.cpp
Windows Debug and Release	Build pinned shader libraries (Debug and Release, two jobs)	2026-10-01T13:01:52.9747028Z   SpvTools.cpp
Windows Debug and Release	Build pinned shader libraries (Debug and Release, two jobs)	2026-10-01T13:01:53.7664963Z   disassemble.cpp
Windows Debug and Release	Build pinned shader libraries (Debug and Release, two jobs)	2026-10-01T13:01:54.1876287Z   spirv_c_interface.cpp
Windows Debug and Release	Build pinned shader libraries (Debug and Release, two jobs)	2026-10-01T13:01:54.9544150Z   Generating Code...
Windows Debug and Release	Build pinned shader libraries (Debug and Release, two jobs)	2026-10-01T13:01:55.7616931Z   SPIRV.vcxproj -> D:\a\Hazel\Hazel\build\dependencies\cmake\Debug-windows-x86_64\shaderc\third_party\glslang\SPIRV\Debug\SPIRVd.lib
Windows Debug and Release	Build pinned shader libraries (Debug and Release, two jobs)	2026-10-01T13:01:55.8029934Z   Building Custom Rule D:/a/Hazel/Hazel/build/dependencies/sources/shaderc/libshaderc_util/CMakeLists.txt
Windows Debug and Release	Build pinned shader libraries (Debug and Release, two jobs)	2026-10-01T13:01:55.8650136Z   args.cc
Windows Debug and Release	Build pinned shader libraries (Debug and Release, two jobs)	2026-10-01T13:01:56.2462894Z   compiler.cc
Windows Debug and Release	Build pinned shader libraries (Debug and Release, two jobs)	2026-10-01T13:01:57.6027702Z   file_finder.cc
Windows Debug and Release	Build pinned shader libraries (Debug and Release, two jobs)	2026-10-01T13:01:57.9406019Z   io_shaderc.cc
Windows Debug and Release	Build pinned shader libraries (Debug and Release, two jobs)	2026-10-01T13:01:58.2875926Z   message.cc
Windows Debug and Release	Build pinned shader libraries (Debug and Release, two jobs)	2026-10-01T13:01:58.6117942Z   resources.cc
Windows Debug and Release	Build pinned shader libraries (Debug and Release, two jobs)	2026-10-01T13:01:58.6215069Z   shader_stage.cc
Windows Debug and Release	Build pinned shader libraries (Debug and Release, two jobs)	2026-10-01T13:01:58.9509701Z   spirv_tools_wrapper.cc
Windows Debug and Release	Build pinned shader libraries (Debug and Release, two jobs)	2026-10-01T13:01:59.6294013Z   version_profile.cc
Windows Debug and Release	Build pinned shader libraries (Debug and Release, two jobs)	2026-10-01T13:01:59.9424254Z   Generating Code...
Windows Debug and Release	Build pinned shader libraries (Debug and Release, two jobs)	2026-10-01T13:02:00.2145669Z   shaderc_util.vcxproj -> D:\a\Hazel\Hazel\build\dependencies\cmake\Debug-windows-x86_64\shaderc\libshaderc_util\Debug\shaderc_util.lib
Windows Debug and Release	Build pinned shader libraries (Debug and Release, two jobs)	2026-10-01T13:02:00.2565624Z   Building Custom Rule D:/a/Hazel/Hazel/build/dependencies/sources/shaderc/libshaderc/CMakeLists.txt
Windows Debug and Release	Build pinned shader libraries (Debug and Release, two jobs)	2026-10-01T13:02:00.3181875Z   shaderc.cc
Windows Debug and Release	Build pinned shader libraries (Debug and Release, two jobs)	2026-10-01T13:02:01.1599042Z   shaderc.vcxproj -> D:\a\Hazel\Hazel\build\dependencies\cmake\Debug-windows-x86_64\shaderc\libshaderc\Debug\shaderc.lib
Windows Debug and Release	Build pinned shader libraries (Debug and Release, two jobs)	2026-10-01T13:02:01.2033807Z   Generating Debug/shaderc_combined.lib
Windows Debug and Release	Build pinned shader libraries (Debug and Release, two jobs)	2026-10-01T13:02:03.5346989Z   Building Custom Rule D:/a/Hazel/Hazel/build/dependencies/sources/shaderc/libshaderc/CMakeLists.txt
Windows Debug and Release	Build pinned shader libraries (Debug and Release, two jobs)	2026-10-01T13:02:03.8273689Z + cmake -S D:\a\Hazel\Hazel\build\dependencies\sources\spirv-cross -B D:\a\Hazel\Hazel\build\dependencies\cmake\Debug-windows-x86_64\spirv-cross -G Visual Studio 17 2022 -A x64 -DCMAKE_BUILD_TYPE=Debug -DCMAKE_POSITION_INDEPENDENT_CODE=ON -DCMAKE_MSVC_RUNTIME_LIBRARY=MultiThreaded$<$<CONFIG:Debug>:Debug>DLL -DSPIRV_CROSS_CLI=OFF -DSPIRV_CROSS_ENABLE_TESTS=OFF -DSPIRV_CROSS_SKIP_INSTALL=ON
Windows Debug and Release	Build pinned shader libraries (Debug and Release, two jobs)	2026-10-01T13:02:03.8438872Z CMake Deprecation Warning at CMakeLists.txt:22 (cmake_minimum_required):
Windows Debug and Release	Build pinned shader libraries (Debug and Release, two jobs)	2026-10-01T13:02:03.8439682Z   Compatibility with CMake < 3.10 will be removed from a future version of
Windows Debug and Release	Build pinned shader libraries (Debug and Release, two jobs)	2026-10-01T13:02:03.8440002Z   CMake.
Windows Debug and Release	Build pinned shader libraries (Debug and Release, two jobs)	2026-10-01T13:02:03.8440128Z 
Windows Debug and Release	Build pinned shader libraries (Debug and Release, two jobs)	2026-10-01T13:02:03.8440309Z   Update the VERSION argument <min> value.  Or, use the <min>...<max> syntax
Windows Debug and Release	Build pinned shader libraries (Debug and Release, two jobs)	2026-10-01T13:02:03.8440701Z   to tell CMake that the project requires at least <min> but has been updated
Windows Debug and Release	Build pinned shader libraries (Debug and Release, two jobs)	2026-10-01T13:02:03.8441041Z   to work with policies introduced by <max> or earlier.
Windows Debug and Release	Build pinned shader libraries (Debug and Release, two jobs)	2026-10-01T13:02:03.8441239Z 
Windows Debug and Release	Build pinned shader libraries (Debug and Release, two jobs)	2026-10-01T13:02:03.8441242Z 
Windows Debug and Release	Build pinned shader libraries (Debug and Release, two jobs)	2026-10-01T13:02:03.8533654Z -- Selecting Windows SDK version 10.0.26100.0 to target Windows 10.0.20348.
Windows Debug and Release	Build pinned shader libraries (Debug and Release, two jobs)	2026-10-01T13:02:04.9870651Z -- The CXX compiler identification is MSVC 19.44.35229.0
Windows Debug and Release	Build pinned shader libraries (Debug and Release, two jobs)	2026-10-01T13:02:05.5360527Z -- The C compiler identification is MSVC 19.44.35229.0
Windows Debug and Release	Build pinned shader libraries (Debug and Release, two jobs)	2026-10-01T13:02:05.5563698Z -- Detecting CXX compiler ABI info
Windows Debug and Release	Build pinned shader libraries (Debug and Release, two jobs)	2026-10-01T13:02:06.5281845Z -- Detecting CXX compiler ABI info - done
Windows Debug and Release	Build pinned shader libraries (Debug and Release, two jobs)	2026-10-01T13:02:06.5401157Z -- Check for working CXX compiler: C:/Program Files/Microsoft Visual Studio/2022/Enterprise/VC/Tools/MSVC/14.44.35207/bin/Hostx64/x64/cl.exe - skipped
Windows Debug and Release	Build pinned shader libraries (Debug and Release, two jobs)	2026-10-01T13:02:06.5404384Z -- Detecting CXX compile features
Windows Debug and Release	Build pinned shader libraries (Debug and Release, two jobs)	2026-10-01T13:02:06.5411519Z -- Detecting CXX compile features - done
Windows Debug and Release	Build pinned shader libraries (Debug and Release, two jobs)	2026-10-01T13:02:06.5469887Z -- Detecting C compiler ABI info
Windows Debug and Release	Build pinned shader libraries (Debug and Release, two jobs)	2026-10-01T13:02:07.3024396Z -- Detecting C compiler ABI info - done
Windows Debug and Release	Build pinned shader libraries (Debug and Release, two jobs)	2026-10-01T13:02:07.3147502Z -- Check for working C compiler: C:/Program Files/Microsoft Visual Studio/2022/Enterprise/VC/Tools/MSVC/14.44.35207/bin/Hostx64/x64/cl.exe - skipped
Windows Debug and Release	Build pinned shader libraries (Debug and Release, two jobs)	2026-10-01T13:02:07.3149998Z -- Detecting C compile features
Windows Debug and Release	Build pinned shader libraries (Debug and Release, two jobs)	2026-10-01T13:02:07.3155171Z -- Detecting C compile features - done
Windows Debug and Release	Build pinned shader libraries (Debug and Release, two jobs)	2026-10-01T13:02:07.3186939Z -- SPIRV-Cross: Finding Git version for SPIRV-Cross.
Windows Debug and Release	Build pinned shader libraries (Debug and Release, two jobs)	2026-10-01T13:02:07.3560349Z -- Found Git: C:/Program Files/Git/bin/git.exe (found version "2.55.0.windows.5")
Windows Debug and Release	Build pinned shader libraries (Debug and Release, two jobs)	2026-10-01T13:02:07.3738141Z -- SPIRV-Cross: Git hash: 2de1265
Windows Debug and Release	Build pinned shader libraries (Debug and Release, two jobs)	2026-10-01T13:02:07.3808377Z -- Configuring done (3.5s)
Windows Debug and Release	Build pinned shader libraries (Debug and Release, two jobs)	2026-10-01T13:02:07.4228723Z CMake Warning:
Windows Debug and Release	Build pinned shader libraries (Debug and Release, two jobs)	2026-10-01T13:02:07.4229111Z   Manually-specified variables were not used by the project:
Windows Debug and Release	Build pinned shader libraries (Debug and Release, two jobs)	2026-10-01T13:02:07.4229372Z 
Windows Debug and Release	Build pinned shader libraries (Debug and Release, two jobs)	2026-10-01T13:02:07.4229544Z     CMAKE_BUILD_TYPE
Windows Debug and Release	Build pinned shader libraries (Debug and Release, two jobs)	2026-10-01T13:02:07.4229726Z 
Windows Debug and Release	Build pinned shader libraries (Debug and Release, two jobs)	2026-10-01T13:02:07.4229734Z 
Windows Debug and Release	Build pinned shader libraries (Debug and Release, two jobs)	2026-10-01T13:02:07.4229884Z -- Generating done (0.0s)
Windows Debug and Release	Build pinned shader libraries (Debug and Release, two jobs)	2026-10-01T13:02:07.4238545Z -- Build files have been written to: D:/a/Hazel/Hazel/build/dependencies/cmake/Debug-windows-x86_64/spirv-cross
Windows Debug and Release	Build pinned shader libraries (Debug and Release, two jobs)	2026-10-01T13:02:07.4308552Z + cmake --build D:\a\Hazel\Hazel\build\dependencies\cmake\Debug-windows-x86_64\spirv-cross --config Debug --target spirv-cross-glsl --parallel 2
Windows Debug and Release	Build pinned shader libraries (Debug and Release, two jobs)	2026-10-01T13:02:07.5011990Z MSBuild version 17.14.60+43b635718 for .NET Framework
Windows Debug and Release	Build pinned shader libraries (Debug and Release, two jobs)	2026-10-01T13:02:07.5243729Z 
Windows Debug and Release	Build pinned shader libraries (Debug and Release, two jobs)	2026-10-01T13:02:07.7588592Z   1>Checking Build System
Windows Debug and Release	Build pinned shader libraries (Debug and Release, two jobs)	2026-10-01T13:02:07.8796075Z   Building Custom Rule D:/a/Hazel/Hazel/build/dependencies/sources/spirv-cross/CMakeLists.txt
Windows Debug and Release	Build pinned shader libraries (Debug and Release, two jobs)	2026-10-01T13:02:07.9787843Z   spirv_cross.cpp
Windows Debug and Release	Build pinned shader libraries (Debug and Release, two jobs)	2026-10-01T13:02:08.8074604Z   spirv_parser.cpp
Windows Debug and Release	Build pinned shader libraries (Debug and Release, two jobs)	2026-10-01T13:02:09.3635510Z   spirv_cross_parsed_ir.cpp
Windows Debug and Release	Build pinned shader libraries (Debug and Release, two jobs)	2026-10-01T13:02:09.9276495Z   spirv_cfg.cpp
Windows Debug and Release	Build pinned shader libraries (Debug and Release, two jobs)	2026-10-01T13:02:10.5029067Z   Generating Code...
Windows Debug and Release	Build pinned shader libraries (Debug and Release, two jobs)	2026-10-01T13:02:11.1629677Z   spirv-cross-core.vcxproj -> D:\a\Hazel\Hazel\build\dependencies\cmake\Debug-windows-x86_64\spirv-cross\Debug\spirv-cross-cored.lib
Windows Debug and Release	Build pinned shader libraries (Debug and Release, two jobs)	2026-10-01T13:02:11.2093022Z   Building Custom Rule D:/a/Hazel/Hazel/build/dependencies/sources/spirv-cross/CMakeLists.txt
Windows Debug and Release	Build pinned shader libraries (Debug and Release, two jobs)	2026-10-01T13:02:11.2658194Z   spirv_glsl.cpp
Windows Debug and Release	Build pinned shader libraries (Debug and Release, two jobs)	2026-10-01T13:02:13.4430026Z   spirv-cross-glsl.vcxproj -> D:\a\Hazel\Hazel\build\dependencies\cmake\Debug-windows-x86_64\spirv-cross\Debug\spirv-cross-glsld.lib
Windows Debug and Release	Build pinned shader libraries (Debug and Release, two jobs)	2026-10-01T13:02:13.4722430Z Shader tool setup failed: Expected one spirv-cross-glsl.lib, found []
Windows Debug and Release	Build pinned shader libraries (Debug and Release, two jobs)	2026-10-01T13:02:13.5597402Z ##[error]Process completed with exit code 1.
Windows Debug and Release	Post Check out Hazel and its pinned submodules	﻿2026-10-01T13:02:13.5798157Z Post job cleanup.
Windows Debug and Release	Post Check out Hazel and its pinned submodules	2026-10-01T13:02:13.7555965Z [command]"C:\Program Files\Git\bin\git.exe" version
Windows Debug and Release	Post Check out Hazel and its pinned submodules	2026-10-01T13:02:13.7768972Z git version 2.55.0.windows.5
Windows Debug and Release	Post Check out Hazel and its pinned submodules	2026-10-01T13:02:13.7823778Z Temporarily overriding HOME='D:\a\_temp\40f13ee5-0bcf-4125-af47-1e28de6683bf' before making global git config changes
Windows Debug and Release	Post Check out Hazel and its pinned submodules	2026-10-01T13:02:13.7824799Z Adding repository directory to the temporary git global config as a safe directory
Windows Debug and Release	Post Check out Hazel and its pinned submodules	2026-10-01T13:02:13.7833186Z [command]"C:\Program Files\Git\bin\git.exe" config --global --add safe.directory D:\a\Hazel\Hazel
Windows Debug and Release	Post Check out Hazel and its pinned submodules	2026-10-01T13:02:13.8038608Z [command]"C:\Program Files\Git\bin\git.exe" config --local --name-only --get-regexp core\.sshCommand
Windows Debug and Release	Post Check out Hazel and its pinned submodules	2026-10-01T13:02:13.8247424Z [command]"C:\Program Files\Git\bin\git.exe" submodule foreach --recursive "sh -c \"git config --local --name-only --get-regexp 'core\.sshCommand' && git config --local --unset-all 'core.sshCommand' || :\""
Windows Debug and Release	Post Check out Hazel and its pinned submodules	2026-10-01T13:02:14.1980450Z Entering 'Hazel/vendor/GLFW'
Windows Debug and Release	Post Check out Hazel and its pinned submodules	2026-10-01T13:02:14.2513826Z Entering 'Hazel/vendor/glm'
Windows Debug and Release	Post Check out Hazel and its pinned submodules	2026-10-01T13:02:14.3039995Z Entering 'Hazel/vendor/imgui'
Windows Debug and Release	Post Check out Hazel and its pinned submodules	2026-10-01T13:02:14.3571491Z Entering 'Hazel/vendor/spdlog'
Windows Debug and Release	Post Check out Hazel and its pinned submodules	2026-10-01T13:02:14.4153031Z [command]"C:\Program Files\Git\bin\git.exe" config --local --name-only --get-regexp http\.https\:\/\/github\.com\/\.extraheader
Windows Debug and Release	Post Check out Hazel and its pinned submodules	2026-10-01T13:02:14.4307745Z http.https://github.com/.extraheader
Windows Debug and Release	Post Check out Hazel and its pinned submodules	2026-10-01T13:02:14.4338313Z [command]"C:\Program Files\Git\bin\git.exe" config --local --unset-all http.https://github.com/.extraheader
Windows Debug and Release	Post Check out Hazel and its pinned submodules	2026-10-01T13:02:14.4524698Z [command]"C:\Program Files\Git\bin\git.exe" submodule foreach --recursive "sh -c \"git config --local --name-only --get-regexp 'http\.https\:\/\/github\.com\/\.extraheader' && git config --local --unset-all 'http.https://github.com/.extraheader' || :\""
Windows Debug and Release	Post Check out Hazel and its pinned submodules	2026-10-01T13:02:14.8233311Z Entering 'Hazel/vendor/GLFW'
Windows Debug and Release	Post Check out Hazel and its pinned submodules	2026-10-01T13:02:14.8651610Z http.https://github.com/.extraheader
Windows Debug and Release	Post Check out Hazel and its pinned submodules	2026-10-01T13:02:14.8942088Z Entering 'Hazel/vendor/glm'
Windows Debug and Release	Post Check out Hazel and its pinned submodules	2026-10-01T13:02:14.9348257Z http.https://github.com/.extraheader
Windows Debug and Release	Post Check out Hazel and its pinned submodules	2026-10-01T13:02:14.9635784Z Entering 'Hazel/vendor/imgui'
Windows Debug and Release	Post Check out Hazel and its pinned submodules	2026-10-01T13:02:15.0075574Z http.https://github.com/.extraheader
Windows Debug and Release	Post Check out Hazel and its pinned submodules	2026-10-01T13:02:15.0363037Z Entering 'Hazel/vendor/spdlog'
Windows Debug and Release	Post Check out Hazel and its pinned submodules	2026-10-01T13:02:15.0768682Z http.https://github.com/.extraheader
Windows Debug and Release	Post Check out Hazel and its pinned submodules	2026-10-01T13:02:15.1123759Z [command]"C:\Program Files\Git\bin\git.exe" config --local --name-only --get-regexp ^includeIf\.gitdir:
Windows Debug and Release	Post Check out Hazel and its pinned submodules	2026-10-01T13:02:15.1314248Z [command]"C:\Program Files\Git\bin\git.exe" submodule foreach --recursive "git config --local --show-origin --name-only --get-regexp remote.origin.url"
Windows Debug and Release	Post Check out Hazel and its pinned submodules	2026-10-01T13:02:15.5400558Z Entering 'Hazel/vendor/GLFW'
Windows Debug and Release	Post Check out Hazel and its pinned submodules	2026-10-01T13:02:15.5649938Z file:D:/a/Hazel/Hazel/.git/modules/Hazel/vendor/GLFW/config	remote.origin.url
Windows Debug and Release	Post Check out Hazel and its pinned submodules	2026-10-01T13:02:15.5775639Z Entering 'Hazel/vendor/glm'
Windows Debug and Release	Post Check out Hazel and its pinned submodules	2026-10-01T13:02:15.6028477Z file:D:/a/Hazel/Hazel/.git/modules/Hazel/vendor/glm/config	remote.origin.url
Windows Debug and Release	Post Check out Hazel and its pinned submodules	2026-10-01T13:02:15.6156486Z Entering 'Hazel/vendor/imgui'
Windows Debug and Release	Post Check out Hazel and its pinned submodules	2026-10-01T13:02:15.6403245Z file:D:/a/Hazel/Hazel/.git/modules/Hazel/vendor/imgui/config	remote.origin.url
Windows Debug and Release	Post Check out Hazel and its pinned submodules	2026-10-01T13:02:15.6526145Z Entering 'Hazel/vendor/spdlog'
Windows Debug and Release	Post Check out Hazel and its pinned submodules	2026-10-01T13:02:15.6769415Z file:D:/a/Hazel/Hazel/.git/modules/Hazel/vendor/spdlog/config	remote.origin.url
Windows Debug and Release	Post Check out Hazel and its pinned submodules	2026-10-01T13:02:15.6961940Z [command]"C:\Program Files\Git\bin\git.exe" config --file D:/a/Hazel/Hazel/.git/modules/Hazel/vendor/GLFW/config --name-only --get-regexp ^includeIf\.gitdir:
Windows Debug and Release	Post Check out Hazel and its pinned submodules	2026-10-01T13:02:15.7166282Z [command]"C:\Program Files\Git\bin\git.exe" config --file D:/a/Hazel/Hazel/.git/modules/Hazel/vendor/glm/config --name-only --get-regexp ^includeIf\.gitdir:
Windows Debug and Release	Post Check out Hazel and its pinned submodules	2026-10-01T13:02:15.7363512Z [command]"C:\Program Files\Git\bin\git.exe" config --file D:/a/Hazel/Hazel/.git/modules/Hazel/vendor/imgui/config --name-only --get-regexp ^includeIf\.gitdir:
Windows Debug and Release	Post Check out Hazel and its pinned submodules	2026-10-01T13:02:15.7557381Z [command]"C:\Program Files\Git\bin\git.exe" config --file D:/a/Hazel/Hazel/.git/modules/Hazel/vendor/spdlog/config --name-only --get-regexp ^includeIf\.gitdir:
Windows Debug and Release	Complete job	﻿2026-10-01T13:02:15.7928743Z Cleaning up orphan processes
Windows Debug and Release	Complete job	2026-10-01T13:02:15.8237601Z Terminate orphan process: pid (5804) (vctip)
Windows Debug and Release	Complete job	2026-10-01T13:02:15.8368142Z Terminate orphan process: pid (5908) (mspdbsrv)
Windows Debug and Release	Complete job	2026-10-01T13:02:15.8404683Z Terminate orphan process: pid (7576) (MSBuild)
Windows Debug and Release	Complete job	2026-10-01T13:02:15.8502480Z Terminate orphan process: pid (6208) (conhost)
Windows Debug and Release	Complete job	2026-10-01T13:02:15.8762616Z ##[warning]Node.js 20 is deprecated. The following actions target Node.js 20 but are being forced to run on Node.js 24: actions/cache@v4, actions/checkout@v4, microsoft/setup-msbuild@v2. For more information see: https://github.blog/changelog/2025-09-19-deprecation-of-node-20-on-github-actions-runners/
